station_id,timestamp,fault_type,affected_parameter,severity
AWS-IND-MH-001,2026-08-23 00:00:00+00:00,none,none,0.0
AWS-IND-MH-001,2026-08-23 00:05:00+00:00,none,none,0.0
AWS-IND-MH-001,2026-08-23 00:10:00+00:00,none,none,0.0
AWS-IND-MH-001,2026-08-23 00:15:00+00:00,none,none,0.0
AWS-IND-MH-001,2026-08-23 00:20:00+00:00,none,none,0.0
AWS-IND-MH-001,2026-08-23 00:25:00+00:00,none,none,0.0
AWS-IND-MH-001,2026-08-23 00:30:00+00:00,none,none,0.0
AWS-IND-MH-001,2026-08-23 00:35:00+00:00,none,none,0.0
AWS-IND-MH-001,2026-08-23 00:40:00+00:00,none,none,0.0
AWS-IND-MH-001,2026-08-23 00:45:00+00:00,none,none,0.0
AWS-IND-MH-001,2026-08-23 00:50:00+00:00,none,none,0.0
AWS-IND-MH-001,2026-08-23 00:55:00+00:00,none,none,0.0
AWS-IND-MH-001,2026-08-23 01:00:00+00:00,none,none,0.0
AWS-IND-MH-001,2026-08-23 01:05:00+00:00,none,none,0.0
AWS-IND-MH-001,2026-08-23 01:10:00+00:00,none,none,0.0
AWS-IND-MH-001,2026-08-23 01:15:00+00:00,none,none,0.0
AWS-IND-MH-001,2026-08-23 01:20:00+00:00,none,none,0.0
AWS-IND-MH-001,2026-08-23 01:25:00+00:00,none,none,0.0
AWS-IND-MH-001,2026-08-23 01:30:00+00:00,none,none,0.0
AWS-IND-MH-001,2026-08-23 01:35:00+00:00,none,none,0.0
AWS-IND-MH-001,2026-08-23 01:40:00+00:00,none,none,0.0
AWS-IND-MH-001,2026-08-23 01:45:00+00:00,none,none,0.0
AWS-IND-MH-001,2026-08-23 01:50:00+00:00,none,none,0.0
AWS-IND-MH-001,2026-08-23 01:55:00+00:00,none,none,0.0
AWS-IND-MH-001,2026-08-23 02:00:00+00:00,none,none,0.0
AWS-IND-MH-001,2026-08-23 02:05:00+00:00,none,none,0.0
AWS-IND-MH-001,2026-08-23 02:10:00+00:00,none,none,0.0
AWS-IND-MH-001,2026-08-23 02:15:00+00:00,none,none,0.0
AWS-IND-MH-001,2026-08-23 02:20:00+00:00,none,none,0.0
AWS-IND-MH-001,2026-08-23 02:25:00+00:00,none,none,0.0
AWS-IND-MH-001,2026-08-23 02:30:00+00:00,none,none,0.0
AWS-IND-MH-001,2026-08-23 02:35:00+00:00,none,none,0.0
AWS-IND-MH-001,2026-08-23 02:40:00+00:00,none,none,0.0
AWS-IND-MH-001,2026-08-23 02:45:00+00:00,none,none,0.0
AWS-IND-MH-001,2026-08-23 02:50:00+00:00,none,none,0.0
AWS-IND-MH-001,2026-08-23 02:55:00+00:00,none,none,0.0
AWS-IND-MH-001,2026-08-23 03:00:00+00:00,none,none,0.0
AWS-IND-MH-001,2026-08-23 03:05:00+00:00,none,none,0.0
AWS-IND-MH-001,2026-08-23 03:10:00+00:00,none,none,0.0
AWS-IND-MH-001,2026-08-23 03:15:00+00:00,none,none,0.0
AWS-IND-MH-001,2026-08-23 03:20:00+00:00,none,none,0.0
AWS-IND-MH-001,2026-08-23 03:25:00+00:00,none,none,0.0
AWS-IND-MH-001,2026-08-23 03:30:00+00:00,none,none,0.0
AWS-IND-MH-001,2026-08-23 03:35:00+00:00,none,none,0.0
AWS-IND-MH-001,2026-08-23 03:40:00+00:00,none,none,0.0
AWS-IND-MH-001,2026-08-23 03:45:00+00:00,none,none,0.0
AWS-IND-MH-001,2026-08-23 03:50:00+00:00,none,none,0.0
AWS-IND-MH-001,2026-08-23 03:55:00+00:00,none,none,0.0
AWS-IND-MH-001,2026-08-23 04:00:00+00:00,none,none,0.0
AWS-IND-MH-001,2026-08-23 04:05:00+00:00,none,none,0.0
AWS-IND-MH-001,2026-08-23 04:10:00+00:00,none,none,0.0
AWS-IND-MH-001,2026-08-23 04:15:00+00:00,none,none,0.0
AWS-IND-MH-001,2026-08-23 04:20:00+00:00,none,none,0.0
AWS-IND-MH-001,2026-08-23 04:25:00+00:00,none,none,0.0
AWS-IND-MH-001,2026-08-23 04:30:00+00:00,none,none,0.0
AWS-IND-MH-001,2026-08-23 04:35:00+00:00,none,none,0.0
AWS-IND-MH-001,2026-08-23 04:40:00+00:00,none,none,0.0
AWS-IND-MH-001,2026-08-23 04:45:00+00:00,none,none,0.0
AWS-IND-MH-001,2026-08-23 04:50:00+00:00,none,none,0.0
AWS-IND-MH-001,2026-08-23 04:55:00+00:00,none,none,0.0
AWS-IND-MH-001,2026-08-23 05:00:00+00:00,none,none,0.0
AWS-IND-MH-001,2026-08-23 05:05:00+00:00,none,none,0.0
AWS-IND-MH-001,2026-08-23 05:10:00+00:00,none,none,0.0
AWS-IND-MH-001,2026-08-23 05:15:00+00:00,none,none,0.0
AWS-IND-MH-001,2026-08-23 05:20:00+00:00,none,none,0.0
AWS-IND-MH-001,2026-08-23 05:25:00+00:00,none,none,0.0
AWS-IND-MH-001,2026-08-23 05:30:00+00:00,none,none,0.0
AWS-IND-MH-001,2026-08-23 05:35:00+00:00,none,none,0.0
AWS-IND-MH-001,2026-08-23 05:40:00+00:00,none,none,0.0
AWS-IND-MH-001,2026-08-23 05:45:00+00:00,none,none,0.0
AWS-IND-MH-001,2026-08-23 05:50:00+00:00,none,none,0.0
AWS-IND-MH-001,2026-08-23 05:55:00+00:00,none,none,0.0
AWS-IND-MH-001,2026-08-23 06:00:00+00:00,none,none,0.0
AWS-IND-MH-001,2026-08-23 06:05:00+00:00,none,none,0.0
AWS-IND-MH-001,2026-08-23 06:10:00+00:00,none,none,0.0
AWS-IND-MH-001,2026-08-23 06:15:00+00:00,none,none,0.0
AWS-IND-MH-001,2026-08-23 06:20:00+00:00,none,none,0.0
AWS-IND-MH-001,2026-08-23 06:25:00+00:00,none,none,0.0
AWS-IND-MH-001,2026-08-23 06:30:00+00:00,none,none,0.0
AWS-IND-MH-001,2026-08-23 06:35:00+00:00,none,none,0.0
AWS-IND-MH-001,2026-08-23 06:40:00+00:00,none,none,0.0
AWS-IND-MH-001,2026-08-23 06:45:00+00:00,none,none,0.0
AWS-IND-MH-001,2026-08-23 06:50:00+00:00,none,none,0.0
AWS-IND-MH-001,2026-08-23 06:55:00+00:00,none,none,0.0
AWS-IND-MH-001,2026-08-23 07:00:00+00:00,none,none,0.0
AWS-IND-MH-001,2026-08-23 07:05:00+00:00,none,none,0.0
AWS-IND-MH-001,2026-08-23 07:10:00+00:00,none,none,0.0
AWS-IND-MH-001,2026-08-23 07:15:00+00:00,none,none,0.0
AWS-IND-MH-001,2026-08-23 07:20:00+00:00,none,none,0.0
AWS-IND-MH-001,2026-08-23 07:25:00+00:00,none,none,0.0
AWS-IND-MH-001,2026-08-23 07:30:00+00:00,none,none,0.0
AWS-IND-MH-001,2026-08-23 07:35:00+00:00,none,none,0.0
AWS-IND-MH-001,2026-08-23 07:40:00+00:00,none,none,0.0
AWS-IND-MH-001,2026-08-23 07:45:00+00:00,none,none,0.0
AWS-IND-MH-001,2026-08-23 07:50:00+00:00,none,none,0.0
AWS-IND-MH-001,2026-08-23 07:55:00+00:00,none,none,0.0
AWS-IND-MH-001,2026-08-23 08:00:00+00:00,none,none,0.0
AWS-IND-MH-001,2026-08-23 08:05:00+00:00,none,none,0.0
AWS-IND-MH-001,2026-08-23 08:10:00+00:00,none,none,0.0
AWS-IND-MH-001,2026-08-23 08:15:00+00:00,none,none,0.0
AWS-IND-MH-001,2026-08-23 08:20:00+00:00,none,none,0.0
AWS-IND-MH-001,2026-08-23 08:25:00+00:00,none,none,0.0
AWS-IND-MH-001,2026-08-23 08:30:00+00:00,none,none,0.0
AWS-IND-MH-001,2026-08-23 08:35:00+00:00,none,none,0.0
AWS-IND-MH-001,2026-08-23 08:40:00+00:00,none,none,0.0
AWS-IND-MH-001,2026-08-23 08:45:00+00:00,none,none,0.0
AWS-IND-MH-001,2026-08-23 08:50:00+00:00,none,none,0.0
AWS-IND-MH-001,2026-08-23 08:55:00+00:00,none,none,0.0
AWS-IND-MH-001,2026-08-23 09:00:00+00:00,none,none,0.0
AWS-IND-MH-001,2026-08-23 09:05:00+00:00,none,none,0.0
AWS-IND-MH-001,2026-08-23 09:10:00+00:00,none,none,0.0
AWS-IND-MH-001,2026-08-23 09:15:00+00:00,none,none,0.0
AWS-IND-MH-001,2026-08-23 09:20:00+00:00,none,none,0.0
AWS-IND-MH-001,2026-08-23 09:25:00+00:00,none,none,0.0
AWS-IND-MH-001,2026-08-23 09:30:00+00:00,none,none,0.0
AWS-IND-MH-001,2026-08-23 09:35:00+00:00,none,none,0.0
AWS-IND-MH-001,2026-08-23 09:40:00+00:00,none,none,0.0
AWS-IND-MH-001,2026-08-23 09:45:00+00:00,none,none,0.0
AWS-IND-MH-001,2026-08-23 09:50:00+00:00,none,none,0.0
AWS-IND-MH-001,2026-08-23 09:55:00+00:00,none,none,0.0
AWS-IND-MH-001,2026-08-23 10:00:00+00:00,none,none,0.0
AWS-IND-MH-001,2026-08-23 10:05:00+00:00,none,none,0.0
AWS-IND-MH-001,2026-08-23 10:10:00+00:00,none,none,0.0
AWS-IND-MH-001,2026-08-23 10:15:00+00:00,none,none,0.0
AWS-IND-MH-001,2026-08-23 10:20:00+00:00,none,none,0.0
AWS-IND-MH-001,2026-08-23 10:25:00+00:00,none,none,0.0
AWS-IND-MH-001,2026-08-23 10:30:00+00:00,none,none,0.0
AWS-IND-MH-001,2026-08-23 10:35:00+00:00,none,none,0.0
AWS-IND-MH-001,2026-08-23 10:40:00+00:00,none,none,0.0
AWS-IND-MH-001,2026-08-23 10:45:00+00:00,none,none,0.0
AWS-IND-MH-001,2026-08-23 10:50:00+00:00,none,none,0.0
AWS-IND-MH-001,2026-08-23 10:55:00+00:00,none,none,0.0
AWS-IND-MH-001,2026-08-23 11:00:00+00:00,none,none,0.0
AWS-IND-MH-001,2026-08-23 11:05:00+00:00,none,none,0.0
AWS-IND-MH-001,2026-08-23 11:10:00+00:00,none,none,0.0
AWS-IND-MH-001,2026-08-23 11:15:00+00:00,none,none,0.0
AWS-IND-MH-001,2026-08-23 11:20:00+00:00,none,none,0.0
AWS-IND-MH-001,2026-08-23 11:25:00+00:00,none,none,0.0
AWS-IND-MH-001,2026-08-23 11:30:00+00:00,none,none,0.0
AWS-IND-MH-001,2026-08-23 11:35:00+00:00,none,none,0.0
AWS-IND-MH-001,2026-08-23 11:40:00+00:00,none,none,0.0
AWS-IND-MH-001,2026-08-23 11:45:00+00:00,none,none,0.0
AWS-IND-MH-001,2026-08-23 11:50:00+00:00,none,none,0.0
AWS-IND-MH-001,2026-08-23 11:55:00+00:00,none,none,0.0
AWS-IND-MH-001,2026-08-23 12:00:00+00:00,none,none,0.0
AWS-IND-MH-001,2026-08-23 12:05:00+00:00,spike,pressure_hpa,-42.828403104638625
AWS-IND-MH-001,2026-08-23 12:10:00+00:00,spike,pressure_hpa,-42.828403104638625
AWS-IND-MH-001,2026-08-23 12:15:00+00:00,none,none,0.0
AWS-IND-MH-001,2026-08-23 12:20:00+00:00,none,none,0.0
AWS-IND-MH-001,2026-08-23 12:25:00+00:00,none,none,0.0
AWS-IND-MH-001,2026-08-23 12:30:00+00:00,none,none,0.0
AWS-IND-MH-001,2026-08-23 12:35:00+00:00,none,none,0.0
AWS-IND-MH-001,2026-08-23 12:40:00+00:00,none,none,0.0
AWS-IND-MH-001,2026-08-23 12:45:00+00:00,none,none,0.0
AWS-IND-MH-001,2026-08-23 12:50:00+00:00,none,none,0.0
AWS-IND-MH-001,2026-08-23 12:55:00+00:00,none,none,0.0
AWS-IND-MH-001,2026-08-23 13:00:00+00:00,spike,humidity_pct,-35.68279754059416
AWS-IND-MH-001,2026-08-23 13:05:00+00:00,spike,humidity_pct,-35.68279754059416
AWS-IND-MH-001,2026-08-23 13:10:00+00:00,spike,humidity_pct,-35.68279754059416
AWS-IND-MH-001,2026-08-23 13:15:00+00:00,none,none,0.0
AWS-IND-MH-001,2026-08-23 13:20:00+00:00,none,none,0.0
AWS-IND-MH-001,2026-08-23 13:25:00+00:00,none,none,0.0
AWS-IND-MH-001,2026-08-23 13:30:00+00:00,none,none,0.0
AWS-IND-MH-001,2026-08-23 13:35:00+00:00,none,none,0.0
AWS-IND-MH-001,2026-08-23 13:40:00+00:00,none,none,0.0
AWS-IND-MH-001,2026-08-23 13:45:00+00:00,none,none,0.0
AWS-IND-MH-001,2026-08-23 13:50:00+00:00,none,none,0.0
AWS-IND-MH-001,2026-08-23 13:55:00+00:00,none,none,0.0
AWS-IND-MH-001,2026-08-23 14:00:00+00:00,none,none,0.0
AWS-IND-MH-001,2026-08-23 14:05:00+00:00,none,none,0.0
AWS-IND-MH-001,2026-08-23 14:10:00+00:00,none,none,0.0
AWS-IND-MH-001,2026-08-23 14:15:00+00:00,none,none,0.0
AWS-IND-MH-001,2026-08-23 14:20:00+00:00,none,none,0.0
AWS-IND-MH-001,2026-08-23 14:25:00+00:00,spike,temperature_c,-13.065385667286888
AWS-IND-MH-001,2026-08-23 14:30:00+00:00,spike,temperature_c,-13.065385667286888
AWS-IND-MH-001,2026-08-23 14:35:00+00:00,none,none,0.0
AWS-IND-MH-001,2026-08-23 14:40:00+00:00,none,none,0.0
AWS-IND-MH-001,2026-08-23 14:45:00+00:00,none,none,0.0
AWS-IND-MH-001,2026-08-23 14:50:00+00:00,none,none,0.0
AWS-IND-MH-001,2026-08-23 14:55:00+00:00,none,none,0.0
AWS-IND-MH-001,2026-08-23 15:00:00+00:00,none,none,0.0
AWS-IND-MH-001,2026-08-23 15:05:00+00:00,none,none,0.0
AWS-IND-MH-001,2026-08-23 15:10:00+00:00,none,none,0.0
AWS-IND-MH-001,2026-08-23 15:15:00+00:00,none,none,0.0
AWS-IND-MH-001,2026-08-23 15:20:00+00:00,none,none,0.0
AWS-IND-MH-001,2026-08-23 15:25:00+00:00,none,none,0.0
AWS-IND-MH-001,2026-08-23 15:30:00+00:00,none,none,0.0
AWS-IND-MH-001,2026-08-23 15:35:00+00:00,none,none,0.0
AWS-IND-MH-001,2026-08-23 15:40:00+00:00,none,none,0.0
AWS-IND-MH-001,2026-08-23 15:45:00+00:00,none,none,0.0
AWS-IND-MH-001,2026-08-23 15:50:00+00:00,none,none,0.0
AWS-IND-MH-001,2026-08-23 15:55:00+00:00,none,none,0.0
AWS-IND-MH-001,2026-08-23 16:00:00+00:00,none,none,0.0
AWS-IND-MH-001,2026-08-23 16:05:00+00:00,none,none,0.0
AWS-IND-MH-001,2026-08-23 16:10:00+00:00,none,none,0.0
AWS-IND-MH-001,2026-08-23 16:15:00+00:00,none,none,0.0
AWS-IND-MH-001,2026-08-23 16:20:00+00:00,none,none,0.0
AWS-IND-MH-001,2026-08-23 16:25:00+00:00,none,none,0.0
AWS-IND-MH-001,2026-08-23 16:30:00+00:00,none,none,0.0
AWS-IND-MH-001,2026-08-23 16:35:00+00:00,none,none,0.0
AWS-IND-MH-001,2026-08-23 16:40:00+00:00,none,none,0.0
AWS-IND-MH-001,2026-08-23 16:45:00+00:00,none,none,0.0
AWS-IND-MH-001,2026-08-23 16:50:00+00:00,none,none,0.0
AWS-IND-MH-001,2026-08-23 16:55:00+00:00,none,none,0.0
AWS-IND-MH-001,2026-08-23 17:00:00+00:00,none,none,0.0
AWS-IND-MH-001,2026-08-23 17:05:00+00:00,none,none,0.0
AWS-IND-MH-001,2026-08-23 17:10:00+00:00,none,none,0.0
AWS-IND-MH-001,2026-08-23 17:15:00+00:00,none,none,0.0
AWS-IND-MH-001,2026-08-23 17:20:00+00:00,none,none,0.0
AWS-IND-MH-001,2026-08-23 17:25:00+00:00,none,none,0.0
AWS-IND-MH-001,2026-08-23 17:30:00+00:00,none,none,0.0
AWS-IND-MH-001,2026-08-23 17:35:00+00:00,none,none,0.0
AWS-IND-MH-001,2026-08-23 17:40:00+00:00,none,none,0.0
AWS-IND-MH-001,2026-08-23 17:45:00+00:00,none,none,0.0
AWS-IND-MH-001,2026-08-23 17:50:00+00:00,none,none,0.0
AWS-IND-MH-001,2026-08-23 17:55:00+00:00,none,none,0.0
AWS-IND-MH-001,2026-08-23 18:00:00+00:00,none,none,0.0
AWS-IND-MH-001,2026-08-23 18:05:00+00:00,none,none,0.0
AWS-IND-MH-001,2026-08-23 18:10:00+00:00,none,none,0.0
AWS-IND-MH-001,2026-08-23 18:15:00+00:00,none,none,0.0
AWS-IND-MH-001,2026-08-23 18:20:00+00:00,none,none,0.0
AWS-IND-MH-001,2026-08-23 18:25:00+00:00,none,none,0.0
AWS-IND-MH-001,2026-08-23 18:30:00+00:00,none,none,0.0
AWS-IND-MH-001,2026-08-23 18:35:00+00:00,none,none,0.0
AWS-IND-MH-001,2026-08-23 18:40:00+00:00,none,none,0.0
AWS-IND-MH-001,2026-08-23 18:45:00+00:00,none,none,0.0
AWS-IND-MH-001,2026-08-23 18:50:00+00:00,none,none,0.0
AWS-IND-MH-001,2026-08-23 18:55:00+00:00,none,none,0.0
AWS-IND-MH-001,2026-08-23 19:00:00+00:00,none,none,0.0
AWS-IND-MH-001,2026-08-23 19:05:00+00:00,none,none,0.0
AWS-IND-MH-001,2026-08-23 19:10:00+00:00,none,none,0.0
AWS-IND-MH-001,2026-08-23 19:15:00+00:00,none,none,0.0
AWS-IND-MH-001,2026-08-23 19:20:00+00:00,none,none,0.0
AWS-IND-MH-001,2026-08-23 19:25:00+00:00,none,none,0.0
AWS-IND-MH-001,2026-08-23 19:30:00+00:00,none,none,0.0
AWS-IND-MH-001,2026-08-23 19:35:00+00:00,none,none,0.0
AWS-IND-MH-001,2026-08-23 19:40:00+00:00,none,none,0.0
AWS-IND-MH-001,2026-08-23 19:45:00+00:00,none,none,0.0
AWS-IND-MH-001,2026-08-23 19:50:00+00:00,none,none,0.0
AWS-IND-MH-001,2026-08-23 19:55:00+00:00,none,none,0.0
AWS-IND-MH-001,2026-08-23 20:00:00+00:00,none,none,0.0
AWS-IND-MH-001,2026-08-23 20:05:00+00:00,none,none,0.0
AWS-IND-MH-001,2026-08-23 20:10:00+00:00,none,none,0.0
AWS-IND-MH-001,2026-08-23 20:15:00+00:00,none,none,0.0
AWS-IND-MH-001,2026-08-23 20:20:00+00:00,none,none,0.0
AWS-IND-MH-001,2026-08-23 20:25:00+00:00,none,none,0.0
AWS-IND-MH-001,2026-08-23 20:30:00+00:00,none,none,0.0
AWS-IND-MH-001,2026-08-23 20:35:00+00:00,none,none,0.0
AWS-IND-MH-001,2026-08-23 20:40:00+00:00,none,none,0.0
AWS-IND-MH-001,2026-08-23 20:45:00+00:00,none,none,0.0
AWS-IND-MH-001,2026-08-23 20:50:00+00:00,none,none,0.0
AWS-IND-MH-001,2026-08-23 20:55:00+00:00,none,none,0.0
AWS-IND-MH-001,2026-08-23 21:00:00+00:00,none,none,0.0
AWS-IND-MH-001,2026-08-23 21:05:00+00:00,none,none,0.0
AWS-IND-MH-001,2026-08-23 21:10:00+00:00,none,none,0.0
AWS-IND-MH-001,2026-08-23 21:15:00+00:00,none,none,0.0
AWS-IND-MH-001,2026-08-23 21:20:00+00:00,none,none,0.0
AWS-IND-MH-001,2026-08-23 21:25:00+00:00,none,none,0.0
AWS-IND-MH-001,2026-08-23 21:30:00+00:00,none,none,0.0
AWS-IND-MH-001,2026-08-23 21:35:00+00:00,none,none,0.0
AWS-IND-MH-001,2026-08-23 21:40:00+00:00,none,none,0.0
AWS-IND-MH-001,2026-08-23 21:45:00+00:00,none,none,0.0
AWS-IND-MH-001,2026-08-23 21:50:00+00:00,none,none,0.0
AWS-IND-MH-001,2026-08-23 21:55:00+00:00,none,none,0.0
AWS-IND-MH-001,2026-08-23 22:00:00+00:00,none,none,0.0
AWS-IND-MH-001,2026-08-23 22:05:00+00:00,none,none,0.0
AWS-IND-MH-001,2026-08-23 22:10:00+00:00,none,none,0.0
AWS-IND-MH-001,2026-08-23 22:15:00+00:00,none,none,0.0
AWS-IND-MH-001,2026-08-23 22:20:00+00:00,none,none,0.0
AWS-IND-MH-001,2026-08-23 22:25:00+00:00,none,none,0.0
AWS-IND-MH-001,2026-08-23 22:30:00+00:00,none,none,0.0
AWS-IND-MH-001,2026-08-23 22:35:00+00:00,none,none,0.0
AWS-IND-MH-001,2026-08-23 22:40:00+00:00,none,none,0.0
AWS-IND-MH-001,2026-08-23 22:45:00+00:00,none,none,0.0
AWS-IND-MH-001,2026-08-23 22:50:00+00:00,none,none,0.0
AWS-IND-MH-001,2026-08-23 22:55:00+00:00,none,none,0.0
AWS-IND-MH-001,2026-08-23 23:00:00+00:00,none,none,0.0
AWS-IND-MH-001,2026-08-23 23:05:00+00:00,none,none,0.0
AWS-IND-MH-001,2026-08-23 23:10:00+00:00,none,none,0.0
AWS-IND-MH-001,2026-08-23 23:15:00+00:00,none,none,0.0
AWS-IND-MH-001,2026-08-23 23:20:00+00:00,none,none,0.0
AWS-IND-MH-001,2026-08-23 23:25:00+00:00,none,none,0.0
AWS-IND-MH-001,2026-08-23 23:30:00+00:00,none,none,0.0
AWS-IND-MH-001,2026-08-23 23:35:00+00:00,none,none,0.0
AWS-IND-MH-001,2026-08-23 23:40:00+00:00,none,none,0.0
AWS-IND-MH-001,2026-08-23 23:45:00+00:00,none,none,0.0
AWS-IND-MH-001,2026-08-23 23:50:00+00:00,none,none,0.0
AWS-IND-MH-001,2026-08-23 23:55:00+00:00,none,none,0.0
AWS-IND-MH-001,2026-08-24 00:00:00+00:00,none,none,0.0
AWS-IND-MH-001,2026-08-24 00:05:00+00:00,none,none,0.0
AWS-IND-MH-001,2026-08-24 00:10:00+00:00,none,none,0.0
AWS-IND-MH-001,2026-08-24 00:15:00+00:00,none,none,0.0
AWS-IND-MH-001,2026-08-24 00:20:00+00:00,none,none,0.0
AWS-IND-MH-001,2026-08-24 00:25:00+00:00,none,none,0.0
AWS-IND-MH-001,2026-08-24 00:30:00+00:00,none,none,0.0
AWS-IND-MH-001,2026-08-24 00:35:00+00:00,none,none,0.0
AWS-IND-MH-001,2026-08-24 00:40:00+00:00,none,none,0.0
AWS-IND-MH-001,2026-08-24 00:45:00+00:00,none,none,0.0
AWS-IND-MH-001,2026-08-24 00:50:00+00:00,none,none,0.0
AWS-IND-MH-001,2026-08-24 00:55:00+00:00,none,none,0.0
AWS-IND-MH-001,2026-08-24 01:00:00+00:00,none,none,0.0
AWS-IND-MH-001,2026-08-24 01:05:00+00:00,none,none,0.0
AWS-IND-MH-001,2026-08-24 01:10:00+00:00,none,none,0.0
AWS-IND-MH-001,2026-08-24 01:15:00+00:00,none,none,0.0
AWS-IND-MH-001,2026-08-24 01:20:00+00:00,none,none,0.0
AWS-IND-MH-001,2026-08-24 01:25:00+00:00,none,none,0.0
AWS-IND-MH-001,2026-08-24 01:30:00+00:00,none,none,0.0
AWS-IND-MH-001,2026-08-24 01:35:00+00:00,none,none,0.0
AWS-IND-MH-001,2026-08-24 01:40:00+00:00,none,none,0.0
AWS-IND-MH-001,2026-08-24 01:45:00+00:00,none,none,0.0
AWS-IND-MH-001,2026-08-24 01:50:00+00:00,none,none,0.0
AWS-IND-MH-001,2026-08-24 01:55:00+00:00,none,none,0.0
AWS-IND-MH-001,2026-08-24 02:00:00+00:00,none,none,0.0
AWS-IND-MH-001,2026-08-24 02:05:00+00:00,none,none,0.0
AWS-IND-MH-001,2026-08-24 02:10:00+00:00,none,none,0.0
AWS-IND-MH-001,2026-08-24 02:15:00+00:00,none,none,0.0
AWS-IND-MH-001,2026-08-24 02:20:00+00:00,none,none,0.0
AWS-IND-MH-001,2026-08-24 02:25:00+00:00,none,none,0.0
AWS-IND-MH-001,2026-08-24 02:30:00+00:00,none,none,0.0
AWS-IND-MH-001,2026-08-24 02:35:00+00:00,none,none,0.0
AWS-IND-MH-001,2026-08-24 02:40:00+00:00,none,none,0.0
AWS-IND-MH-001,2026-08-24 02:45:00+00:00,none,none,0.0
AWS-IND-MH-001,2026-08-24 02:50:00+00:00,none,none,0.0
AWS-IND-MH-001,2026-08-24 02:55:00+00:00,none,none,0.0
AWS-IND-MH-001,2026-08-24 03:00:00+00:00,none,none,0.0
AWS-IND-MH-001,2026-08-24 03:05:00+00:00,none,none,0.0
AWS-IND-MH-001,2026-08-24 03:10:00+00:00,none,none,0.0
AWS-IND-MH-001,2026-08-24 03:15:00+00:00,none,none,0.0
AWS-IND-MH-001,2026-08-24 03:20:00+00:00,none,none,0.0
AWS-IND-MH-001,2026-08-24 03:25:00+00:00,none,none,0.0
AWS-IND-MH-001,2026-08-24 03:30:00+00:00,none,none,0.0
AWS-IND-MH-001,2026-08-24 03:35:00+00:00,none,none,0.0
AWS-IND-MH-001,2026-08-24 03:40:00+00:00,none,none,0.0
AWS-IND-MH-001,2026-08-24 03:45:00+00:00,none,none,0.0
AWS-IND-MH-001,2026-08-24 03:50:00+00:00,none,none,0.0
AWS-IND-MH-001,2026-08-24 03:55:00+00:00,none,none,0.0
AWS-IND-MH-001,2026-08-24 04:00:00+00:00,none,none,0.0
AWS-IND-MH-001,2026-08-24 04:05:00+00:00,cross_sensor,multiple,7.168317457451856
AWS-IND-MH-001,2026-08-24 04:10:00+00:00,cross_sensor,multiple,7.168317457451856
AWS-IND-MH-001,2026-08-24 04:15:00+00:00,cross_sensor,multiple,7.168317457451856
AWS-IND-MH-001,2026-08-24 04:20:00+00:00,cross_sensor,multiple,7.168317457451856
AWS-IND-MH-001,2026-08-24 04:25:00+00:00,cross_sensor,multiple,7.168317457451856
AWS-IND-MH-001,2026-08-24 04:30:00+00:00,cross_sensor,multiple,7.168317457451856
AWS-IND-MH-001,2026-08-24 04:35:00+00:00,cross_sensor,multiple,7.168317457451856
AWS-IND-MH-001,2026-08-24 04:40:00+00:00,cross_sensor,multiple,7.168317457451856
AWS-IND-MH-001,2026-08-24 04:45:00+00:00,cross_sensor,multiple,7.168317457451856
AWS-IND-MH-001,2026-08-24 04:50:00+00:00,cross_sensor,multiple,7.168317457451856
AWS-IND-MH-001,2026-08-24 04:55:00+00:00,cross_sensor,multiple,7.168317457451856
AWS-IND-MH-001,2026-08-24 05:00:00+00:00,cross_sensor,multiple,7.168317457451856
AWS-IND-MH-001,2026-08-24 05:05:00+00:00,cross_sensor,multiple,7.168317457451856
AWS-IND-MH-001,2026-08-24 05:10:00+00:00,cross_sensor,multiple,7.168317457451856
AWS-IND-MH-001,2026-08-24 05:15:00+00:00,cross_sensor,multiple,7.168317457451856
AWS-IND-MH-001,2026-08-24 05:20:00+00:00,cross_sensor,multiple,7.168317457451856
AWS-IND-MH-001,2026-08-24 05:25:00+00:00,cross_sensor,multiple,7.168317457451856
AWS-IND-MH-001,2026-08-24 05:30:00+00:00,cross_sensor,multiple,7.168317457451856
AWS-IND-MH-001,2026-08-24 05:35:00+00:00,cross_sensor,multiple,7.168317457451856
AWS-IND-MH-001,2026-08-24 05:40:00+00:00,cross_sensor,multiple,7.168317457451856
AWS-IND-MH-001,2026-08-24 05:45:00+00:00,cross_sensor,multiple,7.168317457451856
AWS-IND-MH-001,2026-08-24 05:50:00+00:00,cross_sensor,multiple,7.168317457451856
AWS-IND-MH-001,2026-08-24 05:55:00+00:00,cross_sensor,multiple,7.168317457451856
AWS-IND-MH-001,2026-08-24 06:00:00+00:00,cross_sensor,multiple,7.168317457451856
AWS-IND-MH-001,2026-08-24 06:05:00+00:00,cross_sensor,multiple,7.168317457451856
AWS-IND-MH-001,2026-08-24 06:10:00+00:00,cross_sensor,multiple,7.168317457451856
AWS-IND-MH-001,2026-08-24 06:15:00+00:00,cross_sensor,multiple,7.168317457451856
AWS-IND-MH-001,2026-08-24 06:20:00+00:00,cross_sensor,multiple,7.168317457451856
AWS-IND-MH-001,2026-08-24 06:25:00+00:00,cross_sensor,multiple,7.168317457451856
AWS-IND-MH-001,2026-08-24 06:30:00+00:00,cross_sensor,multiple,7.168317457451856
AWS-IND-MH-001,2026-08-24 06:35:00+00:00,cross_sensor,multiple,7.168317457451856
AWS-IND-MH-001,2026-08-24 06:40:00+00:00,cross_sensor,multiple,7.168317457451856
AWS-IND-MH-001,2026-08-24 06:45:00+00:00,cross_sensor,multiple,7.168317457451856
AWS-IND-MH-001,2026-08-24 06:50:00+00:00,cross_sensor,multiple,7.168317457451856
AWS-IND-MH-001,2026-08-24 06:55:00+00:00,cross_sensor,multiple,7.168317457451856
AWS-IND-MH-001,2026-08-24 07:00:00+00:00,cross_sensor,multiple,7.168317457451856
AWS-IND-MH-001,2026-08-24 07:05:00+00:00,cross_sensor,multiple,7.168317457451856
AWS-IND-MH-001,2026-08-24 07:10:00+00:00,cross_sensor,multiple,7.168317457451856
AWS-IND-MH-001,2026-08-24 07:15:00+00:00,cross_sensor,multiple,7.168317457451856
AWS-IND-MH-001,2026-08-24 07:20:00+00:00,cross_sensor,multiple,7.168317457451856
AWS-IND-MH-001,2026-08-24 07:25:00+00:00,cross_sensor,multiple,7.168317457451856
AWS-IND-MH-001,2026-08-24 07:30:00+00:00,cross_sensor,multiple,7.168317457451856
AWS-IND-MH-001,2026-08-24 07:35:00+00:00,cross_sensor,multiple,7.168317457451856
AWS-IND-MH-001,2026-08-24 07:40:00+00:00,cross_sensor,multiple,7.168317457451856
AWS-IND-MH-001,2026-08-24 07:45:00+00:00,cross_sensor,multiple,7.168317457451856
AWS-IND-MH-001,2026-08-24 07:50:00+00:00,cross_sensor,multiple,7.168317457451856
AWS-IND-MH-001,2026-08-24 07:55:00+00:00,cross_sensor,multiple,7.168317457451856
AWS-IND-MH-001,2026-08-24 08:00:00+00:00,cross_sensor,multiple,7.168317457451856
AWS-IND-MH-001,2026-08-24 08:05:00+00:00,cross_sensor,multiple,7.168317457451856
AWS-IND-MH-001,2026-08-24 08:10:00+00:00,cross_sensor,multiple,7.168317457451856
AWS-IND-MH-001,2026-08-24 08:15:00+00:00,cross_sensor,multiple,7.168317457451856
AWS-IND-MH-001,2026-08-24 08:20:00+00:00,cross_sensor,multiple,7.168317457451856
AWS-IND-MH-001,2026-08-24 08:25:00+00:00,cross_sensor,multiple,7.168317457451856
AWS-IND-MH-001,2026-08-24 08:30:00+00:00,cross_sensor,multiple,7.168317457451856
AWS-IND-MH-001,2026-08-24 08:35:00+00:00,cross_sensor,multiple,7.168317457451856
AWS-IND-MH-001,2026-08-24 08:40:00+00:00,cross_sensor,multiple,7.168317457451856
AWS-IND-MH-001,2026-08-24 08:45:00+00:00,cross_sensor,multiple,7.168317457451856
AWS-IND-MH-001,2026-08-24 08:50:00+00:00,cross_sensor,multiple,7.168317457451856
AWS-IND-MH-001,2026-08-24 08:55:00+00:00,cross_sensor,multiple,7.168317457451856
AWS-IND-MH-001,2026-08-24 09:00:00+00:00,cross_sensor,multiple,7.168317457451856
AWS-IND-MH-001,2026-08-24 09:05:00+00:00,cross_sensor,multiple,7.168317457451856
AWS-IND-MH-001,2026-08-24 09:10:00+00:00,cross_sensor,multiple,7.168317457451856
AWS-IND-MH-001,2026-08-24 09:15:00+00:00,cross_sensor,multiple,7.168317457451856
AWS-IND-MH-001,2026-08-24 09:20:00+00:00,cross_sensor,multiple,7.168317457451856
AWS-IND-MH-001,2026-08-24 09:25:00+00:00,none,none,0.0
AWS-IND-MH-001,2026-08-24 09:30:00+00:00,none,none,0.0
AWS-IND-MH-001,2026-08-24 09:35:00+00:00,none,none,0.0
AWS-IND-MH-001,2026-08-24 09:40:00+00:00,none,none,0.0
AWS-IND-MH-001,2026-08-24 09:45:00+00:00,none,none,0.0
AWS-IND-MH-001,2026-08-24 09:50:00+00:00,none,none,0.0
AWS-IND-MH-001,2026-08-24 09:55:00+00:00,none,none,0.0
AWS-IND-MH-001,2026-08-24 10:00:00+00:00,none,none,0.0
AWS-IND-MH-001,2026-08-24 10:05:00+00:00,none,none,0.0
AWS-IND-MH-001,2026-08-24 10:10:00+00:00,none,none,0.0
AWS-IND-MH-001,2026-08-24 10:15:00+00:00,none,none,0.0
AWS-IND-MH-001,2026-08-24 10:20:00+00:00,none,none,0.0
AWS-IND-MH-001,2026-08-24 10:25:00+00:00,none,none,0.0
AWS-IND-MH-001,2026-08-24 10:30:00+00:00,none,none,0.0
AWS-IND-MH-001,2026-08-24 10:35:00+00:00,none,none,0.0
AWS-IND-MH-001,2026-08-24 10:40:00+00:00,none,none,0.0
AWS-IND-MH-001,2026-08-24 10:45:00+00:00,none,none,0.0
AWS-IND-MH-001,2026-08-24 10:50:00+00:00,none,none,0.0
AWS-IND-MH-001,2026-08-24 10:55:00+00:00,none,none,0.0
AWS-IND-MH-001,2026-08-24 11:00:00+00:00,none,none,0.0
AWS-IND-MH-001,2026-08-24 11:05:00+00:00,none,none,0.0
AWS-IND-MH-001,2026-08-24 11:10:00+00:00,none,none,0.0
AWS-IND-MH-001,2026-08-24 11:15:00+00:00,none,none,0.0
AWS-IND-MH-001,2026-08-24 11:20:00+00:00,none,none,0.0
AWS-IND-MH-001,2026-08-24 11:25:00+00:00,none,none,0.0
AWS-IND-MH-001,2026-08-24 11:30:00+00:00,none,none,0.0
AWS-IND-MH-001,2026-08-24 11:35:00+00:00,none,none,0.0
AWS-IND-MH-001,2026-08-24 11:40:00+00:00,none,none,0.0
AWS-IND-MH-001,2026-08-24 11:45:00+00:00,none,none,0.0
AWS-IND-MH-001,2026-08-24 11:50:00+00:00,none,none,0.0
AWS-IND-MH-001,2026-08-24 11:55:00+00:00,none,none,0.0
AWS-IND-MH-001,2026-08-24 12:00:00+00:00,none,none,0.0
AWS-IND-MH-001,2026-08-24 12:05:00+00:00,none,none,0.0
AWS-IND-MH-001,2026-08-24 12:10:00+00:00,none,none,0.0
AWS-IND-MH-001,2026-08-24 12:15:00+00:00,none,none,0.0
AWS-IND-MH-001,2026-08-24 12:20:00+00:00,none,none,0.0
AWS-IND-MH-001,2026-08-24 12:25:00+00:00,none,none,0.0
AWS-IND-MH-001,2026-08-24 12:30:00+00:00,none,none,0.0
AWS-IND-MH-001,2026-08-24 12:35:00+00:00,none,none,0.0
AWS-IND-MH-001,2026-08-24 12:40:00+00:00,none,none,0.0
AWS-IND-MH-001,2026-08-24 12:45:00+00:00,none,none,0.0
AWS-IND-MH-001,2026-08-24 12:50:00+00:00,none,none,0.0
AWS-IND-MH-001,2026-08-24 12:55:00+00:00,none,none,0.0
AWS-IND-MH-001,2026-08-24 13:00:00+00:00,none,none,0.0
AWS-IND-MH-001,2026-08-24 13:05:00+00:00,none,none,0.0
AWS-IND-MH-001,2026-08-24 13:10:00+00:00,none,none,0.0
AWS-IND-MH-001,2026-08-24 13:15:00+00:00,none,none,0.0
AWS-IND-MH-001,2026-08-24 13:20:00+00:00,none,none,0.0
AWS-IND-MH-001,2026-08-24 13:25:00+00:00,none,none,0.0
AWS-IND-MH-001,2026-08-24 13:30:00+00:00,none,none,0.0
AWS-IND-MH-001,2026-08-24 13:35:00+00:00,none,none,0.0
AWS-IND-MH-001,2026-08-24 13:40:00+00:00,none,none,0.0
AWS-IND-MH-001,2026-08-24 13:45:00+00:00,none,none,0.0
AWS-IND-MH-001,2026-08-24 13:50:00+00:00,none,none,0.0
AWS-IND-MH-001,2026-08-24 13:55:00+00:00,none,none,0.0
AWS-IND-MH-001,2026-08-24 14:00:00+00:00,none,none,0.0
AWS-IND-MH-001,2026-08-24 14:05:00+00:00,none,none,0.0
AWS-IND-MH-001,2026-08-24 14:10:00+00:00,none,none,0.0
AWS-IND-MH-001,2026-08-24 14:15:00+00:00,none,none,0.0
AWS-IND-MH-001,2026-08-24 14:20:00+00:00,none,none,0.0
AWS-IND-MH-001,2026-08-24 14:25:00+00:00,none,none,0.0
AWS-IND-MH-001,2026-08-24 14:30:00+00:00,none,none,0.0
AWS-IND-MH-001,2026-08-24 14:35:00+00:00,none,none,0.0
AWS-IND-MH-001,2026-08-24 14:40:00+00:00,none,none,0.0
AWS-IND-MH-001,2026-08-24 14:45:00+00:00,none,none,0.0
AWS-IND-MH-001,2026-08-24 14:50:00+00:00,none,none,0.0
AWS-IND-MH-001,2026-08-24 14:55:00+00:00,none,none,0.0
AWS-IND-MH-001,2026-08-24 15:00:00+00:00,none,none,0.0
AWS-IND-MH-001,2026-08-24 15:05:00+00:00,none,none,0.0
AWS-IND-MH-001,2026-08-24 15:10:00+00:00,none,none,0.0
AWS-IND-MH-001,2026-08-24 15:15:00+00:00,none,none,0.0
AWS-IND-MH-001,2026-08-24 15:20:00+00:00,none,none,0.0
AWS-IND-MH-001,2026-08-24 15:25:00+00:00,none,none,0.0
AWS-IND-MH-001,2026-08-24 15:30:00+00:00,none,none,0.0
AWS-IND-MH-001,2026-08-24 15:35:00+00:00,none,none,0.0
AWS-IND-MH-001,2026-08-24 15:40:00+00:00,none,none,0.0
AWS-IND-MH-001,2026-08-24 15:45:00+00:00,none,none,0.0
AWS-IND-MH-001,2026-08-24 15:50:00+00:00,none,none,0.0
AWS-IND-MH-001,2026-08-24 15:55:00+00:00,none,none,0.0
AWS-IND-MH-001,2026-08-24 16:00:00+00:00,none,none,0.0
AWS-IND-MH-001,2026-08-24 16:05:00+00:00,none,none,0.0
AWS-IND-MH-001,2026-08-24 16:10:00+00:00,none,none,0.0
AWS-IND-MH-001,2026-08-24 16:15:00+00:00,none,none,0.0
AWS-IND-MH-001,2026-08-24 16:20:00+00:00,none,none,0.0
AWS-IND-MH-001,2026-08-24 16:25:00+00:00,none,none,0.0
AWS-IND-MH-001,2026-08-24 16:30:00+00:00,none,none,0.0
AWS-IND-MH-001,2026-08-24 16:35:00+00:00,none,none,0.0
AWS-IND-MH-001,2026-08-24 16:40:00+00:00,none,none,0.0
AWS-IND-MH-001,2026-08-24 16:45:00+00:00,none,none,0.0
AWS-IND-MH-001,2026-08-24 16:50:00+00:00,none,none,0.0
AWS-IND-MH-001,2026-08-24 16:55:00+00:00,none,none,0.0
AWS-IND-MH-001,2026-08-24 17:00:00+00:00,none,none,0.0
AWS-IND-MH-001,2026-08-24 17:05:00+00:00,none,none,0.0
AWS-IND-MH-001,2026-08-24 17:10:00+00:00,none,none,0.0
AWS-IND-MH-001,2026-08-24 17:15:00+00:00,none,none,0.0
AWS-IND-MH-001,2026-08-24 17:20:00+00:00,none,none,0.0
AWS-IND-MH-001,2026-08-24 17:25:00+00:00,none,none,0.0
AWS-IND-MH-001,2026-08-24 17:30:00+00:00,none,none,0.0
AWS-IND-MH-001,2026-08-24 17:35:00+00:00,none,none,0.0
AWS-IND-MH-001,2026-08-24 17:40:00+00:00,none,none,0.0
AWS-IND-MH-001,2026-08-24 17:45:00+00:00,none,none,0.0
AWS-IND-MH-001,2026-08-24 17:50:00+00:00,none,none,0.0
AWS-IND-MH-001,2026-08-24 17:55:00+00:00,none,none,0.0
AWS-IND-MH-001,2026-08-24 18:00:00+00:00,none,none,0.0
AWS-IND-MH-001,2026-08-24 18:05:00+00:00,none,none,0.0
AWS-IND-MH-001,2026-08-24 18:10:00+00:00,none,none,0.0
AWS-IND-MH-001,2026-08-24 18:15:00+00:00,none,none,0.0
AWS-IND-MH-001,2026-08-24 18:20:00+00:00,none,none,0.0
AWS-IND-MH-001,2026-08-24 18:25:00+00:00,none,none,0.0
AWS-IND-MH-001,2026-08-24 18:30:00+00:00,none,none,0.0
AWS-IND-MH-001,2026-08-24 18:35:00+00:00,none,none,0.0
AWS-IND-MH-001,2026-08-24 18:40:00+00:00,none,none,0.0
AWS-IND-MH-001,2026-08-24 18:45:00+00:00,none,none,0.0
AWS-IND-MH-001,2026-08-24 18:50:00+00:00,none,none,0.0
AWS-IND-MH-001,2026-08-24 18:55:00+00:00,none,none,0.0
AWS-IND-MH-001,2026-08-24 19:00:00+00:00,none,none,0.0
AWS-IND-MH-001,2026-08-24 19:05:00+00:00,none,none,0.0
AWS-IND-MH-001,2026-08-24 19:10:00+00:00,none,none,0.0
AWS-IND-MH-001,2026-08-24 19:15:00+00:00,none,none,0.0
AWS-IND-MH-001,2026-08-24 19:20:00+00:00,none,none,0.0
AWS-IND-MH-001,2026-08-24 19:25:00+00:00,none,none,0.0
AWS-IND-MH-001,2026-08-24 19:30:00+00:00,none,none,0.0
AWS-IND-MH-001,2026-08-24 19:35:00+00:00,none,none,0.0
AWS-IND-MH-001,2026-08-24 19:40:00+00:00,none,none,0.0
AWS-IND-MH-001,2026-08-24 19:45:00+00:00,none,none,0.0
AWS-IND-MH-001,2026-08-24 19:50:00+00:00,none,none,0.0
AWS-IND-MH-001,2026-08-24 19:55:00+00:00,none,none,0.0
AWS-IND-MH-001,2026-08-24 20:00:00+00:00,none,none,0.0
AWS-IND-MH-001,2026-08-24 20:05:00+00:00,none,none,0.0
AWS-IND-MH-001,2026-08-24 20:10:00+00:00,none,none,0.0
AWS-IND-MH-001,2026-08-24 20:15:00+00:00,none,none,0.0
AWS-IND-MH-001,2026-08-24 20:20:00+00:00,none,none,0.0
AWS-IND-MH-001,2026-08-24 20:25:00+00:00,none,none,0.0
AWS-IND-MH-001,2026-08-24 20:30:00+00:00,none,none,0.0
AWS-IND-MH-001,2026-08-24 20:35:00+00:00,none,none,0.0
AWS-IND-MH-001,2026-08-24 20:40:00+00:00,none,none,0.0
AWS-IND-MH-001,2026-08-24 20:45:00+00:00,none,none,0.0
AWS-IND-MH-001,2026-08-24 20:50:00+00:00,none,none,0.0
AWS-IND-MH-001,2026-08-24 20:55:00+00:00,none,none,0.0
AWS-IND-MH-001,2026-08-24 21:00:00+00:00,none,none,0.0
AWS-IND-MH-001,2026-08-24 21:05:00+00:00,none,none,0.0
AWS-IND-MH-001,2026-08-24 21:10:00+00:00,none,none,0.0
AWS-IND-MH-001,2026-08-24 21:15:00+00:00,none,none,0.0
AWS-IND-MH-001,2026-08-24 21:20:00+00:00,none,none,0.0
AWS-IND-MH-001,2026-08-24 21:25:00+00:00,none,none,0.0
AWS-IND-MH-001,2026-08-24 21:30:00+00:00,none,none,0.0
AWS-IND-MH-001,2026-08-24 21:35:00+00:00,none,none,0.0
AWS-IND-MH-001,2026-08-24 21:40:00+00:00,none,none,0.0
AWS-IND-MH-001,2026-08-24 21:45:00+00:00,none,none,0.0
AWS-IND-MH-001,2026-08-24 21:50:00+00:00,none,none,0.0
AWS-IND-MH-001,2026-08-24 21:55:00+00:00,none,none,0.0
AWS-IND-MH-001,2026-08-24 22:00:00+00:00,none,none,0.0
AWS-IND-MH-001,2026-08-24 22:05:00+00:00,none,none,0.0
AWS-IND-MH-001,2026-08-24 22:10:00+00:00,none,none,0.0
AWS-IND-MH-001,2026-08-24 22:15:00+00:00,none,none,0.0
AWS-IND-MH-001,2026-08-24 22:20:00+00:00,none,none,0.0
AWS-IND-MH-001,2026-08-24 22:25:00+00:00,none,none,0.0
AWS-IND-MH-001,2026-08-24 22:30:00+00:00,none,none,0.0
AWS-IND-MH-001,2026-08-24 22:35:00+00:00,none,none,0.0
AWS-IND-MH-001,2026-08-24 22:40:00+00:00,none,none,0.0
AWS-IND-MH-001,2026-08-24 22:45:00+00:00,none,none,0.0
AWS-IND-MH-001,2026-08-24 22:50:00+00:00,none,none,0.0
AWS-IND-MH-001,2026-08-24 22:55:00+00:00,none,none,0.0
AWS-IND-MH-001,2026-08-24 23:00:00+00:00,none,none,0.0
AWS-IND-MH-001,2026-08-24 23:05:00+00:00,none,none,0.0
AWS-IND-MH-001,2026-08-24 23:10:00+00:00,none,none,0.0
AWS-IND-MH-001,2026-08-24 23:15:00+00:00,none,none,0.0
AWS-IND-MH-001,2026-08-24 23:20:00+00:00,none,none,0.0
AWS-IND-MH-001,2026-08-24 23:25:00+00:00,none,none,0.0
AWS-IND-MH-001,2026-08-24 23:30:00+00:00,none,none,0.0
AWS-IND-MH-001,2026-08-24 23:35:00+00:00,none,none,0.0
AWS-IND-MH-001,2026-08-24 23:40:00+00:00,none,none,0.0
AWS-IND-MH-001,2026-08-24 23:45:00+00:00,none,none,0.0
AWS-IND-MH-001,2026-08-24 23:50:00+00:00,none,none,0.0
AWS-IND-MH-001,2026-08-24 23:55:00+00:00,none,none,0.0
AWS-IND-MH-001,2026-08-25 00:00:00+00:00,none,none,0.0
AWS-IND-MH-001,2026-08-25 00:05:00+00:00,none,none,0.0
AWS-IND-MH-001,2026-08-25 00:10:00+00:00,none,none,0.0
AWS-IND-MH-001,2026-08-25 00:15:00+00:00,none,none,0.0
AWS-IND-MH-001,2026-08-25 00:20:00+00:00,none,none,0.0
AWS-IND-MH-001,2026-08-25 00:25:00+00:00,none,none,0.0
AWS-IND-MH-001,2026-08-25 00:30:00+00:00,none,none,0.0
AWS-IND-MH-001,2026-08-25 00:35:00+00:00,none,none,0.0
AWS-IND-MH-001,2026-08-25 00:40:00+00:00,none,none,0.0
AWS-IND-MH-001,2026-08-25 00:45:00+00:00,none,none,0.0
AWS-IND-MH-001,2026-08-25 00:50:00+00:00,none,none,0.0
AWS-IND-MH-001,2026-08-25 00:55:00+00:00,none,none,0.0
AWS-IND-MH-001,2026-08-25 01:00:00+00:00,none,none,0.0
AWS-IND-MH-001,2026-08-25 01:05:00+00:00,none,none,0.0
AWS-IND-MH-001,2026-08-25 01:10:00+00:00,none,none,0.0
AWS-IND-MH-001,2026-08-25 01:15:00+00:00,none,none,0.0
AWS-IND-MH-001,2026-08-25 01:20:00+00:00,none,none,0.0
AWS-IND-MH-001,2026-08-25 01:25:00+00:00,none,none,0.0
AWS-IND-MH-001,2026-08-25 01:30:00+00:00,none,none,0.0
AWS-IND-MH-001,2026-08-25 01:35:00+00:00,none,none,0.0
AWS-IND-MH-001,2026-08-25 01:40:00+00:00,none,none,0.0
AWS-IND-MH-001,2026-08-25 01:45:00+00:00,none,none,0.0
AWS-IND-MH-001,2026-08-25 01:50:00+00:00,none,none,0.0
AWS-IND-MH-001,2026-08-25 01:55:00+00:00,none,none,0.0
AWS-IND-MH-001,2026-08-25 02:00:00+00:00,none,none,0.0
AWS-IND-MH-001,2026-08-25 02:05:00+00:00,none,none,0.0
AWS-IND-MH-001,2026-08-25 02:10:00+00:00,none,none,0.0
AWS-IND-MH-001,2026-08-25 02:15:00+00:00,none,none,0.0
AWS-IND-MH-001,2026-08-25 02:20:00+00:00,none,none,0.0
AWS-IND-MH-001,2026-08-25 02:25:00+00:00,none,none,0.0
AWS-IND-MH-001,2026-08-25 02:30:00+00:00,none,none,0.0
AWS-IND-MH-001,2026-08-25 02:35:00+00:00,none,none,0.0
AWS-IND-MH-001,2026-08-25 02:40:00+00:00,none,none,0.0
AWS-IND-MH-001,2026-08-25 02:45:00+00:00,none,none,0.0
AWS-IND-MH-001,2026-08-25 02:50:00+00:00,none,none,0.0
AWS-IND-MH-001,2026-08-25 02:55:00+00:00,none,none,0.0
AWS-IND-MH-001,2026-08-25 03:00:00+00:00,none,none,0.0
AWS-IND-MH-001,2026-08-25 03:05:00+00:00,none,none,0.0
AWS-IND-MH-001,2026-08-25 03:10:00+00:00,none,none,0.0
AWS-IND-MH-001,2026-08-25 03:15:00+00:00,none,none,0.0
AWS-IND-MH-001,2026-08-25 03:20:00+00:00,none,none,0.0
AWS-IND-MH-001,2026-08-25 03:25:00+00:00,none,none,0.0
AWS-IND-MH-001,2026-08-25 03:30:00+00:00,none,none,0.0
AWS-IND-MH-001,2026-08-25 03:35:00+00:00,none,none,0.0
AWS-IND-MH-001,2026-08-25 03:40:00+00:00,none,none,0.0
AWS-IND-MH-001,2026-08-25 03:45:00+00:00,none,none,0.0
AWS-IND-MH-001,2026-08-25 03:50:00+00:00,none,none,0.0
AWS-IND-MH-001,2026-08-25 03:55:00+00:00,none,none,0.0
AWS-IND-MH-001,2026-08-25 04:00:00+00:00,none,none,0.0
AWS-IND-MH-001,2026-08-25 04:05:00+00:00,none,none,0.0
AWS-IND-MH-001,2026-08-25 04:10:00+00:00,none,none,0.0
AWS-IND-MH-001,2026-08-25 04:15:00+00:00,none,none,0.0
AWS-IND-MH-001,2026-08-25 04:20:00+00:00,none,none,0.0
AWS-IND-MH-001,2026-08-25 04:25:00+00:00,none,none,0.0
AWS-IND-MH-001,2026-08-25 04:30:00+00:00,none,none,0.0
AWS-IND-MH-001,2026-08-25 04:35:00+00:00,none,none,0.0
AWS-IND-MH-001,2026-08-25 04:40:00+00:00,none,none,0.0
AWS-IND-MH-001,2026-08-25 04:45:00+00:00,none,none,0.0
AWS-IND-MH-001,2026-08-25 04:50:00+00:00,none,none,0.0
AWS-IND-MH-001,2026-08-25 04:55:00+00:00,none,none,0.0
AWS-IND-MH-001,2026-08-25 05:00:00+00:00,none,none,0.0
AWS-IND-MH-001,2026-08-25 05:05:00+00:00,none,none,0.0
AWS-IND-MH-001,2026-08-25 05:10:00+00:00,none,none,0.0
AWS-IND-MH-001,2026-08-25 05:15:00+00:00,none,none,0.0
AWS-IND-MH-001,2026-08-25 05:20:00+00:00,none,none,0.0
AWS-IND-MH-001,2026-08-25 05:25:00+00:00,none,none,0.0
AWS-IND-MH-001,2026-08-25 05:30:00+00:00,none,none,0.0
AWS-IND-MH-001,2026-08-25 05:35:00+00:00,none,none,0.0
AWS-IND-MH-001,2026-08-25 05:40:00+00:00,none,none,0.0
AWS-IND-MH-001,2026-08-25 05:45:00+00:00,none,none,0.0
AWS-IND-MH-001,2026-08-25 05:50:00+00:00,none,none,0.0
AWS-IND-MH-001,2026-08-25 05:55:00+00:00,none,none,0.0
AWS-IND-MH-001,2026-08-25 06:00:00+00:00,none,none,0.0
AWS-IND-MH-001,2026-08-25 06:05:00+00:00,none,none,0.0
AWS-IND-MH-001,2026-08-25 06:10:00+00:00,none,none,0.0
AWS-IND-MH-001,2026-08-25 06:15:00+00:00,none,none,0.0
AWS-IND-MH-001,2026-08-25 06:20:00+00:00,none,none,0.0
AWS-IND-MH-001,2026-08-25 06:25:00+00:00,none,none,0.0
AWS-IND-MH-001,2026-08-25 06:30:00+00:00,spike,humidity_pct,-38.1087733058976
AWS-IND-MH-001,2026-08-25 06:35:00+00:00,spike,humidity_pct,-38.1087733058976
AWS-IND-MH-001,2026-08-25 06:40:00+00:00,spike,humidity_pct,-38.1087733058976
AWS-IND-MH-001,2026-08-25 06:45:00+00:00,none,none,0.0
AWS-IND-MH-001,2026-08-25 06:50:00+00:00,none,none,0.0
AWS-IND-MH-001,2026-08-25 06:55:00+00:00,none,none,0.0
AWS-IND-MH-001,2026-08-25 07:00:00+00:00,none,none,0.0
AWS-IND-MH-001,2026-08-25 07:05:00+00:00,none,none,0.0
AWS-IND-MH-001,2026-08-25 07:10:00+00:00,none,none,0.0
AWS-IND-MH-001,2026-08-25 07:15:00+00:00,none,none,0.0
AWS-IND-MH-001,2026-08-25 07:20:00+00:00,none,none,0.0
AWS-IND-MH-001,2026-08-25 07:25:00+00:00,none,none,0.0
AWS-IND-MH-001,2026-08-25 07:30:00+00:00,none,none,0.0
AWS-IND-MH-001,2026-08-25 07:35:00+00:00,none,none,0.0
AWS-IND-MH-001,2026-08-25 07:40:00+00:00,none,none,0.0
AWS-IND-MH-001,2026-08-25 07:45:00+00:00,none,none,0.0
AWS-IND-MH-001,2026-08-25 07:50:00+00:00,none,none,0.0
AWS-IND-MH-001,2026-08-25 07:55:00+00:00,none,none,0.0
AWS-IND-MH-001,2026-08-25 08:00:00+00:00,none,none,0.0
AWS-IND-MH-001,2026-08-25 08:05:00+00:00,none,none,0.0
AWS-IND-MH-001,2026-08-25 08:10:00+00:00,none,none,0.0
AWS-IND-MH-001,2026-08-25 08:15:00+00:00,none,none,0.0
AWS-IND-MH-001,2026-08-25 08:20:00+00:00,none,none,0.0
AWS-IND-MH-001,2026-08-25 08:25:00+00:00,none,none,0.0
AWS-IND-MH-001,2026-08-25 08:30:00+00:00,none,none,0.0
AWS-IND-MH-001,2026-08-25 08:35:00+00:00,none,none,0.0
AWS-IND-MH-001,2026-08-25 08:40:00+00:00,none,none,0.0
AWS-IND-MH-001,2026-08-25 08:45:00+00:00,none,none,0.0
AWS-IND-MH-001,2026-08-25 08:50:00+00:00,none,none,0.0
AWS-IND-MH-001,2026-08-25 08:55:00+00:00,none,none,0.0
AWS-IND-MH-001,2026-08-25 09:00:00+00:00,none,none,0.0
AWS-IND-MH-001,2026-08-25 09:05:00+00:00,none,none,0.0
AWS-IND-MH-001,2026-08-25 09:10:00+00:00,none,none,0.0
AWS-IND-MH-001,2026-08-25 09:15:00+00:00,none,none,0.0
AWS-IND-MH-001,2026-08-25 09:20:00+00:00,none,none,0.0
AWS-IND-MH-001,2026-08-25 09:25:00+00:00,none,none,0.0
AWS-IND-MH-001,2026-08-25 09:30:00+00:00,none,none,0.0
AWS-IND-MH-001,2026-08-25 09:35:00+00:00,none,none,0.0
AWS-IND-MH-001,2026-08-25 09:40:00+00:00,none,none,0.0
AWS-IND-MH-001,2026-08-25 09:45:00+00:00,none,none,0.0
AWS-IND-MH-001,2026-08-25 09:50:00+00:00,none,none,0.0
AWS-IND-MH-001,2026-08-25 09:55:00+00:00,none,none,0.0
AWS-IND-MH-001,2026-08-25 10:00:00+00:00,none,none,0.0
AWS-IND-MH-001,2026-08-25 10:05:00+00:00,none,none,0.0
AWS-IND-MH-001,2026-08-25 10:10:00+00:00,none,none,0.0
AWS-IND-MH-001,2026-08-25 10:15:00+00:00,none,none,0.0
AWS-IND-MH-001,2026-08-25 10:20:00+00:00,none,none,0.0
AWS-IND-MH-001,2026-08-25 10:25:00+00:00,none,none,0.0
AWS-IND-MH-001,2026-08-25 10:30:00+00:00,none,none,0.0
AWS-IND-MH-001,2026-08-25 10:35:00+00:00,none,none,0.0
AWS-IND-MH-001,2026-08-25 10:40:00+00:00,none,none,0.0
AWS-IND-MH-001,2026-08-25 10:45:00+00:00,none,none,0.0
AWS-IND-MH-001,2026-08-25 10:50:00+00:00,none,none,0.0
AWS-IND-MH-001,2026-08-25 10:55:00+00:00,none,none,0.0
AWS-IND-MH-001,2026-08-25 11:00:00+00:00,none,none,0.0
AWS-IND-MH-001,2026-08-25 11:05:00+00:00,none,none,0.0
AWS-IND-MH-001,2026-08-25 11:10:00+00:00,none,none,0.0
AWS-IND-MH-001,2026-08-25 11:15:00+00:00,none,none,0.0
AWS-IND-MH-001,2026-08-25 11:20:00+00:00,none,none,0.0
AWS-IND-MH-001,2026-08-25 11:25:00+00:00,none,none,0.0
AWS-IND-MH-001,2026-08-25 11:30:00+00:00,none,none,0.0
AWS-IND-MH-001,2026-08-25 11:35:00+00:00,none,none,0.0
AWS-IND-MH-001,2026-08-25 11:40:00+00:00,none,none,0.0
AWS-IND-MH-001,2026-08-25 11:45:00+00:00,none,none,0.0
AWS-IND-MH-001,2026-08-25 11:50:00+00:00,none,none,0.0
AWS-IND-MH-001,2026-08-25 11:55:00+00:00,none,none,0.0
AWS-IND-MH-001,2026-08-25 12:00:00+00:00,none,none,0.0
AWS-IND-MH-001,2026-08-25 12:05:00+00:00,none,none,0.0
AWS-IND-MH-001,2026-08-25 12:10:00+00:00,none,none,0.0
AWS-IND-MH-001,2026-08-25 12:15:00+00:00,none,none,0.0
AWS-IND-MH-001,2026-08-25 12:20:00+00:00,none,none,0.0
AWS-IND-MH-001,2026-08-25 12:25:00+00:00,none,none,0.0
AWS-IND-MH-001,2026-08-25 12:30:00+00:00,none,none,0.0
AWS-IND-MH-001,2026-08-25 12:35:00+00:00,none,none,0.0
AWS-IND-MH-001,2026-08-25 12:40:00+00:00,none,none,0.0
AWS-IND-MH-001,2026-08-25 12:45:00+00:00,none,none,0.0
AWS-IND-MH-001,2026-08-25 12:50:00+00:00,none,none,0.0
AWS-IND-MH-001,2026-08-25 12:55:00+00:00,none,none,0.0
AWS-IND-MH-001,2026-08-25 13:00:00+00:00,none,none,0.0
AWS-IND-MH-001,2026-08-25 13:05:00+00:00,none,none,0.0
AWS-IND-MH-001,2026-08-25 13:10:00+00:00,none,none,0.0
AWS-IND-MH-001,2026-08-25 13:15:00+00:00,none,none,0.0
AWS-IND-MH-001,2026-08-25 13:20:00+00:00,none,none,0.0
AWS-IND-MH-001,2026-08-25 13:25:00+00:00,none,none,0.0
AWS-IND-MH-001,2026-08-25 13:30:00+00:00,none,none,0.0
AWS-IND-MH-001,2026-08-25 13:35:00+00:00,none,none,0.0
AWS-IND-MH-001,2026-08-25 13:40:00+00:00,none,none,0.0
AWS-IND-MH-001,2026-08-25 13:45:00+00:00,none,none,0.0
AWS-IND-MH-001,2026-08-25 13:50:00+00:00,none,none,0.0
AWS-IND-MH-001,2026-08-25 13:55:00+00:00,none,none,0.0
AWS-IND-MH-001,2026-08-25 14:00:00+00:00,none,none,0.0
AWS-IND-MH-001,2026-08-25 14:05:00+00:00,none,none,0.0
AWS-IND-MH-001,2026-08-25 14:10:00+00:00,none,none,0.0
AWS-IND-MH-001,2026-08-25 14:15:00+00:00,none,none,0.0
AWS-IND-MH-001,2026-08-25 14:20:00+00:00,none,none,0.0
AWS-IND-MH-001,2026-08-25 14:25:00+00:00,none,none,0.0
AWS-IND-MH-001,2026-08-25 14:30:00+00:00,none,none,0.0
AWS-IND-MH-001,2026-08-25 14:35:00+00:00,noise,humidity_pct,12.193207591572833
AWS-IND-MH-001,2026-08-25 14:40:00+00:00,noise,humidity_pct,12.193207591572833
AWS-IND-MH-001,2026-08-25 14:45:00+00:00,noise,humidity_pct,12.193207591572833
AWS-IND-MH-001,2026-08-25 14:50:00+00:00,noise,humidity_pct,12.193207591572833
AWS-IND-MH-001,2026-08-25 14:55:00+00:00,noise,humidity_pct,12.193207591572833
AWS-IND-MH-001,2026-08-25 15:00:00+00:00,noise,humidity_pct,12.193207591572833
AWS-IND-MH-001,2026-08-25 15:05:00+00:00,noise,humidity_pct,12.193207591572833
AWS-IND-MH-001,2026-08-25 15:10:00+00:00,noise,humidity_pct,12.193207591572833
AWS-IND-MH-001,2026-08-25 15:15:00+00:00,noise,humidity_pct,12.193207591572833
AWS-IND-MH-001,2026-08-25 15:20:00+00:00,noise,humidity_pct,12.193207591572833
AWS-IND-MH-001,2026-08-25 15:25:00+00:00,noise,humidity_pct,12.193207591572833
AWS-IND-MH-001,2026-08-25 15:30:00+00:00,noise,humidity_pct,12.193207591572833
AWS-IND-MH-001,2026-08-25 15:35:00+00:00,noise,humidity_pct,12.193207591572833
AWS-IND-MH-001,2026-08-25 15:40:00+00:00,noise,humidity_pct,12.193207591572833
AWS-IND-MH-001,2026-08-25 15:45:00+00:00,noise,humidity_pct,12.193207591572833
AWS-IND-MH-001,2026-08-25 15:50:00+00:00,noise,humidity_pct,12.193207591572833
AWS-IND-MH-001,2026-08-25 15:55:00+00:00,noise,humidity_pct,12.193207591572833
AWS-IND-MH-001,2026-08-25 16:00:00+00:00,noise,humidity_pct,12.193207591572833
AWS-IND-MH-001,2026-08-25 16:05:00+00:00,noise,humidity_pct,12.193207591572833
AWS-IND-MH-001,2026-08-25 16:10:00+00:00,noise,humidity_pct,12.193207591572833
AWS-IND-MH-001,2026-08-25 16:15:00+00:00,noise,humidity_pct,12.193207591572833
AWS-IND-MH-001,2026-08-25 16:20:00+00:00,noise,humidity_pct,12.193207591572833
AWS-IND-MH-001,2026-08-25 16:25:00+00:00,noise,humidity_pct,12.193207591572833
AWS-IND-MH-001,2026-08-25 16:30:00+00:00,noise,humidity_pct,12.193207591572833
AWS-IND-MH-001,2026-08-25 16:35:00+00:00,noise,humidity_pct,12.193207591572833
AWS-IND-MH-001,2026-08-25 16:40:00+00:00,noise,humidity_pct,12.193207591572833
AWS-IND-MH-001,2026-08-25 16:45:00+00:00,noise,humidity_pct,12.193207591572833
AWS-IND-MH-001,2026-08-25 16:50:00+00:00,noise,humidity_pct,12.193207591572833
AWS-IND-MH-001,2026-08-25 16:55:00+00:00,noise,humidity_pct,12.193207591572833
AWS-IND-MH-001,2026-08-25 17:00:00+00:00,noise,humidity_pct,12.193207591572833
AWS-IND-MH-001,2026-08-25 17:05:00+00:00,noise,humidity_pct,12.193207591572833
AWS-IND-MH-001,2026-08-25 17:10:00+00:00,noise,humidity_pct,12.193207591572833
AWS-IND-MH-001,2026-08-25 17:15:00+00:00,noise,humidity_pct,12.193207591572833
AWS-IND-MH-001,2026-08-25 17:20:00+00:00,noise,humidity_pct,12.193207591572833
AWS-IND-MH-001,2026-08-25 17:25:00+00:00,noise,humidity_pct,12.193207591572833
AWS-IND-MH-001,2026-08-25 17:30:00+00:00,noise,humidity_pct,12.193207591572833
AWS-IND-MH-001,2026-08-25 17:35:00+00:00,noise,humidity_pct,12.193207591572833
AWS-IND-MH-001,2026-08-25 17:40:00+00:00,none,none,0.0
AWS-IND-MH-001,2026-08-25 17:45:00+00:00,none,none,0.0
AWS-IND-MH-001,2026-08-25 17:50:00+00:00,none,none,0.0
AWS-IND-MH-001,2026-08-25 17:55:00+00:00,none,none,0.0
AWS-IND-MH-001,2026-08-25 18:00:00+00:00,none,none,0.0
AWS-IND-MH-001,2026-08-25 18:05:00+00:00,none,none,0.0
AWS-IND-MH-001,2026-08-25 18:10:00+00:00,none,none,0.0
AWS-IND-MH-001,2026-08-25 18:15:00+00:00,none,none,0.0
AWS-IND-MH-001,2026-08-25 18:20:00+00:00,none,none,0.0
AWS-IND-MH-001,2026-08-25 18:25:00+00:00,none,none,0.0
AWS-IND-MH-001,2026-08-25 18:30:00+00:00,none,none,0.0
AWS-IND-MH-001,2026-08-25 18:35:00+00:00,none,none,0.0
AWS-IND-MH-001,2026-08-25 18:40:00+00:00,none,none,0.0
AWS-IND-MH-001,2026-08-25 18:45:00+00:00,none,none,0.0
AWS-IND-MH-001,2026-08-25 18:50:00+00:00,none,none,0.0
AWS-IND-MH-001,2026-08-25 18:55:00+00:00,none,none,0.0
AWS-IND-MH-001,2026-08-25 19:00:00+00:00,none,none,0.0
AWS-IND-MH-001,2026-08-25 19:05:00+00:00,none,none,0.0
AWS-IND-MH-001,2026-08-25 19:10:00+00:00,none,none,0.0
AWS-IND-MH-001,2026-08-25 19:15:00+00:00,none,none,0.0
AWS-IND-MH-001,2026-08-25 19:20:00+00:00,none,none,0.0
AWS-IND-MH-001,2026-08-25 19:25:00+00:00,none,none,0.0
AWS-IND-MH-001,2026-08-25 19:30:00+00:00,none,none,0.0
AWS-IND-MH-001,2026-08-25 19:35:00+00:00,none,none,0.0
AWS-IND-MH-001,2026-08-25 19:40:00+00:00,none,none,0.0
AWS-IND-MH-001,2026-08-25 19:45:00+00:00,none,none,0.0
AWS-IND-MH-001,2026-08-25 19:50:00+00:00,none,none,0.0
AWS-IND-MH-001,2026-08-25 19:55:00+00:00,none,none,0.0
AWS-IND-MH-001,2026-08-25 20:00:00+00:00,none,none,0.0
AWS-IND-MH-001,2026-08-25 20:05:00+00:00,none,none,0.0
AWS-IND-MH-001,2026-08-25 20:10:00+00:00,none,none,0.0
AWS-IND-MH-001,2026-08-25 20:15:00+00:00,none,none,0.0
AWS-IND-MH-001,2026-08-25 20:20:00+00:00,none,none,0.0
AWS-IND-MH-001,2026-08-25 20:25:00+00:00,none,none,0.0
AWS-IND-MH-001,2026-08-25 20:30:00+00:00,none,none,0.0
AWS-IND-MH-001,2026-08-25 20:35:00+00:00,none,none,0.0
AWS-IND-MH-001,2026-08-25 20:40:00+00:00,none,none,0.0
AWS-IND-MH-001,2026-08-25 20:45:00+00:00,none,none,0.0
AWS-IND-MH-001,2026-08-25 20:50:00+00:00,none,none,0.0
AWS-IND-MH-001,2026-08-25 20:55:00+00:00,none,none,0.0
AWS-IND-MH-001,2026-08-25 21:00:00+00:00,none,none,0.0
AWS-IND-MH-001,2026-08-25 21:05:00+00:00,none,none,0.0
AWS-IND-MH-001,2026-08-25 21:10:00+00:00,none,none,0.0
AWS-IND-MH-001,2026-08-25 21:15:00+00:00,none,none,0.0
AWS-IND-MH-001,2026-08-25 21:20:00+00:00,none,none,0.0
AWS-IND-MH-001,2026-08-25 21:25:00+00:00,none,none,0.0
AWS-IND-MH-001,2026-08-25 21:30:00+00:00,none,none,0.0
AWS-IND-MH-001,2026-08-25 21:35:00+00:00,none,none,0.0
AWS-IND-MH-001,2026-08-25 21:40:00+00:00,none,none,0.0
AWS-IND-MH-001,2026-08-25 21:45:00+00:00,none,none,0.0
AWS-IND-MH-001,2026-08-25 21:50:00+00:00,none,none,0.0
AWS-IND-MH-001,2026-08-25 21:55:00+00:00,none,none,0.0
AWS-IND-MH-001,2026-08-25 22:00:00+00:00,none,none,0.0
AWS-IND-MH-001,2026-08-25 22:05:00+00:00,none,none,0.0
AWS-IND-MH-001,2026-08-25 22:10:00+00:00,none,none,0.0
AWS-IND-MH-001,2026-08-25 22:15:00+00:00,none,none,0.0
AWS-IND-MH-001,2026-08-25 22:20:00+00:00,none,none,0.0
AWS-IND-MH-001,2026-08-25 22:25:00+00:00,none,none,0.0
AWS-IND-MH-001,2026-08-25 22:30:00+00:00,none,none,0.0
AWS-IND-MH-001,2026-08-25 22:35:00+00:00,none,none,0.0
AWS-IND-MH-001,2026-08-25 22:40:00+00:00,none,none,0.0
AWS-IND-MH-001,2026-08-25 22:45:00+00:00,none,none,0.0
AWS-IND-MH-001,2026-08-25 22:50:00+00:00,none,none,0.0
AWS-IND-MH-001,2026-08-25 22:55:00+00:00,none,none,0.0
AWS-IND-MH-001,2026-08-25 23:00:00+00:00,none,none,0.0
AWS-IND-MH-001,2026-08-25 23:05:00+00:00,none,none,0.0
AWS-IND-MH-001,2026-08-25 23:10:00+00:00,none,none,0.0
AWS-IND-MH-001,2026-08-25 23:15:00+00:00,none,none,0.0
AWS-IND-MH-001,2026-08-25 23:20:00+00:00,none,none,0.0
AWS-IND-MH-001,2026-08-25 23:25:00+00:00,none,none,0.0
AWS-IND-MH-001,2026-08-25 23:30:00+00:00,none,none,0.0
AWS-IND-MH-001,2026-08-25 23:35:00+00:00,none,none,0.0
AWS-IND-MH-001,2026-08-25 23:40:00+00:00,none,none,0.0
AWS-IND-MH-001,2026-08-25 23:45:00+00:00,none,none,0.0
AWS-IND-MH-001,2026-08-25 23:50:00+00:00,none,none,0.0
AWS-IND-MH-001,2026-08-25 23:55:00+00:00,none,none,0.0
AWS-IND-MH-001,2026-08-26 00:00:00+00:00,none,none,0.0
AWS-IND-MH-001,2026-08-26 00:05:00+00:00,none,none,0.0
AWS-IND-MH-001,2026-08-26 00:10:00+00:00,none,none,0.0
AWS-IND-MH-001,2026-08-26 00:15:00+00:00,none,none,0.0
AWS-IND-MH-001,2026-08-26 00:20:00+00:00,none,none,0.0
AWS-IND-MH-001,2026-08-26 00:25:00+00:00,none,none,0.0
AWS-IND-MH-001,2026-08-26 00:30:00+00:00,none,none,0.0
AWS-IND-MH-001,2026-08-26 00:35:00+00:00,none,none,0.0
AWS-IND-MH-001,2026-08-26 00:40:00+00:00,none,none,0.0
AWS-IND-MH-001,2026-08-26 00:45:00+00:00,none,none,0.0
AWS-IND-MH-001,2026-08-26 00:50:00+00:00,none,none,0.0
AWS-IND-MH-001,2026-08-26 00:55:00+00:00,none,none,0.0
AWS-IND-MH-001,2026-08-26 01:00:00+00:00,none,none,0.0
AWS-IND-MH-001,2026-08-26 01:05:00+00:00,none,none,0.0
AWS-IND-MH-001,2026-08-26 01:10:00+00:00,none,none,0.0
AWS-IND-MH-001,2026-08-26 01:15:00+00:00,none,none,0.0
AWS-IND-MH-001,2026-08-26 01:20:00+00:00,none,none,0.0
AWS-IND-MH-001,2026-08-26 01:25:00+00:00,none,none,0.0
AWS-IND-MH-001,2026-08-26 01:30:00+00:00,none,none,0.0
AWS-IND-MH-001,2026-08-26 01:35:00+00:00,none,none,0.0
AWS-IND-MH-001,2026-08-26 01:40:00+00:00,none,none,0.0
AWS-IND-MH-001,2026-08-26 01:45:00+00:00,none,none,0.0
AWS-IND-MH-001,2026-08-26 01:50:00+00:00,none,none,0.0
AWS-IND-MH-001,2026-08-26 01:55:00+00:00,none,none,0.0
AWS-IND-MH-001,2026-08-26 02:00:00+00:00,none,none,0.0
AWS-IND-MH-001,2026-08-26 02:05:00+00:00,none,none,0.0
AWS-IND-MH-001,2026-08-26 02:10:00+00:00,none,none,0.0
AWS-IND-MH-001,2026-08-26 02:15:00+00:00,none,none,0.0
AWS-IND-MH-001,2026-08-26 02:20:00+00:00,none,none,0.0
AWS-IND-MH-001,2026-08-26 02:25:00+00:00,none,none,0.0
AWS-IND-MH-001,2026-08-26 02:30:00+00:00,none,none,0.0
AWS-IND-MH-001,2026-08-26 02:35:00+00:00,none,none,0.0
AWS-IND-MH-001,2026-08-26 02:40:00+00:00,none,none,0.0
AWS-IND-MH-001,2026-08-26 02:45:00+00:00,none,none,0.0
AWS-IND-MH-001,2026-08-26 02:50:00+00:00,none,none,0.0
AWS-IND-MH-001,2026-08-26 02:55:00+00:00,none,none,0.0
AWS-IND-MH-001,2026-08-26 03:00:00+00:00,none,none,0.0
AWS-IND-MH-001,2026-08-26 03:05:00+00:00,none,none,0.0
AWS-IND-MH-001,2026-08-26 03:10:00+00:00,none,none,0.0
AWS-IND-MH-001,2026-08-26 03:15:00+00:00,none,none,0.0
AWS-IND-MH-001,2026-08-26 03:20:00+00:00,none,none,0.0
AWS-IND-MH-001,2026-08-26 03:25:00+00:00,none,none,0.0
AWS-IND-MH-001,2026-08-26 03:30:00+00:00,none,none,0.0
AWS-IND-MH-001,2026-08-26 03:35:00+00:00,none,none,0.0
AWS-IND-MH-001,2026-08-26 03:40:00+00:00,none,none,0.0
AWS-IND-MH-001,2026-08-26 03:45:00+00:00,none,none,0.0
AWS-IND-MH-001,2026-08-26 03:50:00+00:00,none,none,0.0
AWS-IND-MH-001,2026-08-26 03:55:00+00:00,none,none,0.0
AWS-IND-MH-001,2026-08-26 04:00:00+00:00,none,none,0.0
AWS-IND-MH-001,2026-08-26 04:05:00+00:00,none,none,0.0
AWS-IND-MH-001,2026-08-26 04:10:00+00:00,none,none,0.0
AWS-IND-MH-001,2026-08-26 04:15:00+00:00,none,none,0.0
AWS-IND-MH-001,2026-08-26 04:20:00+00:00,none,none,0.0
AWS-IND-MH-001,2026-08-26 04:25:00+00:00,none,none,0.0
AWS-IND-MH-001,2026-08-26 04:30:00+00:00,none,none,0.0
AWS-IND-MH-001,2026-08-26 04:35:00+00:00,none,none,0.0
AWS-IND-MH-001,2026-08-26 04:40:00+00:00,none,none,0.0
AWS-IND-MH-001,2026-08-26 04:45:00+00:00,none,none,0.0
AWS-IND-MH-001,2026-08-26 04:50:00+00:00,none,none,0.0
AWS-IND-MH-001,2026-08-26 04:55:00+00:00,none,none,0.0
AWS-IND-MH-001,2026-08-26 05:00:00+00:00,none,none,0.0
AWS-IND-MH-001,2026-08-26 05:05:00+00:00,none,none,0.0
AWS-IND-MH-001,2026-08-26 05:10:00+00:00,none,none,0.0
AWS-IND-MH-001,2026-08-26 05:15:00+00:00,none,none,0.0
AWS-IND-MH-001,2026-08-26 05:20:00+00:00,none,none,0.0
AWS-IND-MH-001,2026-08-26 05:25:00+00:00,none,none,0.0
AWS-IND-MH-001,2026-08-26 05:30:00+00:00,none,none,0.0
AWS-IND-MH-001,2026-08-26 05:35:00+00:00,none,none,0.0
AWS-IND-MH-001,2026-08-26 05:40:00+00:00,none,none,0.0
AWS-IND-MH-001,2026-08-26 05:45:00+00:00,none,none,0.0
AWS-IND-MH-001,2026-08-26 05:50:00+00:00,none,none,0.0
AWS-IND-MH-001,2026-08-26 05:55:00+00:00,none,none,0.0
AWS-IND-MH-001,2026-08-26 06:00:00+00:00,none,none,0.0
AWS-IND-MH-001,2026-08-26 06:05:00+00:00,none,none,0.0
AWS-IND-MH-001,2026-08-26 06:10:00+00:00,spike,pressure_hpa,24.06635242890212
AWS-IND-MH-001,2026-08-26 06:15:00+00:00,spike,pressure_hpa,24.06635242890212
AWS-IND-MH-001,2026-08-26 06:20:00+00:00,none,none,0.0
AWS-IND-MH-001,2026-08-26 06:25:00+00:00,none,none,0.0
AWS-IND-MH-001,2026-08-26 06:30:00+00:00,none,none,0.0
AWS-IND-MH-001,2026-08-26 06:35:00+00:00,none,none,0.0
AWS-IND-MH-001,2026-08-26 06:40:00+00:00,none,none,0.0
AWS-IND-MH-001,2026-08-26 06:45:00+00:00,none,none,0.0
AWS-IND-MH-001,2026-08-26 06:50:00+00:00,none,none,0.0
AWS-IND-MH-001,2026-08-26 06:55:00+00:00,none,none,0.0
AWS-IND-MH-001,2026-08-26 07:00:00+00:00,none,none,0.0
AWS-IND-MH-001,2026-08-26 07:05:00+00:00,spike,pressure_hpa,-26.62200416245131
AWS-IND-MH-001,2026-08-26 07:10:00+00:00,spike,pressure_hpa,-26.62200416245131
AWS-IND-MH-001,2026-08-26 07:15:00+00:00,spike,pressure_hpa,-26.62200416245131
AWS-IND-MH-001,2026-08-26 07:20:00+00:00,none,none,0.0
AWS-IND-MH-001,2026-08-26 07:25:00+00:00,none,none,0.0
AWS-IND-MH-001,2026-08-26 07:30:00+00:00,none,none,0.0
AWS-IND-MH-001,2026-08-26 07:35:00+00:00,none,none,0.0
AWS-IND-MH-001,2026-08-26 07:40:00+00:00,spike,temperature_c,8.889634787489946
AWS-IND-MH-001,2026-08-26 07:45:00+00:00,none,none,0.0
AWS-IND-MH-001,2026-08-26 07:50:00+00:00,none,none,0.0
AWS-IND-MH-001,2026-08-26 07:55:00+00:00,none,none,0.0
AWS-IND-MH-001,2026-08-26 08:00:00+00:00,none,none,0.0
AWS-IND-MH-001,2026-08-26 08:05:00+00:00,none,none,0.0
AWS-IND-MH-001,2026-08-26 08:10:00+00:00,none,none,0.0
AWS-IND-MH-001,2026-08-26 08:15:00+00:00,none,none,0.0
AWS-IND-MH-001,2026-08-26 08:20:00+00:00,none,none,0.0
AWS-IND-MH-001,2026-08-26 08:25:00+00:00,none,none,0.0
AWS-IND-MH-001,2026-08-26 08:30:00+00:00,none,none,0.0
AWS-IND-MH-001,2026-08-26 08:35:00+00:00,none,none,0.0
AWS-IND-MH-001,2026-08-26 08:40:00+00:00,none,none,0.0
AWS-IND-MH-001,2026-08-26 08:45:00+00:00,none,none,0.0
AWS-IND-MH-001,2026-08-26 08:50:00+00:00,none,none,0.0
AWS-IND-MH-001,2026-08-26 08:55:00+00:00,none,none,0.0
AWS-IND-MH-001,2026-08-26 09:00:00+00:00,none,none,0.0
AWS-IND-MH-001,2026-08-26 09:05:00+00:00,none,none,0.0
AWS-IND-MH-001,2026-08-26 09:10:00+00:00,none,none,0.0
AWS-IND-MH-001,2026-08-26 09:15:00+00:00,none,none,0.0
AWS-IND-MH-001,2026-08-26 09:20:00+00:00,none,none,0.0
AWS-IND-MH-001,2026-08-26 09:25:00+00:00,none,none,0.0
AWS-IND-MH-001,2026-08-26 09:30:00+00:00,none,none,0.0
AWS-IND-MH-001,2026-08-26 09:35:00+00:00,none,none,0.0
AWS-IND-MH-001,2026-08-26 09:40:00+00:00,none,none,0.0
AWS-IND-MH-001,2026-08-26 09:45:00+00:00,none,none,0.0
AWS-IND-MH-001,2026-08-26 09:50:00+00:00,none,none,0.0
AWS-IND-MH-001,2026-08-26 09:55:00+00:00,none,none,0.0
AWS-IND-MH-001,2026-08-26 10:00:00+00:00,none,none,0.0
AWS-IND-MH-001,2026-08-26 10:05:00+00:00,none,none,0.0
AWS-IND-MH-001,2026-08-26 10:10:00+00:00,none,none,0.0
AWS-IND-MH-001,2026-08-26 10:15:00+00:00,none,none,0.0
AWS-IND-MH-001,2026-08-26 10:20:00+00:00,none,none,0.0
AWS-IND-MH-001,2026-08-26 10:25:00+00:00,none,none,0.0
AWS-IND-MH-001,2026-08-26 10:30:00+00:00,none,none,0.0
AWS-IND-MH-001,2026-08-26 10:35:00+00:00,none,none,0.0
AWS-IND-MH-001,2026-08-26 10:40:00+00:00,none,none,0.0
AWS-IND-MH-001,2026-08-26 10:45:00+00:00,none,none,0.0
AWS-IND-MH-001,2026-08-26 10:50:00+00:00,none,none,0.0
AWS-IND-MH-001,2026-08-26 10:55:00+00:00,none,none,0.0
AWS-IND-MH-001,2026-08-26 11:00:00+00:00,none,none,0.0
AWS-IND-MH-001,2026-08-26 11:05:00+00:00,none,none,0.0
AWS-IND-MH-001,2026-08-26 11:10:00+00:00,none,none,0.0
AWS-IND-MH-001,2026-08-26 11:15:00+00:00,none,none,0.0
AWS-IND-MH-001,2026-08-26 11:20:00+00:00,none,none,0.0
AWS-IND-MH-001,2026-08-26 11:25:00+00:00,none,none,0.0
AWS-IND-MH-001,2026-08-26 11:30:00+00:00,none,none,0.0
AWS-IND-MH-001,2026-08-26 11:35:00+00:00,none,none,0.0
AWS-IND-MH-001,2026-08-26 11:40:00+00:00,none,none,0.0
AWS-IND-MH-001,2026-08-26 11:45:00+00:00,none,none,0.0
AWS-IND-MH-001,2026-08-26 11:50:00+00:00,none,none,0.0
AWS-IND-MH-001,2026-08-26 11:55:00+00:00,none,none,0.0
AWS-IND-MH-001,2026-08-26 12:00:00+00:00,none,none,0.0
AWS-IND-MH-001,2026-08-26 12:05:00+00:00,none,none,0.0
AWS-IND-MH-001,2026-08-26 12:10:00+00:00,none,none,0.0
AWS-IND-MH-001,2026-08-26 12:15:00+00:00,none,none,0.0
AWS-IND-MH-001,2026-08-26 12:20:00+00:00,none,none,0.0
AWS-IND-MH-001,2026-08-26 12:25:00+00:00,none,none,0.0
AWS-IND-MH-001,2026-08-26 12:30:00+00:00,none,none,0.0
AWS-IND-MH-001,2026-08-26 12:35:00+00:00,none,none,0.0
AWS-IND-MH-001,2026-08-26 12:40:00+00:00,none,none,0.0
AWS-IND-MH-001,2026-08-26 12:45:00+00:00,none,none,0.0
AWS-IND-MH-001,2026-08-26 12:50:00+00:00,none,none,0.0
AWS-IND-MH-001,2026-08-26 12:55:00+00:00,none,none,0.0
AWS-IND-MH-001,2026-08-26 13:00:00+00:00,drift,temperature_c,-6.145237551368082
AWS-IND-MH-001,2026-08-26 13:05:00+00:00,drift,temperature_c,-6.145237551368082
AWS-IND-MH-001,2026-08-26 13:10:00+00:00,drift,temperature_c,-6.145237551368082
AWS-IND-MH-001,2026-08-26 13:15:00+00:00,drift,temperature_c,-6.145237551368082
AWS-IND-MH-001,2026-08-26 13:20:00+00:00,drift,temperature_c,-6.145237551368082
AWS-IND-MH-001,2026-08-26 13:25:00+00:00,drift,temperature_c,-6.145237551368082
AWS-IND-MH-001,2026-08-26 13:30:00+00:00,drift,temperature_c,-6.145237551368082
AWS-IND-MH-001,2026-08-26 13:35:00+00:00,drift,temperature_c,-6.145237551368082
AWS-IND-MH-001,2026-08-26 13:40:00+00:00,drift,temperature_c,-6.145237551368082
AWS-IND-MH-001,2026-08-26 13:45:00+00:00,drift,temperature_c,-6.145237551368082
AWS-IND-MH-001,2026-08-26 13:50:00+00:00,drift,temperature_c,-6.145237551368082
AWS-IND-MH-001,2026-08-26 13:55:00+00:00,drift,temperature_c,-6.145237551368082
AWS-IND-MH-001,2026-08-26 14:00:00+00:00,drift,temperature_c,-6.145237551368082
AWS-IND-MH-001,2026-08-26 14:05:00+00:00,drift,temperature_c,-6.145237551368082
AWS-IND-MH-001,2026-08-26 14:10:00+00:00,drift,temperature_c,-6.145237551368082
AWS-IND-MH-001,2026-08-26 14:15:00+00:00,drift,temperature_c,-6.145237551368082
AWS-IND-MH-001,2026-08-26 14:20:00+00:00,drift,temperature_c,-6.145237551368082
AWS-IND-MH-001,2026-08-26 14:25:00+00:00,drift,temperature_c,-6.145237551368082
AWS-IND-MH-001,2026-08-26 14:30:00+00:00,drift,temperature_c,-6.145237551368082
AWS-IND-MH-001,2026-08-26 14:35:00+00:00,drift,temperature_c,-6.145237551368082
AWS-IND-MH-001,2026-08-26 14:40:00+00:00,drift,temperature_c,-6.145237551368082
AWS-IND-MH-001,2026-08-26 14:45:00+00:00,drift,temperature_c,-6.145237551368082
AWS-IND-MH-001,2026-08-26 14:50:00+00:00,drift,temperature_c,-6.145237551368082
AWS-IND-MH-001,2026-08-26 14:55:00+00:00,drift,temperature_c,-6.145237551368082
AWS-IND-MH-001,2026-08-26 15:00:00+00:00,drift,temperature_c,-6.145237551368082
AWS-IND-MH-001,2026-08-26 15:05:00+00:00,drift,temperature_c,-6.145237551368082
AWS-IND-MH-001,2026-08-26 15:10:00+00:00,drift,temperature_c,-6.145237551368082
AWS-IND-MH-001,2026-08-26 15:15:00+00:00,drift,temperature_c,-6.145237551368082
AWS-IND-MH-001,2026-08-26 15:20:00+00:00,drift,temperature_c,-6.145237551368082
AWS-IND-MH-001,2026-08-26 15:25:00+00:00,drift,temperature_c,-6.145237551368082
AWS-IND-MH-001,2026-08-26 15:30:00+00:00,drift,temperature_c,-6.145237551368082
AWS-IND-MH-001,2026-08-26 15:35:00+00:00,drift,temperature_c,-6.145237551368082
AWS-IND-MH-001,2026-08-26 15:40:00+00:00,drift,temperature_c,-6.145237551368082
AWS-IND-MH-001,2026-08-26 15:45:00+00:00,drift,temperature_c,-6.145237551368082
AWS-IND-MH-001,2026-08-26 15:50:00+00:00,drift,temperature_c,-6.145237551368082
AWS-IND-MH-001,2026-08-26 15:55:00+00:00,drift,temperature_c,-6.145237551368082
AWS-IND-MH-001,2026-08-26 16:00:00+00:00,drift,temperature_c,-6.145237551368082
AWS-IND-MH-001,2026-08-26 16:05:00+00:00,drift,temperature_c,-6.145237551368082
AWS-IND-MH-001,2026-08-26 16:10:00+00:00,drift,temperature_c,-6.145237551368082
AWS-IND-MH-001,2026-08-26 16:15:00+00:00,drift,temperature_c,-6.145237551368082
AWS-IND-MH-001,2026-08-26 16:20:00+00:00,drift,temperature_c,-6.145237551368082
AWS-IND-MH-001,2026-08-26 16:25:00+00:00,drift,temperature_c,-6.145237551368082
AWS-IND-MH-001,2026-08-26 16:30:00+00:00,drift,temperature_c,-6.145237551368082
AWS-IND-MH-001,2026-08-26 16:35:00+00:00,drift,temperature_c,-6.145237551368082
AWS-IND-MH-001,2026-08-26 16:40:00+00:00,drift,temperature_c,-6.145237551368082
AWS-IND-MH-001,2026-08-26 16:45:00+00:00,drift,temperature_c,-6.145237551368082
AWS-IND-MH-001,2026-08-26 16:50:00+00:00,drift,temperature_c,-6.145237551368082
AWS-IND-MH-001,2026-08-26 16:55:00+00:00,drift,temperature_c,-6.145237551368082
AWS-IND-MH-001,2026-08-26 17:00:00+00:00,drift,temperature_c,-6.145237551368082
AWS-IND-MH-001,2026-08-26 17:05:00+00:00,drift,temperature_c,-6.145237551368082
AWS-IND-MH-001,2026-08-26 17:10:00+00:00,drift,temperature_c,-6.145237551368082
AWS-IND-MH-001,2026-08-26 17:15:00+00:00,drift,temperature_c,-6.145237551368082
AWS-IND-MH-001,2026-08-26 17:20:00+00:00,drift,temperature_c,-6.145237551368082
AWS-IND-MH-001,2026-08-26 17:25:00+00:00,drift,temperature_c,-6.145237551368082
AWS-IND-MH-001,2026-08-26 17:30:00+00:00,drift,temperature_c,-6.145237551368082
AWS-IND-MH-001,2026-08-26 17:35:00+00:00,drift,temperature_c,-6.145237551368082
AWS-IND-MH-001,2026-08-26 17:40:00+00:00,drift,temperature_c,-6.145237551368082
AWS-IND-MH-001,2026-08-26 17:45:00+00:00,drift,temperature_c,-6.145237551368082
AWS-IND-MH-001,2026-08-26 17:50:00+00:00,drift,temperature_c,-6.145237551368082
AWS-IND-MH-001,2026-08-26 17:55:00+00:00,drift,temperature_c,-6.145237551368082
AWS-IND-MH-001,2026-08-26 18:00:00+00:00,drift,temperature_c,-6.145237551368082
AWS-IND-MH-001,2026-08-26 18:05:00+00:00,drift,temperature_c,-6.145237551368082
AWS-IND-MH-001,2026-08-26 18:10:00+00:00,drift,temperature_c,-6.145237551368082
AWS-IND-MH-001,2026-08-26 18:15:00+00:00,drift,temperature_c,-6.145237551368082
AWS-IND-MH-001,2026-08-26 18:20:00+00:00,drift,temperature_c,-6.145237551368082
AWS-IND-MH-001,2026-08-26 18:25:00+00:00,drift,temperature_c,-6.145237551368082
AWS-IND-MH-001,2026-08-26 18:30:00+00:00,drift,temperature_c,-6.145237551368082
AWS-IND-MH-001,2026-08-26 18:35:00+00:00,drift,temperature_c,-6.145237551368082
AWS-IND-MH-001,2026-08-26 18:40:00+00:00,drift,temperature_c,-6.145237551368082
AWS-IND-MH-001,2026-08-26 18:45:00+00:00,drift,temperature_c,-6.145237551368082
AWS-IND-MH-001,2026-08-26 18:50:00+00:00,drift,temperature_c,-6.145237551368082
AWS-IND-MH-001,2026-08-26 18:55:00+00:00,drift,temperature_c,-6.145237551368082
AWS-IND-MH-001,2026-08-26 19:00:00+00:00,drift,temperature_c,-6.145237551368082
AWS-IND-MH-001,2026-08-26 19:05:00+00:00,drift,temperature_c,-6.145237551368082
AWS-IND-MH-001,2026-08-26 19:10:00+00:00,drift,temperature_c,-6.145237551368082
AWS-IND-MH-001,2026-08-26 19:15:00+00:00,drift,temperature_c,-6.145237551368082
AWS-IND-MH-001,2026-08-26 19:20:00+00:00,drift,temperature_c,-6.145237551368082
AWS-IND-MH-001,2026-08-26 19:25:00+00:00,drift,temperature_c,-6.145237551368082
AWS-IND-MH-001,2026-08-26 19:30:00+00:00,drift,temperature_c,-6.145237551368082
AWS-IND-MH-001,2026-08-26 19:35:00+00:00,drift,temperature_c,-6.145237551368082
AWS-IND-MH-001,2026-08-26 19:40:00+00:00,drift,temperature_c,-6.145237551368082
AWS-IND-MH-001,2026-08-26 19:45:00+00:00,drift,temperature_c,-6.145237551368082
AWS-IND-MH-001,2026-08-26 19:50:00+00:00,drift,temperature_c,-6.145237551368082
AWS-IND-MH-001,2026-08-26 19:55:00+00:00,drift,temperature_c,-6.145237551368082
AWS-IND-MH-001,2026-08-26 20:00:00+00:00,drift,temperature_c,-6.145237551368082
AWS-IND-MH-001,2026-08-26 20:05:00+00:00,drift,temperature_c,-6.145237551368082
AWS-IND-MH-001,2026-08-26 20:10:00+00:00,drift,temperature_c,-6.145237551368082
AWS-IND-MH-001,2026-08-26 20:15:00+00:00,drift,temperature_c,-6.145237551368082
AWS-IND-MH-001,2026-08-26 20:20:00+00:00,drift,temperature_c,-6.145237551368082
AWS-IND-MH-001,2026-08-26 20:25:00+00:00,drift,temperature_c,-6.145237551368082
AWS-IND-MH-001,2026-08-26 20:30:00+00:00,drift,temperature_c,-6.145237551368082
AWS-IND-MH-001,2026-08-26 20:35:00+00:00,drift,temperature_c,-6.145237551368082
AWS-IND-MH-001,2026-08-26 20:40:00+00:00,drift,temperature_c,-6.145237551368082
AWS-IND-MH-001,2026-08-26 20:45:00+00:00,drift,temperature_c,-6.145237551368082
AWS-IND-MH-001,2026-08-26 20:50:00+00:00,drift,temperature_c,-6.145237551368082
AWS-IND-MH-001,2026-08-26 20:55:00+00:00,drift,temperature_c,-6.145237551368082
AWS-IND-MH-001,2026-08-26 21:00:00+00:00,drift,temperature_c,-6.145237551368082
AWS-IND-MH-001,2026-08-26 21:05:00+00:00,drift,temperature_c,-6.145237551368082
AWS-IND-MH-001,2026-08-26 21:10:00+00:00,drift,temperature_c,-6.145237551368082
AWS-IND-MH-001,2026-08-26 21:15:00+00:00,drift,temperature_c,-6.145237551368082
AWS-IND-MH-001,2026-08-26 21:20:00+00:00,drift,temperature_c,-6.145237551368082
AWS-IND-MH-001,2026-08-26 21:25:00+00:00,none,none,0.0
AWS-IND-MH-001,2026-08-26 21:30:00+00:00,none,none,0.0
AWS-IND-MH-001,2026-08-26 21:35:00+00:00,none,none,0.0
AWS-IND-MH-001,2026-08-26 21:40:00+00:00,none,none,0.0
AWS-IND-MH-001,2026-08-26 21:45:00+00:00,none,none,0.0
AWS-IND-MH-001,2026-08-26 21:50:00+00:00,none,none,0.0
AWS-IND-MH-001,2026-08-26 21:55:00+00:00,none,none,0.0
AWS-IND-MH-001,2026-08-26 22:00:00+00:00,none,none,0.0
AWS-IND-MH-001,2026-08-26 22:05:00+00:00,none,none,0.0
AWS-IND-MH-001,2026-08-26 22:10:00+00:00,none,none,0.0
AWS-IND-MH-001,2026-08-26 22:15:00+00:00,none,none,0.0
AWS-IND-MH-001,2026-08-26 22:20:00+00:00,none,none,0.0
AWS-IND-MH-001,2026-08-26 22:25:00+00:00,none,none,0.0
AWS-IND-MH-001,2026-08-26 22:30:00+00:00,none,none,0.0
AWS-IND-MH-001,2026-08-26 22:35:00+00:00,none,none,0.0
AWS-IND-MH-001,2026-08-26 22:40:00+00:00,none,none,0.0
AWS-IND-MH-001,2026-08-26 22:45:00+00:00,none,none,0.0
AWS-IND-MH-001,2026-08-26 22:50:00+00:00,none,none,0.0
AWS-IND-MH-001,2026-08-26 22:55:00+00:00,none,none,0.0
AWS-IND-MH-001,2026-08-26 23:00:00+00:00,none,none,0.0
AWS-IND-MH-001,2026-08-26 23:05:00+00:00,none,none,0.0
AWS-IND-MH-001,2026-08-26 23:10:00+00:00,none,none,0.0
AWS-IND-MH-001,2026-08-26 23:15:00+00:00,none,none,0.0
AWS-IND-MH-001,2026-08-26 23:20:00+00:00,none,none,0.0
AWS-IND-MH-001,2026-08-26 23:25:00+00:00,none,none,0.0
AWS-IND-MH-001,2026-08-26 23:30:00+00:00,none,none,0.0
AWS-IND-MH-001,2026-08-26 23:35:00+00:00,none,none,0.0
AWS-IND-MH-001,2026-08-26 23:40:00+00:00,none,none,0.0
AWS-IND-MH-001,2026-08-26 23:45:00+00:00,none,none,0.0
AWS-IND-MH-001,2026-08-26 23:50:00+00:00,spike,humidity_pct,-38.692285019797495
AWS-IND-MH-001,2026-08-26 23:55:00+00:00,spike,humidity_pct,-38.692285019797495
AWS-IND-MH-001,2026-08-27 00:00:00+00:00,spike,humidity_pct,-38.692285019797495
AWS-IND-MH-001,2026-08-27 00:05:00+00:00,none,none,0.0
AWS-IND-MH-001,2026-08-27 00:10:00+00:00,none,none,0.0
AWS-IND-MH-001,2026-08-27 00:15:00+00:00,none,none,0.0
AWS-IND-MH-001,2026-08-27 00:20:00+00:00,none,none,0.0
AWS-IND-MH-001,2026-08-27 00:25:00+00:00,none,none,0.0
AWS-IND-MH-001,2026-08-27 00:30:00+00:00,none,none,0.0
AWS-IND-MH-001,2026-08-27 00:35:00+00:00,none,none,0.0
AWS-IND-MH-001,2026-08-27 00:40:00+00:00,none,none,0.0
AWS-IND-MH-001,2026-08-27 00:45:00+00:00,none,none,0.0
AWS-IND-MH-001,2026-08-27 00:50:00+00:00,none,none,0.0
AWS-IND-MH-001,2026-08-27 00:55:00+00:00,none,none,0.0
AWS-IND-MH-001,2026-08-27 01:00:00+00:00,none,none,0.0
AWS-IND-MH-001,2026-08-27 01:05:00+00:00,none,none,0.0
AWS-IND-MH-001,2026-08-27 01:10:00+00:00,none,none,0.0
AWS-IND-MH-001,2026-08-27 01:15:00+00:00,none,none,0.0
AWS-IND-MH-001,2026-08-27 01:20:00+00:00,none,none,0.0
AWS-IND-MH-001,2026-08-27 01:25:00+00:00,none,none,0.0
AWS-IND-MH-001,2026-08-27 01:30:00+00:00,none,none,0.0
AWS-IND-MH-001,2026-08-27 01:35:00+00:00,none,none,0.0
AWS-IND-MH-001,2026-08-27 01:40:00+00:00,none,none,0.0
AWS-IND-MH-001,2026-08-27 01:45:00+00:00,none,none,0.0
AWS-IND-MH-001,2026-08-27 01:50:00+00:00,none,none,0.0
AWS-IND-MH-001,2026-08-27 01:55:00+00:00,none,none,0.0
AWS-IND-MH-001,2026-08-27 02:00:00+00:00,none,none,0.0
AWS-IND-MH-001,2026-08-27 02:05:00+00:00,none,none,0.0
AWS-IND-MH-001,2026-08-27 02:10:00+00:00,none,none,0.0
AWS-IND-MH-001,2026-08-27 02:15:00+00:00,none,none,0.0
AWS-IND-MH-001,2026-08-27 02:20:00+00:00,none,none,0.0
AWS-IND-MH-001,2026-08-27 02:25:00+00:00,none,none,0.0
AWS-IND-MH-001,2026-08-27 02:30:00+00:00,none,none,0.0
AWS-IND-MH-001,2026-08-27 02:35:00+00:00,none,none,0.0
AWS-IND-MH-001,2026-08-27 02:40:00+00:00,none,none,0.0
AWS-IND-MH-001,2026-08-27 02:45:00+00:00,none,none,0.0
AWS-IND-MH-001,2026-08-27 02:50:00+00:00,none,none,0.0
AWS-IND-MH-001,2026-08-27 02:55:00+00:00,none,none,0.0
AWS-IND-MH-001,2026-08-27 03:00:00+00:00,none,none,0.0
AWS-IND-MH-001,2026-08-27 03:05:00+00:00,none,none,0.0
AWS-IND-MH-001,2026-08-27 03:10:00+00:00,none,none,0.0
AWS-IND-MH-001,2026-08-27 03:15:00+00:00,none,none,0.0
AWS-IND-MH-001,2026-08-27 03:20:00+00:00,none,none,0.0
AWS-IND-MH-001,2026-08-27 03:25:00+00:00,none,none,0.0
AWS-IND-MH-001,2026-08-27 03:30:00+00:00,none,none,0.0
AWS-IND-MH-001,2026-08-27 03:35:00+00:00,none,none,0.0
AWS-IND-MH-001,2026-08-27 03:40:00+00:00,none,none,0.0
AWS-IND-MH-001,2026-08-27 03:45:00+00:00,none,none,0.0
AWS-IND-MH-001,2026-08-27 03:50:00+00:00,none,none,0.0
AWS-IND-MH-001,2026-08-27 03:55:00+00:00,none,none,0.0
AWS-IND-MH-001,2026-08-27 04:00:00+00:00,none,none,0.0
AWS-IND-MH-001,2026-08-27 04:05:00+00:00,none,none,0.0
AWS-IND-MH-001,2026-08-27 04:10:00+00:00,none,none,0.0
AWS-IND-MH-001,2026-08-27 04:15:00+00:00,none,none,0.0
AWS-IND-MH-001,2026-08-27 04:20:00+00:00,none,none,0.0
AWS-IND-MH-001,2026-08-27 04:25:00+00:00,none,none,0.0
AWS-IND-MH-001,2026-08-27 04:30:00+00:00,none,none,0.0
AWS-IND-MH-001,2026-08-27 04:35:00+00:00,none,none,0.0
AWS-IND-MH-001,2026-08-27 04:40:00+00:00,none,none,0.0
AWS-IND-MH-001,2026-08-27 04:45:00+00:00,none,none,0.0
AWS-IND-MH-001,2026-08-27 04:50:00+00:00,none,none,0.0
AWS-IND-MH-001,2026-08-27 04:55:00+00:00,none,none,0.0
AWS-IND-MH-001,2026-08-27 05:00:00+00:00,none,none,0.0
AWS-IND-MH-001,2026-08-27 05:05:00+00:00,none,none,0.0
AWS-IND-MH-001,2026-08-27 05:10:00+00:00,none,none,0.0
AWS-IND-MH-001,2026-08-27 05:15:00+00:00,none,none,0.0
AWS-IND-MH-001,2026-08-27 05:20:00+00:00,none,none,0.0
AWS-IND-MH-001,2026-08-27 05:25:00+00:00,none,none,0.0
AWS-IND-MH-001,2026-08-27 05:30:00+00:00,none,none,0.0
AWS-IND-MH-001,2026-08-27 05:35:00+00:00,none,none,0.0
AWS-IND-MH-001,2026-08-27 05:40:00+00:00,none,none,0.0
AWS-IND-MH-001,2026-08-27 05:45:00+00:00,none,none,0.0
AWS-IND-MH-001,2026-08-27 05:50:00+00:00,none,none,0.0
AWS-IND-MH-001,2026-08-27 05:55:00+00:00,none,none,0.0
AWS-IND-MH-001,2026-08-27 06:00:00+00:00,none,none,0.0
AWS-IND-MH-001,2026-08-27 06:05:00+00:00,none,none,0.0
AWS-IND-MH-001,2026-08-27 06:10:00+00:00,none,none,0.0
AWS-IND-MH-001,2026-08-27 06:15:00+00:00,none,none,0.0
AWS-IND-MH-001,2026-08-27 06:20:00+00:00,none,none,0.0
AWS-IND-MH-001,2026-08-27 06:25:00+00:00,none,none,0.0
AWS-IND-MH-001,2026-08-27 06:30:00+00:00,none,none,0.0
AWS-IND-MH-001,2026-08-27 06:35:00+00:00,none,none,0.0
AWS-IND-MH-001,2026-08-27 06:40:00+00:00,none,none,0.0
AWS-IND-MH-001,2026-08-27 06:45:00+00:00,none,none,0.0
AWS-IND-MH-001,2026-08-27 06:50:00+00:00,none,none,0.0
AWS-IND-MH-001,2026-08-27 06:55:00+00:00,none,none,0.0
AWS-IND-MH-001,2026-08-27 07:00:00+00:00,none,none,0.0
AWS-IND-MH-001,2026-08-27 07:05:00+00:00,none,none,0.0
AWS-IND-MH-001,2026-08-27 07:10:00+00:00,none,none,0.0
AWS-IND-MH-001,2026-08-27 07:15:00+00:00,none,none,0.0
AWS-IND-MH-001,2026-08-27 07:20:00+00:00,none,none,0.0
AWS-IND-MH-001,2026-08-27 07:25:00+00:00,none,none,0.0
AWS-IND-MH-001,2026-08-27 07:30:00+00:00,none,none,0.0
AWS-IND-MH-001,2026-08-27 07:35:00+00:00,none,none,0.0
AWS-IND-MH-001,2026-08-27 07:40:00+00:00,none,none,0.0
AWS-IND-MH-001,2026-08-27 07:45:00+00:00,none,none,0.0
AWS-IND-MH-001,2026-08-27 07:50:00+00:00,none,none,0.0
AWS-IND-MH-001,2026-08-27 07:55:00+00:00,none,none,0.0
AWS-IND-MH-001,2026-08-27 08:00:00+00:00,none,none,0.0
AWS-IND-MH-001,2026-08-27 08:05:00+00:00,none,none,0.0
AWS-IND-MH-001,2026-08-27 08:10:00+00:00,none,none,0.0
AWS-IND-MH-001,2026-08-27 08:15:00+00:00,none,none,0.0
AWS-IND-MH-001,2026-08-27 08:20:00+00:00,none,none,0.0
AWS-IND-MH-001,2026-08-27 08:25:00+00:00,none,none,0.0
AWS-IND-MH-001,2026-08-27 08:30:00+00:00,none,none,0.0
AWS-IND-MH-001,2026-08-27 08:35:00+00:00,none,none,0.0
AWS-IND-MH-001,2026-08-27 08:40:00+00:00,none,none,0.0
AWS-IND-MH-001,2026-08-27 08:45:00+00:00,none,none,0.0
AWS-IND-MH-001,2026-08-27 08:50:00+00:00,none,none,0.0
AWS-IND-MH-001,2026-08-27 08:55:00+00:00,none,none,0.0
AWS-IND-MH-001,2026-08-27 09:00:00+00:00,none,none,0.0
AWS-IND-MH-001,2026-08-27 09:05:00+00:00,none,none,0.0
AWS-IND-MH-001,2026-08-27 09:10:00+00:00,none,none,0.0
AWS-IND-MH-001,2026-08-27 09:15:00+00:00,none,none,0.0
AWS-IND-MH-001,2026-08-27 09:20:00+00:00,none,none,0.0
AWS-IND-MH-001,2026-08-27 09:25:00+00:00,none,none,0.0
AWS-IND-MH-001,2026-08-27 09:30:00+00:00,none,none,0.0
AWS-IND-MH-001,2026-08-27 09:35:00+00:00,none,none,0.0
AWS-IND-MH-001,2026-08-27 09:40:00+00:00,none,none,0.0
AWS-IND-MH-001,2026-08-27 09:45:00+00:00,none,none,0.0
AWS-IND-MH-001,2026-08-27 09:50:00+00:00,none,none,0.0
AWS-IND-MH-001,2026-08-27 09:55:00+00:00,none,none,0.0
AWS-IND-MH-001,2026-08-27 10:00:00+00:00,none,none,0.0
AWS-IND-MH-001,2026-08-27 10:05:00+00:00,none,none,0.0
AWS-IND-MH-001,2026-08-27 10:10:00+00:00,none,none,0.0
AWS-IND-MH-001,2026-08-27 10:15:00+00:00,none,none,0.0
AWS-IND-MH-001,2026-08-27 10:20:00+00:00,none,none,0.0
AWS-IND-MH-001,2026-08-27 10:25:00+00:00,none,none,0.0
AWS-IND-MH-001,2026-08-27 10:30:00+00:00,none,none,0.0
AWS-IND-MH-001,2026-08-27 10:35:00+00:00,none,none,0.0
AWS-IND-MH-001,2026-08-27 10:40:00+00:00,none,none,0.0
AWS-IND-MH-001,2026-08-27 10:45:00+00:00,none,none,0.0
AWS-IND-MH-001,2026-08-27 10:50:00+00:00,none,none,0.0
AWS-IND-MH-001,2026-08-27 10:55:00+00:00,none,none,0.0
AWS-IND-MH-001,2026-08-27 11:00:00+00:00,none,none,0.0
AWS-IND-MH-001,2026-08-27 11:05:00+00:00,none,none,0.0
AWS-IND-MH-001,2026-08-27 11:10:00+00:00,none,none,0.0
AWS-IND-MH-001,2026-08-27 11:15:00+00:00,none,none,0.0
AWS-IND-MH-001,2026-08-27 11:20:00+00:00,none,none,0.0
AWS-IND-MH-001,2026-08-27 11:25:00+00:00,none,none,0.0
AWS-IND-MH-001,2026-08-27 11:30:00+00:00,none,none,0.0
AWS-IND-MH-001,2026-08-27 11:35:00+00:00,none,none,0.0
AWS-IND-MH-001,2026-08-27 11:40:00+00:00,none,none,0.0
AWS-IND-MH-001,2026-08-27 11:45:00+00:00,none,none,0.0
AWS-IND-MH-001,2026-08-27 11:50:00+00:00,none,none,0.0
AWS-IND-MH-001,2026-08-27 11:55:00+00:00,none,none,0.0
AWS-IND-MH-001,2026-08-27 12:00:00+00:00,none,none,0.0
AWS-IND-MH-001,2026-08-27 12:05:00+00:00,none,none,0.0
AWS-IND-MH-001,2026-08-27 12:10:00+00:00,none,none,0.0
AWS-IND-MH-001,2026-08-27 12:15:00+00:00,none,none,0.0
AWS-IND-MH-001,2026-08-27 12:20:00+00:00,none,none,0.0
AWS-IND-MH-001,2026-08-27 12:25:00+00:00,none,none,0.0
AWS-IND-MH-001,2026-08-27 12:30:00+00:00,none,none,0.0
AWS-IND-MH-001,2026-08-27 12:35:00+00:00,none,none,0.0
AWS-IND-MH-001,2026-08-27 12:40:00+00:00,none,none,0.0
AWS-IND-MH-001,2026-08-27 12:45:00+00:00,none,none,0.0
AWS-IND-MH-001,2026-08-27 12:50:00+00:00,none,none,0.0
AWS-IND-MH-001,2026-08-27 12:55:00+00:00,none,none,0.0
AWS-IND-MH-001,2026-08-27 13:00:00+00:00,none,none,0.0
AWS-IND-MH-001,2026-08-27 13:05:00+00:00,none,none,0.0
AWS-IND-MH-001,2026-08-27 13:10:00+00:00,none,none,0.0
AWS-IND-MH-001,2026-08-27 13:15:00+00:00,none,none,0.0
AWS-IND-MH-001,2026-08-27 13:20:00+00:00,none,none,0.0
AWS-IND-MH-001,2026-08-27 13:25:00+00:00,none,none,0.0
AWS-IND-MH-001,2026-08-27 13:30:00+00:00,none,none,0.0
AWS-IND-MH-001,2026-08-27 13:35:00+00:00,none,none,0.0
AWS-IND-MH-001,2026-08-27 13:40:00+00:00,none,none,0.0
AWS-IND-MH-001,2026-08-27 13:45:00+00:00,none,none,0.0
AWS-IND-MH-001,2026-08-27 13:50:00+00:00,none,none,0.0
AWS-IND-MH-001,2026-08-27 13:55:00+00:00,none,none,0.0
AWS-IND-MH-001,2026-08-27 14:00:00+00:00,none,none,0.0
AWS-IND-MH-001,2026-08-27 14:05:00+00:00,none,none,0.0
AWS-IND-MH-001,2026-08-27 14:10:00+00:00,none,none,0.0
AWS-IND-MH-001,2026-08-27 14:15:00+00:00,none,none,0.0
AWS-IND-MH-001,2026-08-27 14:20:00+00:00,none,none,0.0
AWS-IND-MH-001,2026-08-27 14:25:00+00:00,none,none,0.0
AWS-IND-MH-001,2026-08-27 14:30:00+00:00,none,none,0.0
AWS-IND-MH-001,2026-08-27 14:35:00+00:00,none,none,0.0
AWS-IND-MH-001,2026-08-27 14:40:00+00:00,none,none,0.0
AWS-IND-MH-001,2026-08-27 14:45:00+00:00,none,none,0.0
AWS-IND-MH-001,2026-08-27 14:50:00+00:00,none,none,0.0
AWS-IND-MH-001,2026-08-27 14:55:00+00:00,none,none,0.0
AWS-IND-MH-001,2026-08-27 15:00:00+00:00,none,none,0.0
AWS-IND-MH-001,2026-08-27 15:05:00+00:00,none,none,0.0
AWS-IND-MH-001,2026-08-27 15:10:00+00:00,none,none,0.0
AWS-IND-MH-001,2026-08-27 15:15:00+00:00,none,none,0.0
AWS-IND-MH-001,2026-08-27 15:20:00+00:00,none,none,0.0
AWS-IND-MH-001,2026-08-27 15:25:00+00:00,none,none,0.0
AWS-IND-MH-001,2026-08-27 15:30:00+00:00,none,none,0.0
AWS-IND-MH-001,2026-08-27 15:35:00+00:00,none,none,0.0
AWS-IND-MH-001,2026-08-27 15:40:00+00:00,none,none,0.0
AWS-IND-MH-001,2026-08-27 15:45:00+00:00,none,none,0.0
AWS-IND-MH-001,2026-08-27 15:50:00+00:00,none,none,0.0
AWS-IND-MH-001,2026-08-27 15:55:00+00:00,none,none,0.0
AWS-IND-MH-001,2026-08-27 16:00:00+00:00,none,none,0.0
AWS-IND-MH-001,2026-08-27 16:05:00+00:00,none,none,0.0
AWS-IND-MH-001,2026-08-27 16:10:00+00:00,none,none,0.0
AWS-IND-MH-001,2026-08-27 16:15:00+00:00,none,none,0.0
AWS-IND-MH-001,2026-08-27 16:20:00+00:00,none,none,0.0
AWS-IND-MH-001,2026-08-27 16:25:00+00:00,none,none,0.0
AWS-IND-MH-001,2026-08-27 16:30:00+00:00,none,none,0.0
AWS-IND-MH-001,2026-08-27 16:35:00+00:00,none,none,0.0
AWS-IND-MH-001,2026-08-27 16:40:00+00:00,none,none,0.0
AWS-IND-MH-001,2026-08-27 16:45:00+00:00,none,none,0.0
AWS-IND-MH-001,2026-08-27 16:50:00+00:00,none,none,0.0
AWS-IND-MH-001,2026-08-27 16:55:00+00:00,none,none,0.0
AWS-IND-MH-001,2026-08-27 17:00:00+00:00,none,none,0.0
AWS-IND-MH-001,2026-08-27 17:05:00+00:00,none,none,0.0
AWS-IND-MH-001,2026-08-27 17:10:00+00:00,none,none,0.0
AWS-IND-MH-001,2026-08-27 17:15:00+00:00,none,none,0.0
AWS-IND-MH-001,2026-08-27 17:20:00+00:00,none,none,0.0
AWS-IND-MH-001,2026-08-27 17:25:00+00:00,none,none,0.0
AWS-IND-MH-001,2026-08-27 17:30:00+00:00,none,none,0.0
AWS-IND-MH-001,2026-08-27 17:35:00+00:00,none,none,0.0
AWS-IND-MH-001,2026-08-27 17:40:00+00:00,none,none,0.0
AWS-IND-MH-001,2026-08-27 17:45:00+00:00,none,none,0.0
AWS-IND-MH-001,2026-08-27 17:50:00+00:00,none,none,0.0
AWS-IND-MH-001,2026-08-27 17:55:00+00:00,none,none,0.0
AWS-IND-MH-001,2026-08-27 18:00:00+00:00,none,none,0.0
AWS-IND-MH-001,2026-08-27 18:05:00+00:00,none,none,0.0
AWS-IND-MH-001,2026-08-27 18:10:00+00:00,none,none,0.0
AWS-IND-MH-001,2026-08-27 18:15:00+00:00,none,none,0.0
AWS-IND-MH-001,2026-08-27 18:20:00+00:00,none,none,0.0
AWS-IND-MH-001,2026-08-27 18:25:00+00:00,none,none,0.0
AWS-IND-MH-001,2026-08-27 18:30:00+00:00,none,none,0.0
AWS-IND-MH-001,2026-08-27 18:35:00+00:00,none,none,0.0
AWS-IND-MH-001,2026-08-27 18:40:00+00:00,none,none,0.0
AWS-IND-MH-001,2026-08-27 18:45:00+00:00,none,none,0.0
AWS-IND-MH-001,2026-08-27 18:50:00+00:00,none,none,0.0
AWS-IND-MH-001,2026-08-27 18:55:00+00:00,none,none,0.0
AWS-IND-MH-001,2026-08-27 19:00:00+00:00,none,none,0.0
AWS-IND-MH-001,2026-08-27 19:05:00+00:00,none,none,0.0
AWS-IND-MH-001,2026-08-27 19:10:00+00:00,spike,pressure_hpa,37.545507836463784
AWS-IND-MH-001,2026-08-27 19:15:00+00:00,none,none,0.0
AWS-IND-MH-001,2026-08-27 19:20:00+00:00,none,none,0.0
AWS-IND-MH-001,2026-08-27 19:25:00+00:00,none,none,0.0
AWS-IND-MH-001,2026-08-27 19:30:00+00:00,none,none,0.0
AWS-IND-MH-001,2026-08-27 19:35:00+00:00,none,none,0.0
AWS-IND-MH-001,2026-08-27 19:40:00+00:00,none,none,0.0
AWS-IND-MH-001,2026-08-27 19:45:00+00:00,none,none,0.0
AWS-IND-MH-001,2026-08-27 19:50:00+00:00,none,none,0.0
AWS-IND-MH-001,2026-08-27 19:55:00+00:00,none,none,0.0
AWS-IND-MH-001,2026-08-27 20:00:00+00:00,none,none,0.0
AWS-IND-MH-001,2026-08-27 20:05:00+00:00,none,none,0.0
AWS-IND-MH-001,2026-08-27 20:10:00+00:00,none,none,0.0
AWS-IND-MH-001,2026-08-27 20:15:00+00:00,none,none,0.0
AWS-IND-MH-001,2026-08-27 20:20:00+00:00,none,none,0.0
AWS-IND-MH-001,2026-08-27 20:25:00+00:00,none,none,0.0
AWS-IND-MH-001,2026-08-27 20:30:00+00:00,none,none,0.0
AWS-IND-MH-001,2026-08-27 20:35:00+00:00,none,none,0.0
AWS-IND-MH-001,2026-08-27 20:40:00+00:00,none,none,0.0
AWS-IND-MH-001,2026-08-27 20:45:00+00:00,none,none,0.0
AWS-IND-MH-001,2026-08-27 20:50:00+00:00,none,none,0.0
AWS-IND-MH-001,2026-08-27 20:55:00+00:00,none,none,0.0
AWS-IND-MH-001,2026-08-27 21:00:00+00:00,none,none,0.0
AWS-IND-MH-001,2026-08-27 21:05:00+00:00,none,none,0.0
AWS-IND-MH-001,2026-08-27 21:10:00+00:00,none,none,0.0
AWS-IND-MH-001,2026-08-27 21:15:00+00:00,none,none,0.0
AWS-IND-MH-001,2026-08-27 21:20:00+00:00,none,none,0.0
AWS-IND-MH-001,2026-08-27 21:25:00+00:00,none,none,0.0
AWS-IND-MH-001,2026-08-27 21:30:00+00:00,none,none,0.0
AWS-IND-MH-001,2026-08-27 21:35:00+00:00,none,none,0.0
AWS-IND-MH-001,2026-08-27 21:40:00+00:00,none,none,0.0
AWS-IND-MH-001,2026-08-27 21:45:00+00:00,none,none,0.0
AWS-IND-MH-001,2026-08-27 21:50:00+00:00,none,none,0.0
AWS-IND-MH-001,2026-08-27 21:55:00+00:00,none,none,0.0
AWS-IND-MH-001,2026-08-27 22:00:00+00:00,none,none,0.0
AWS-IND-MH-001,2026-08-27 22:05:00+00:00,none,none,0.0
AWS-IND-MH-001,2026-08-27 22:10:00+00:00,none,none,0.0
AWS-IND-MH-001,2026-08-27 22:15:00+00:00,none,none,0.0
AWS-IND-MH-001,2026-08-27 22:20:00+00:00,none,none,0.0
AWS-IND-MH-001,2026-08-27 22:25:00+00:00,none,none,0.0
AWS-IND-MH-001,2026-08-27 22:30:00+00:00,none,none,0.0
AWS-IND-MH-001,2026-08-27 22:35:00+00:00,none,none,0.0
AWS-IND-MH-001,2026-08-27 22:40:00+00:00,none,none,0.0
AWS-IND-MH-001,2026-08-27 22:45:00+00:00,none,none,0.0
AWS-IND-MH-001,2026-08-27 22:50:00+00:00,none,none,0.0
AWS-IND-MH-001,2026-08-27 22:55:00+00:00,none,none,0.0
AWS-IND-MH-001,2026-08-27 23:00:00+00:00,none,none,0.0
AWS-IND-MH-001,2026-08-27 23:05:00+00:00,none,none,0.0
AWS-IND-MH-001,2026-08-27 23:10:00+00:00,none,none,0.0
AWS-IND-MH-001,2026-08-27 23:15:00+00:00,none,none,0.0
AWS-IND-MH-001,2026-08-27 23:20:00+00:00,none,none,0.0
AWS-IND-MH-001,2026-08-27 23:25:00+00:00,none,none,0.0
AWS-IND-MH-001,2026-08-27 23:30:00+00:00,none,none,0.0
AWS-IND-MH-001,2026-08-27 23:35:00+00:00,none,none,0.0
AWS-IND-MH-001,2026-08-27 23:40:00+00:00,none,none,0.0
AWS-IND-MH-001,2026-08-27 23:45:00+00:00,none,none,0.0
AWS-IND-MH-001,2026-08-27 23:50:00+00:00,none,none,0.0
AWS-IND-MH-001,2026-08-27 23:55:00+00:00,none,none,0.0
AWS-IND-MH-001,2026-08-28 00:00:00+00:00,none,none,0.0
AWS-IND-MH-001,2026-08-28 00:05:00+00:00,none,none,0.0
AWS-IND-MH-001,2026-08-28 00:10:00+00:00,none,none,0.0
AWS-IND-MH-001,2026-08-28 00:15:00+00:00,none,none,0.0
AWS-IND-MH-001,2026-08-28 00:20:00+00:00,none,none,0.0
AWS-IND-MH-001,2026-08-28 00:25:00+00:00,none,none,0.0
AWS-IND-MH-001,2026-08-28 00:30:00+00:00,none,none,0.0
AWS-IND-MH-001,2026-08-28 00:35:00+00:00,none,none,0.0
AWS-IND-MH-001,2026-08-28 00:40:00+00:00,none,none,0.0
AWS-IND-MH-001,2026-08-28 00:45:00+00:00,none,none,0.0
AWS-IND-MH-001,2026-08-28 00:50:00+00:00,none,none,0.0
AWS-IND-MH-001,2026-08-28 00:55:00+00:00,none,none,0.0
AWS-IND-MH-001,2026-08-28 01:00:00+00:00,spike,humidity_pct,-25.916487673113245
AWS-IND-MH-001,2026-08-28 01:05:00+00:00,none,none,0.0
AWS-IND-MH-001,2026-08-28 01:10:00+00:00,none,none,0.0
AWS-IND-MH-001,2026-08-28 01:15:00+00:00,none,none,0.0
AWS-IND-MH-001,2026-08-28 01:20:00+00:00,none,none,0.0
AWS-IND-MH-001,2026-08-28 01:25:00+00:00,none,none,0.0
AWS-IND-MH-001,2026-08-28 01:30:00+00:00,none,none,0.0
AWS-IND-MH-001,2026-08-28 01:35:00+00:00,none,none,0.0
AWS-IND-MH-001,2026-08-28 01:40:00+00:00,none,none,0.0
AWS-IND-MH-001,2026-08-28 01:45:00+00:00,none,none,0.0
AWS-IND-MH-001,2026-08-28 01:50:00+00:00,none,none,0.0
AWS-IND-MH-001,2026-08-28 01:55:00+00:00,none,none,0.0
AWS-IND-MH-001,2026-08-28 02:00:00+00:00,none,none,0.0
AWS-IND-MH-001,2026-08-28 02:05:00+00:00,none,none,0.0
AWS-IND-MH-001,2026-08-28 02:10:00+00:00,none,none,0.0
AWS-IND-MH-001,2026-08-28 02:15:00+00:00,none,none,0.0
AWS-IND-MH-001,2026-08-28 02:20:00+00:00,none,none,0.0
AWS-IND-MH-001,2026-08-28 02:25:00+00:00,none,none,0.0
AWS-IND-MH-001,2026-08-28 02:30:00+00:00,none,none,0.0
AWS-IND-MH-001,2026-08-28 02:35:00+00:00,none,none,0.0
AWS-IND-MH-001,2026-08-28 02:40:00+00:00,none,none,0.0
AWS-IND-MH-001,2026-08-28 02:45:00+00:00,none,none,0.0
AWS-IND-MH-001,2026-08-28 02:50:00+00:00,none,none,0.0
AWS-IND-MH-001,2026-08-28 02:55:00+00:00,none,none,0.0
AWS-IND-MH-001,2026-08-28 03:00:00+00:00,none,none,0.0
AWS-IND-MH-001,2026-08-28 03:05:00+00:00,none,none,0.0
AWS-IND-MH-001,2026-08-28 03:10:00+00:00,none,none,0.0
AWS-IND-MH-001,2026-08-28 03:15:00+00:00,none,none,0.0
AWS-IND-MH-001,2026-08-28 03:20:00+00:00,none,none,0.0
AWS-IND-MH-001,2026-08-28 03:25:00+00:00,none,none,0.0
AWS-IND-MH-001,2026-08-28 03:30:00+00:00,none,none,0.0
AWS-IND-MH-001,2026-08-28 03:35:00+00:00,none,none,0.0
AWS-IND-MH-001,2026-08-28 03:40:00+00:00,none,none,0.0
AWS-IND-MH-001,2026-08-28 03:45:00+00:00,none,none,0.0
AWS-IND-MH-001,2026-08-28 03:50:00+00:00,none,none,0.0
AWS-IND-MH-001,2026-08-28 03:55:00+00:00,none,none,0.0
AWS-IND-MH-001,2026-08-28 04:00:00+00:00,none,none,0.0
AWS-IND-MH-001,2026-08-28 04:05:00+00:00,none,none,0.0
AWS-IND-MH-001,2026-08-28 04:10:00+00:00,none,none,0.0
AWS-IND-MH-001,2026-08-28 04:15:00+00:00,none,none,0.0
AWS-IND-MH-001,2026-08-28 04:20:00+00:00,none,none,0.0
AWS-IND-MH-001,2026-08-28 04:25:00+00:00,none,none,0.0
AWS-IND-MH-001,2026-08-28 04:30:00+00:00,none,none,0.0
AWS-IND-MH-001,2026-08-28 04:35:00+00:00,none,none,0.0
AWS-IND-MH-001,2026-08-28 04:40:00+00:00,none,none,0.0
AWS-IND-MH-001,2026-08-28 04:45:00+00:00,none,none,0.0
AWS-IND-MH-001,2026-08-28 04:50:00+00:00,none,none,0.0
AWS-IND-MH-001,2026-08-28 04:55:00+00:00,none,none,0.0
AWS-IND-MH-001,2026-08-28 05:00:00+00:00,none,none,0.0
AWS-IND-MH-001,2026-08-28 05:05:00+00:00,none,none,0.0
AWS-IND-MH-001,2026-08-28 05:10:00+00:00,none,none,0.0
AWS-IND-MH-001,2026-08-28 05:15:00+00:00,none,none,0.0
AWS-IND-MH-001,2026-08-28 05:20:00+00:00,none,none,0.0
AWS-IND-MH-001,2026-08-28 05:25:00+00:00,none,none,0.0
AWS-IND-MH-001,2026-08-28 05:30:00+00:00,none,none,0.0
AWS-IND-MH-001,2026-08-28 05:35:00+00:00,none,none,0.0
AWS-IND-MH-001,2026-08-28 05:40:00+00:00,none,none,0.0
AWS-IND-MH-001,2026-08-28 05:45:00+00:00,none,none,0.0
AWS-IND-MH-001,2026-08-28 05:50:00+00:00,none,none,0.0
AWS-IND-MH-001,2026-08-28 05:55:00+00:00,none,none,0.0
AWS-IND-MH-001,2026-08-28 06:00:00+00:00,none,none,0.0
AWS-IND-MH-001,2026-08-28 06:05:00+00:00,none,none,0.0
AWS-IND-MH-001,2026-08-28 06:10:00+00:00,none,none,0.0
AWS-IND-MH-001,2026-08-28 06:15:00+00:00,none,none,0.0
AWS-IND-MH-001,2026-08-28 06:20:00+00:00,none,none,0.0
AWS-IND-MH-001,2026-08-28 06:25:00+00:00,none,none,0.0
AWS-IND-MH-001,2026-08-28 06:30:00+00:00,none,none,0.0
AWS-IND-MH-001,2026-08-28 06:35:00+00:00,none,none,0.0
AWS-IND-MH-001,2026-08-28 06:40:00+00:00,none,none,0.0
AWS-IND-MH-001,2026-08-28 06:45:00+00:00,none,none,0.0
AWS-IND-MH-001,2026-08-28 06:50:00+00:00,none,none,0.0
AWS-IND-MH-001,2026-08-28 06:55:00+00:00,none,none,0.0
AWS-IND-MH-001,2026-08-28 07:00:00+00:00,none,none,0.0
AWS-IND-MH-001,2026-08-28 07:05:00+00:00,none,none,0.0
AWS-IND-MH-001,2026-08-28 07:10:00+00:00,none,none,0.0
AWS-IND-MH-001,2026-08-28 07:15:00+00:00,none,none,0.0
AWS-IND-MH-001,2026-08-28 07:20:00+00:00,none,none,0.0
AWS-IND-MH-001,2026-08-28 07:25:00+00:00,none,none,0.0
AWS-IND-MH-001,2026-08-28 07:30:00+00:00,none,none,0.0
AWS-IND-MH-001,2026-08-28 07:35:00+00:00,none,none,0.0
AWS-IND-MH-001,2026-08-28 07:40:00+00:00,none,none,0.0
AWS-IND-MH-001,2026-08-28 07:45:00+00:00,none,none,0.0
AWS-IND-MH-001,2026-08-28 07:50:00+00:00,none,none,0.0
AWS-IND-MH-001,2026-08-28 07:55:00+00:00,none,none,0.0
AWS-IND-MH-001,2026-08-28 08:00:00+00:00,none,none,0.0
AWS-IND-MH-001,2026-08-28 08:05:00+00:00,none,none,0.0
AWS-IND-MH-001,2026-08-28 08:10:00+00:00,none,none,0.0
AWS-IND-MH-001,2026-08-28 08:15:00+00:00,none,none,0.0
AWS-IND-MH-001,2026-08-28 08:20:00+00:00,none,none,0.0
AWS-IND-MH-001,2026-08-28 08:25:00+00:00,none,none,0.0
AWS-IND-MH-001,2026-08-28 08:30:00+00:00,none,none,0.0
AWS-IND-MH-001,2026-08-28 08:35:00+00:00,none,none,0.0
AWS-IND-MH-001,2026-08-28 08:40:00+00:00,none,none,0.0
AWS-IND-MH-001,2026-08-28 08:45:00+00:00,none,none,0.0
AWS-IND-MH-001,2026-08-28 08:50:00+00:00,none,none,0.0
AWS-IND-MH-001,2026-08-28 08:55:00+00:00,none,none,0.0
AWS-IND-MH-001,2026-08-28 09:00:00+00:00,none,none,0.0
AWS-IND-MH-001,2026-08-28 09:05:00+00:00,none,none,0.0
AWS-IND-MH-001,2026-08-28 09:10:00+00:00,none,none,0.0
AWS-IND-MH-001,2026-08-28 09:15:00+00:00,none,none,0.0
AWS-IND-MH-001,2026-08-28 09:20:00+00:00,none,none,0.0
AWS-IND-MH-001,2026-08-28 09:25:00+00:00,none,none,0.0
AWS-IND-MH-001,2026-08-28 09:30:00+00:00,none,none,0.0
AWS-IND-MH-001,2026-08-28 09:35:00+00:00,none,none,0.0
AWS-IND-MH-001,2026-08-28 09:40:00+00:00,none,none,0.0
AWS-IND-MH-001,2026-08-28 09:45:00+00:00,none,none,0.0
AWS-IND-MH-001,2026-08-28 09:50:00+00:00,none,none,0.0
AWS-IND-MH-001,2026-08-28 09:55:00+00:00,none,none,0.0
AWS-IND-MH-001,2026-08-28 10:00:00+00:00,none,none,0.0
AWS-IND-MH-001,2026-08-28 10:05:00+00:00,none,none,0.0
AWS-IND-MH-001,2026-08-28 10:10:00+00:00,none,none,0.0
AWS-IND-MH-001,2026-08-28 10:15:00+00:00,none,none,0.0
AWS-IND-MH-001,2026-08-28 10:20:00+00:00,none,none,0.0
AWS-IND-MH-001,2026-08-28 10:25:00+00:00,none,none,0.0
AWS-IND-MH-001,2026-08-28 10:30:00+00:00,none,none,0.0
AWS-IND-MH-001,2026-08-28 10:35:00+00:00,none,none,0.0
AWS-IND-MH-001,2026-08-28 10:40:00+00:00,none,none,0.0
AWS-IND-MH-001,2026-08-28 10:45:00+00:00,none,none,0.0
AWS-IND-MH-001,2026-08-28 10:50:00+00:00,none,none,0.0
AWS-IND-MH-001,2026-08-28 10:55:00+00:00,none,none,0.0
AWS-IND-MH-001,2026-08-28 11:00:00+00:00,none,none,0.0
AWS-IND-MH-001,2026-08-28 11:05:00+00:00,none,none,0.0
AWS-IND-MH-001,2026-08-28 11:10:00+00:00,none,none,0.0
AWS-IND-MH-001,2026-08-28 11:15:00+00:00,none,none,0.0
AWS-IND-MH-001,2026-08-28 11:20:00+00:00,none,none,0.0
AWS-IND-MH-001,2026-08-28 11:25:00+00:00,none,none,0.0
AWS-IND-MH-001,2026-08-28 11:30:00+00:00,none,none,0.0
AWS-IND-MH-001,2026-08-28 11:35:00+00:00,none,none,0.0
AWS-IND-MH-001,2026-08-28 11:40:00+00:00,none,none,0.0
AWS-IND-MH-001,2026-08-28 11:45:00+00:00,none,none,0.0
AWS-IND-MH-001,2026-08-28 11:50:00+00:00,none,none,0.0
AWS-IND-MH-001,2026-08-28 11:55:00+00:00,none,none,0.0
AWS-IND-MH-001,2026-08-28 12:00:00+00:00,none,none,0.0
AWS-IND-MH-001,2026-08-28 12:05:00+00:00,none,none,0.0
AWS-IND-MH-001,2026-08-28 12:10:00+00:00,none,none,0.0
AWS-IND-MH-001,2026-08-28 12:15:00+00:00,none,none,0.0
AWS-IND-MH-001,2026-08-28 12:20:00+00:00,none,none,0.0
AWS-IND-MH-001,2026-08-28 12:25:00+00:00,none,none,0.0
AWS-IND-MH-001,2026-08-28 12:30:00+00:00,none,none,0.0
AWS-IND-MH-001,2026-08-28 12:35:00+00:00,none,none,0.0
AWS-IND-MH-001,2026-08-28 12:40:00+00:00,none,none,0.0
AWS-IND-MH-001,2026-08-28 12:45:00+00:00,none,none,0.0
AWS-IND-MH-001,2026-08-28 12:50:00+00:00,none,none,0.0
AWS-IND-MH-001,2026-08-28 12:55:00+00:00,none,none,0.0
AWS-IND-MH-001,2026-08-28 13:00:00+00:00,none,none,0.0
AWS-IND-MH-001,2026-08-28 13:05:00+00:00,none,none,0.0
AWS-IND-MH-001,2026-08-28 13:10:00+00:00,none,none,0.0
AWS-IND-MH-001,2026-08-28 13:15:00+00:00,none,none,0.0
AWS-IND-MH-001,2026-08-28 13:20:00+00:00,none,none,0.0
AWS-IND-MH-001,2026-08-28 13:25:00+00:00,none,none,0.0
AWS-IND-MH-001,2026-08-28 13:30:00+00:00,none,none,0.0
AWS-IND-MH-001,2026-08-28 13:35:00+00:00,none,none,0.0
AWS-IND-MH-001,2026-08-28 13:40:00+00:00,none,none,0.0
AWS-IND-MH-001,2026-08-28 13:45:00+00:00,none,none,0.0
AWS-IND-MH-001,2026-08-28 13:50:00+00:00,none,none,0.0
AWS-IND-MH-001,2026-08-28 13:55:00+00:00,none,none,0.0
AWS-IND-MH-001,2026-08-28 14:00:00+00:00,none,none,0.0
AWS-IND-MH-001,2026-08-28 14:05:00+00:00,none,none,0.0
AWS-IND-MH-001,2026-08-28 14:10:00+00:00,none,none,0.0
AWS-IND-MH-001,2026-08-28 14:15:00+00:00,none,none,0.0
AWS-IND-MH-001,2026-08-28 14:20:00+00:00,none,none,0.0
AWS-IND-MH-001,2026-08-28 14:25:00+00:00,none,none,0.0
AWS-IND-MH-001,2026-08-28 14:30:00+00:00,none,none,0.0
AWS-IND-MH-001,2026-08-28 14:35:00+00:00,none,none,0.0
AWS-IND-MH-001,2026-08-28 14:40:00+00:00,none,none,0.0
AWS-IND-MH-001,2026-08-28 14:45:00+00:00,none,none,0.0
AWS-IND-MH-001,2026-08-28 14:50:00+00:00,none,none,0.0
AWS-IND-MH-001,2026-08-28 14:55:00+00:00,none,none,0.0
AWS-IND-MH-001,2026-08-28 15:00:00+00:00,none,none,0.0
AWS-IND-MH-001,2026-08-28 15:05:00+00:00,none,none,0.0
AWS-IND-MH-001,2026-08-28 15:10:00+00:00,none,none,0.0
AWS-IND-MH-001,2026-08-28 15:15:00+00:00,none,none,0.0
AWS-IND-MH-001,2026-08-28 15:20:00+00:00,none,none,0.0
AWS-IND-MH-001,2026-08-28 15:25:00+00:00,none,none,0.0
AWS-IND-MH-001,2026-08-28 15:30:00+00:00,none,none,0.0
AWS-IND-MH-001,2026-08-28 15:35:00+00:00,none,none,0.0
AWS-IND-MH-001,2026-08-28 15:40:00+00:00,none,none,0.0
AWS-IND-MH-001,2026-08-28 15:45:00+00:00,none,none,0.0
AWS-IND-MH-001,2026-08-28 15:50:00+00:00,none,none,0.0
AWS-IND-MH-001,2026-08-28 15:55:00+00:00,none,none,0.0
AWS-IND-MH-001,2026-08-28 16:00:00+00:00,none,none,0.0
AWS-IND-MH-001,2026-08-28 16:05:00+00:00,none,none,0.0
AWS-IND-MH-001,2026-08-28 16:10:00+00:00,none,none,0.0
AWS-IND-MH-001,2026-08-28 16:15:00+00:00,none,none,0.0
AWS-IND-MH-001,2026-08-28 16:20:00+00:00,none,none,0.0
AWS-IND-MH-001,2026-08-28 16:25:00+00:00,none,none,0.0
AWS-IND-MH-001,2026-08-28 16:30:00+00:00,none,none,0.0
AWS-IND-MH-001,2026-08-28 16:35:00+00:00,none,none,0.0
AWS-IND-MH-001,2026-08-28 16:40:00+00:00,none,none,0.0
AWS-IND-MH-001,2026-08-28 16:45:00+00:00,none,none,0.0
AWS-IND-MH-001,2026-08-28 16:50:00+00:00,none,none,0.0
AWS-IND-MH-001,2026-08-28 16:55:00+00:00,none,none,0.0
AWS-IND-MH-001,2026-08-28 17:00:00+00:00,none,none,0.0
AWS-IND-MH-001,2026-08-28 17:05:00+00:00,none,none,0.0
AWS-IND-MH-001,2026-08-28 17:10:00+00:00,none,none,0.0
AWS-IND-MH-001,2026-08-28 17:15:00+00:00,none,none,0.0
AWS-IND-MH-001,2026-08-28 17:20:00+00:00,none,none,0.0
AWS-IND-MH-001,2026-08-28 17:25:00+00:00,none,none,0.0
AWS-IND-MH-001,2026-08-28 17:30:00+00:00,none,none,0.0
AWS-IND-MH-001,2026-08-28 17:35:00+00:00,none,none,0.0
AWS-IND-MH-001,2026-08-28 17:40:00+00:00,none,none,0.0
AWS-IND-MH-001,2026-08-28 17:45:00+00:00,none,none,0.0
AWS-IND-MH-001,2026-08-28 17:50:00+00:00,none,none,0.0
AWS-IND-MH-001,2026-08-28 17:55:00+00:00,none,none,0.0
AWS-IND-MH-001,2026-08-28 18:00:00+00:00,none,none,0.0
AWS-IND-MH-001,2026-08-28 18:05:00+00:00,none,none,0.0
AWS-IND-MH-001,2026-08-28 18:10:00+00:00,none,none,0.0
AWS-IND-MH-001,2026-08-28 18:15:00+00:00,none,none,0.0
AWS-IND-MH-001,2026-08-28 18:20:00+00:00,none,none,0.0
AWS-IND-MH-001,2026-08-28 18:25:00+00:00,none,none,0.0
AWS-IND-MH-001,2026-08-28 18:30:00+00:00,none,none,0.0
AWS-IND-MH-001,2026-08-28 18:35:00+00:00,none,none,0.0
AWS-IND-MH-001,2026-08-28 18:40:00+00:00,none,none,0.0
AWS-IND-MH-001,2026-08-28 18:45:00+00:00,none,none,0.0
AWS-IND-MH-001,2026-08-28 18:50:00+00:00,none,none,0.0
AWS-IND-MH-001,2026-08-28 18:55:00+00:00,none,none,0.0
AWS-IND-MH-001,2026-08-28 19:00:00+00:00,none,none,0.0
AWS-IND-MH-001,2026-08-28 19:05:00+00:00,none,none,0.0
AWS-IND-MH-001,2026-08-28 19:10:00+00:00,none,none,0.0
AWS-IND-MH-001,2026-08-28 19:15:00+00:00,none,none,0.0
AWS-IND-MH-001,2026-08-28 19:20:00+00:00,none,none,0.0
AWS-IND-MH-001,2026-08-28 19:25:00+00:00,none,none,0.0
AWS-IND-MH-001,2026-08-28 19:30:00+00:00,none,none,0.0
AWS-IND-MH-001,2026-08-28 19:35:00+00:00,none,none,0.0
AWS-IND-MH-001,2026-08-28 19:40:00+00:00,none,none,0.0
AWS-IND-MH-001,2026-08-28 19:45:00+00:00,none,none,0.0
AWS-IND-MH-001,2026-08-28 19:50:00+00:00,none,none,0.0
AWS-IND-MH-001,2026-08-28 19:55:00+00:00,none,none,0.0
AWS-IND-MH-001,2026-08-28 20:00:00+00:00,none,none,0.0
AWS-IND-MH-001,2026-08-28 20:05:00+00:00,none,none,0.0
AWS-IND-MH-001,2026-08-28 20:10:00+00:00,none,none,0.0
AWS-IND-MH-001,2026-08-28 20:15:00+00:00,none,none,0.0
AWS-IND-MH-001,2026-08-28 20:20:00+00:00,none,none,0.0
AWS-IND-MH-001,2026-08-28 20:25:00+00:00,none,none,0.0
AWS-IND-MH-001,2026-08-28 20:30:00+00:00,none,none,0.0
AWS-IND-MH-001,2026-08-28 20:35:00+00:00,none,none,0.0
AWS-IND-MH-001,2026-08-28 20:40:00+00:00,none,none,0.0
AWS-IND-MH-001,2026-08-28 20:45:00+00:00,none,none,0.0
AWS-IND-MH-001,2026-08-28 20:50:00+00:00,none,none,0.0
AWS-IND-MH-001,2026-08-28 20:55:00+00:00,none,none,0.0
AWS-IND-MH-001,2026-08-28 21:00:00+00:00,none,none,0.0
AWS-IND-MH-001,2026-08-28 21:05:00+00:00,spike,temperature_c,-12.635320605398501
AWS-IND-MH-001,2026-08-28 21:10:00+00:00,none,none,0.0
AWS-IND-MH-001,2026-08-28 21:15:00+00:00,none,none,0.0
AWS-IND-MH-001,2026-08-28 21:20:00+00:00,none,none,0.0
AWS-IND-MH-001,2026-08-28 21:25:00+00:00,none,none,0.0
AWS-IND-MH-001,2026-08-28 21:30:00+00:00,none,none,0.0
AWS-IND-MH-001,2026-08-28 21:35:00+00:00,none,none,0.0
AWS-IND-MH-001,2026-08-28 21:40:00+00:00,none,none,0.0
AWS-IND-MH-001,2026-08-28 21:45:00+00:00,none,none,0.0
AWS-IND-MH-001,2026-08-28 21:50:00+00:00,none,none,0.0
AWS-IND-MH-001,2026-08-28 21:55:00+00:00,none,none,0.0
AWS-IND-MH-001,2026-08-28 22:00:00+00:00,none,none,0.0
AWS-IND-MH-001,2026-08-28 22:05:00+00:00,none,none,0.0
AWS-IND-MH-001,2026-08-28 22:10:00+00:00,none,none,0.0
AWS-IND-MH-001,2026-08-28 22:15:00+00:00,none,none,0.0
AWS-IND-MH-001,2026-08-28 22:20:00+00:00,none,none,0.0
AWS-IND-MH-001,2026-08-28 22:25:00+00:00,none,none,0.0
AWS-IND-MH-001,2026-08-28 22:30:00+00:00,none,none,0.0
AWS-IND-MH-001,2026-08-28 22:35:00+00:00,none,none,0.0
AWS-IND-MH-001,2026-08-28 22:40:00+00:00,none,none,0.0
AWS-IND-MH-001,2026-08-28 22:45:00+00:00,none,none,0.0
AWS-IND-MH-001,2026-08-28 22:50:00+00:00,none,none,0.0
AWS-IND-MH-001,2026-08-28 22:55:00+00:00,none,none,0.0
AWS-IND-MH-001,2026-08-28 23:00:00+00:00,none,none,0.0
AWS-IND-MH-001,2026-08-28 23:05:00+00:00,none,none,0.0
AWS-IND-MH-001,2026-08-28 23:10:00+00:00,none,none,0.0
AWS-IND-MH-001,2026-08-28 23:15:00+00:00,none,none,0.0
AWS-IND-MH-001,2026-08-28 23:20:00+00:00,none,none,0.0
AWS-IND-MH-001,2026-08-28 23:25:00+00:00,none,none,0.0
AWS-IND-MH-001,2026-08-28 23:30:00+00:00,none,none,0.0
AWS-IND-MH-001,2026-08-28 23:35:00+00:00,none,none,0.0
AWS-IND-MH-001,2026-08-28 23:40:00+00:00,none,none,0.0
AWS-IND-MH-001,2026-08-28 23:45:00+00:00,none,none,0.0
AWS-IND-MH-001,2026-08-28 23:50:00+00:00,none,none,0.0
AWS-IND-MH-001,2026-08-28 23:55:00+00:00,none,none,0.0
AWS-IND-MH-001,2026-08-29 00:00:00+00:00,none,none,0.0
AWS-IND-MH-001,2026-08-29 00:05:00+00:00,none,none,0.0
AWS-IND-MH-001,2026-08-29 00:10:00+00:00,none,none,0.0
AWS-IND-MH-001,2026-08-29 00:15:00+00:00,none,none,0.0
AWS-IND-MH-001,2026-08-29 00:20:00+00:00,none,none,0.0
AWS-IND-MH-001,2026-08-29 00:25:00+00:00,none,none,0.0
AWS-IND-MH-001,2026-08-29 00:30:00+00:00,none,none,0.0
AWS-IND-MH-001,2026-08-29 00:35:00+00:00,none,none,0.0
AWS-IND-MH-001,2026-08-29 00:40:00+00:00,none,none,0.0
AWS-IND-MH-001,2026-08-29 00:45:00+00:00,none,none,0.0
AWS-IND-MH-001,2026-08-29 00:50:00+00:00,none,none,0.0
AWS-IND-MH-001,2026-08-29 00:55:00+00:00,none,none,0.0
AWS-IND-MH-001,2026-08-29 01:00:00+00:00,none,none,0.0
AWS-IND-MH-001,2026-08-29 01:05:00+00:00,none,none,0.0
AWS-IND-MH-001,2026-08-29 01:10:00+00:00,none,none,0.0
AWS-IND-MH-001,2026-08-29 01:15:00+00:00,none,none,0.0
AWS-IND-MH-001,2026-08-29 01:20:00+00:00,none,none,0.0
AWS-IND-MH-001,2026-08-29 01:25:00+00:00,none,none,0.0
AWS-IND-MH-001,2026-08-29 01:30:00+00:00,none,none,0.0
AWS-IND-MH-001,2026-08-29 01:35:00+00:00,none,none,0.0
AWS-IND-MH-001,2026-08-29 01:40:00+00:00,none,none,0.0
AWS-IND-MH-001,2026-08-29 01:45:00+00:00,none,none,0.0
AWS-IND-MH-001,2026-08-29 01:50:00+00:00,none,none,0.0
AWS-IND-MH-001,2026-08-29 01:55:00+00:00,none,none,0.0
AWS-IND-MH-001,2026-08-29 02:00:00+00:00,none,none,0.0
AWS-IND-MH-001,2026-08-29 02:05:00+00:00,none,none,0.0
AWS-IND-MH-001,2026-08-29 02:10:00+00:00,none,none,0.0
AWS-IND-MH-001,2026-08-29 02:15:00+00:00,none,none,0.0
AWS-IND-MH-001,2026-08-29 02:20:00+00:00,none,none,0.0
AWS-IND-MH-001,2026-08-29 02:25:00+00:00,none,none,0.0
AWS-IND-MH-001,2026-08-29 02:30:00+00:00,none,none,0.0
AWS-IND-MH-001,2026-08-29 02:35:00+00:00,none,none,0.0
AWS-IND-MH-001,2026-08-29 02:40:00+00:00,none,none,0.0
AWS-IND-MH-001,2026-08-29 02:45:00+00:00,none,none,0.0
AWS-IND-MH-001,2026-08-29 02:50:00+00:00,none,none,0.0
AWS-IND-MH-001,2026-08-29 02:55:00+00:00,none,none,0.0
AWS-IND-MH-001,2026-08-29 03:00:00+00:00,none,none,0.0
AWS-IND-MH-001,2026-08-29 03:05:00+00:00,none,none,0.0
AWS-IND-MH-001,2026-08-29 03:10:00+00:00,none,none,0.0
AWS-IND-MH-001,2026-08-29 03:15:00+00:00,none,none,0.0
AWS-IND-MH-001,2026-08-29 03:20:00+00:00,none,none,0.0
AWS-IND-MH-001,2026-08-29 03:25:00+00:00,none,none,0.0
AWS-IND-MH-001,2026-08-29 03:30:00+00:00,none,none,0.0
AWS-IND-MH-001,2026-08-29 03:35:00+00:00,none,none,0.0
AWS-IND-MH-001,2026-08-29 03:40:00+00:00,none,none,0.0
AWS-IND-MH-001,2026-08-29 03:45:00+00:00,none,none,0.0
AWS-IND-MH-001,2026-08-29 03:50:00+00:00,none,none,0.0
AWS-IND-MH-001,2026-08-29 03:55:00+00:00,none,none,0.0
AWS-IND-MH-001,2026-08-29 04:00:00+00:00,none,none,0.0
AWS-IND-MH-001,2026-08-29 04:05:00+00:00,none,none,0.0
AWS-IND-MH-001,2026-08-29 04:10:00+00:00,none,none,0.0
AWS-IND-MH-001,2026-08-29 04:15:00+00:00,none,none,0.0
AWS-IND-MH-001,2026-08-29 04:20:00+00:00,none,none,0.0
AWS-IND-MH-001,2026-08-29 04:25:00+00:00,none,none,0.0
AWS-IND-MH-001,2026-08-29 04:30:00+00:00,none,none,0.0
AWS-IND-MH-001,2026-08-29 04:35:00+00:00,none,none,0.0
AWS-IND-MH-001,2026-08-29 04:40:00+00:00,none,none,0.0
AWS-IND-MH-001,2026-08-29 04:45:00+00:00,none,none,0.0
AWS-IND-MH-001,2026-08-29 04:50:00+00:00,none,none,0.0
AWS-IND-MH-001,2026-08-29 04:55:00+00:00,none,none,0.0
AWS-IND-MH-001,2026-08-29 05:00:00+00:00,none,none,0.0
AWS-IND-MH-001,2026-08-29 05:05:00+00:00,none,none,0.0
AWS-IND-MH-001,2026-08-29 05:10:00+00:00,none,none,0.0
AWS-IND-MH-001,2026-08-29 05:15:00+00:00,none,none,0.0
AWS-IND-MH-001,2026-08-29 05:20:00+00:00,none,none,0.0
AWS-IND-MH-001,2026-08-29 05:25:00+00:00,none,none,0.0
AWS-IND-MH-001,2026-08-29 05:30:00+00:00,none,none,0.0
AWS-IND-MH-001,2026-08-29 05:35:00+00:00,none,none,0.0
AWS-IND-MH-001,2026-08-29 05:40:00+00:00,none,none,0.0
AWS-IND-MH-001,2026-08-29 05:45:00+00:00,none,none,0.0
AWS-IND-MH-001,2026-08-29 05:50:00+00:00,none,none,0.0
AWS-IND-MH-001,2026-08-29 05:55:00+00:00,none,none,0.0
AWS-IND-MH-001,2026-08-29 06:00:00+00:00,none,none,0.0
AWS-IND-MH-001,2026-08-29 06:05:00+00:00,none,none,0.0
AWS-IND-MH-001,2026-08-29 06:10:00+00:00,none,none,0.0
AWS-IND-MH-001,2026-08-29 06:15:00+00:00,none,none,0.0
AWS-IND-MH-001,2026-08-29 06:20:00+00:00,none,none,0.0
AWS-IND-MH-001,2026-08-29 06:25:00+00:00,none,none,0.0
AWS-IND-MH-001,2026-08-29 06:30:00+00:00,none,none,0.0
AWS-IND-MH-001,2026-08-29 06:35:00+00:00,none,none,0.0
AWS-IND-MH-001,2026-08-29 06:40:00+00:00,none,none,0.0
AWS-IND-MH-001,2026-08-29 06:45:00+00:00,none,none,0.0
AWS-IND-MH-001,2026-08-29 06:50:00+00:00,none,none,0.0
AWS-IND-MH-001,2026-08-29 06:55:00+00:00,none,none,0.0
AWS-IND-MH-001,2026-08-29 07:00:00+00:00,none,none,0.0
AWS-IND-MH-001,2026-08-29 07:05:00+00:00,none,none,0.0
AWS-IND-MH-001,2026-08-29 07:10:00+00:00,none,none,0.0
AWS-IND-MH-001,2026-08-29 07:15:00+00:00,none,none,0.0
AWS-IND-MH-001,2026-08-29 07:20:00+00:00,none,none,0.0
AWS-IND-MH-001,2026-08-29 07:25:00+00:00,none,none,0.0
AWS-IND-MH-001,2026-08-29 07:30:00+00:00,none,none,0.0
AWS-IND-MH-001,2026-08-29 07:35:00+00:00,none,none,0.0
AWS-IND-MH-001,2026-08-29 07:40:00+00:00,none,none,0.0
AWS-IND-MH-001,2026-08-29 07:45:00+00:00,none,none,0.0
AWS-IND-MH-001,2026-08-29 07:50:00+00:00,none,none,0.0
AWS-IND-MH-001,2026-08-29 07:55:00+00:00,none,none,0.0
AWS-IND-MH-001,2026-08-29 08:00:00+00:00,none,none,0.0
AWS-IND-MH-001,2026-08-29 08:05:00+00:00,none,none,0.0
AWS-IND-MH-001,2026-08-29 08:10:00+00:00,none,none,0.0
AWS-IND-MH-001,2026-08-29 08:15:00+00:00,none,none,0.0
AWS-IND-MH-001,2026-08-29 08:20:00+00:00,none,none,0.0
AWS-IND-MH-001,2026-08-29 08:25:00+00:00,none,none,0.0
AWS-IND-MH-001,2026-08-29 08:30:00+00:00,none,none,0.0
AWS-IND-MH-001,2026-08-29 08:35:00+00:00,none,none,0.0
AWS-IND-MH-001,2026-08-29 08:40:00+00:00,none,none,0.0
AWS-IND-MH-001,2026-08-29 08:45:00+00:00,none,none,0.0
AWS-IND-MH-001,2026-08-29 08:50:00+00:00,none,none,0.0
AWS-IND-MH-001,2026-08-29 08:55:00+00:00,none,none,0.0
AWS-IND-MH-001,2026-08-29 09:00:00+00:00,none,none,0.0
AWS-IND-MH-001,2026-08-29 09:05:00+00:00,none,none,0.0
AWS-IND-MH-001,2026-08-29 09:10:00+00:00,none,none,0.0
AWS-IND-MH-001,2026-08-29 09:15:00+00:00,none,none,0.0
AWS-IND-MH-001,2026-08-29 09:20:00+00:00,none,none,0.0
AWS-IND-MH-001,2026-08-29 09:25:00+00:00,none,none,0.0
AWS-IND-MH-001,2026-08-29 09:30:00+00:00,none,none,0.0
AWS-IND-MH-001,2026-08-29 09:35:00+00:00,none,none,0.0
AWS-IND-MH-001,2026-08-29 09:40:00+00:00,none,none,0.0
AWS-IND-MH-001,2026-08-29 09:45:00+00:00,none,none,0.0
AWS-IND-MH-001,2026-08-29 09:50:00+00:00,none,none,0.0
AWS-IND-MH-001,2026-08-29 09:55:00+00:00,none,none,0.0
AWS-IND-MH-001,2026-08-29 10:00:00+00:00,flatline,pressure_hpa,1008.8019212328754
AWS-IND-MH-001,2026-08-29 10:05:00+00:00,flatline,pressure_hpa,1008.8019212328754
AWS-IND-MH-001,2026-08-29 10:10:00+00:00,flatline,pressure_hpa,1008.8019212328754
AWS-IND-MH-001,2026-08-29 10:15:00+00:00,flatline,pressure_hpa,1008.8019212328754
AWS-IND-MH-001,2026-08-29 10:20:00+00:00,flatline,pressure_hpa,1008.8019212328754
AWS-IND-MH-001,2026-08-29 10:25:00+00:00,flatline,pressure_hpa,1008.8019212328754
AWS-IND-MH-001,2026-08-29 10:30:00+00:00,flatline,pressure_hpa,1008.8019212328754
AWS-IND-MH-001,2026-08-29 10:35:00+00:00,flatline,pressure_hpa,1008.8019212328754
AWS-IND-MH-001,2026-08-29 10:40:00+00:00,flatline,pressure_hpa,1008.8019212328754
AWS-IND-MH-001,2026-08-29 10:45:00+00:00,flatline,pressure_hpa,1008.8019212328754
AWS-IND-MH-001,2026-08-29 10:50:00+00:00,flatline,pressure_hpa,1008.8019212328754
AWS-IND-MH-001,2026-08-29 10:55:00+00:00,flatline,pressure_hpa,1008.8019212328754
AWS-IND-MH-001,2026-08-29 11:00:00+00:00,flatline,pressure_hpa,1008.8019212328754
AWS-IND-MH-001,2026-08-29 11:05:00+00:00,flatline,pressure_hpa,1008.8019212328754
AWS-IND-MH-001,2026-08-29 11:10:00+00:00,flatline,pressure_hpa,1008.8019212328754
AWS-IND-MH-001,2026-08-29 11:15:00+00:00,flatline,pressure_hpa,1008.8019212328754
AWS-IND-MH-001,2026-08-29 11:20:00+00:00,flatline,pressure_hpa,1008.8019212328754
AWS-IND-MH-001,2026-08-29 11:25:00+00:00,flatline,pressure_hpa,1008.8019212328754
AWS-IND-MH-001,2026-08-29 11:30:00+00:00,flatline,pressure_hpa,1008.8019212328754
AWS-IND-MH-001,2026-08-29 11:35:00+00:00,flatline,pressure_hpa,1008.8019212328754
AWS-IND-MH-001,2026-08-29 11:40:00+00:00,flatline,pressure_hpa,1008.8019212328754
AWS-IND-MH-001,2026-08-29 11:45:00+00:00,flatline,pressure_hpa,1008.8019212328754
AWS-IND-MH-001,2026-08-29 11:50:00+00:00,flatline,pressure_hpa,1008.8019212328754
AWS-IND-MH-001,2026-08-29 11:55:00+00:00,flatline,pressure_hpa,1008.8019212328754
AWS-IND-MH-001,2026-08-29 12:00:00+00:00,flatline,pressure_hpa,1008.8019212328754
AWS-IND-MH-001,2026-08-29 12:05:00+00:00,flatline,pressure_hpa,1008.8019212328754
AWS-IND-MH-001,2026-08-29 12:10:00+00:00,flatline,pressure_hpa,1008.8019212328754
AWS-IND-MH-001,2026-08-29 12:15:00+00:00,flatline,pressure_hpa,1008.8019212328754
AWS-IND-MH-001,2026-08-29 12:20:00+00:00,flatline,pressure_hpa,1008.8019212328754
AWS-IND-MH-001,2026-08-29 12:25:00+00:00,flatline,pressure_hpa,1008.8019212328754
AWS-IND-MH-001,2026-08-29 12:30:00+00:00,flatline,pressure_hpa,1008.8019212328754
AWS-IND-MH-001,2026-08-29 12:35:00+00:00,flatline,pressure_hpa,1008.8019212328754
AWS-IND-MH-001,2026-08-29 12:40:00+00:00,flatline,pressure_hpa,1008.8019212328754
AWS-IND-MH-001,2026-08-29 12:45:00+00:00,flatline,pressure_hpa,1008.8019212328754
AWS-IND-MH-001,2026-08-29 12:50:00+00:00,flatline,pressure_hpa,1008.8019212328754
AWS-IND-MH-001,2026-08-29 12:55:00+00:00,flatline,pressure_hpa,1008.8019212328754
AWS-IND-MH-001,2026-08-29 13:00:00+00:00,flatline,pressure_hpa,1008.8019212328754
AWS-IND-MH-001,2026-08-29 13:05:00+00:00,flatline,pressure_hpa,1008.8019212328754
AWS-IND-MH-001,2026-08-29 13:10:00+00:00,flatline,pressure_hpa,1008.8019212328754
AWS-IND-MH-001,2026-08-29 13:15:00+00:00,none,none,0.0
AWS-IND-MH-001,2026-08-29 13:20:00+00:00,none,none,0.0
AWS-IND-MH-001,2026-08-29 13:25:00+00:00,none,none,0.0
AWS-IND-MH-001,2026-08-29 13:30:00+00:00,none,none,0.0
AWS-IND-MH-001,2026-08-29 13:35:00+00:00,none,none,0.0
AWS-IND-MH-001,2026-08-29 13:40:00+00:00,none,none,0.0
AWS-IND-MH-001,2026-08-29 13:45:00+00:00,none,none,0.0
AWS-IND-MH-001,2026-08-29 13:50:00+00:00,none,none,0.0
AWS-IND-MH-001,2026-08-29 13:55:00+00:00,none,none,0.0
AWS-IND-MH-001,2026-08-29 14:00:00+00:00,none,none,0.0
AWS-IND-MH-001,2026-08-29 14:05:00+00:00,none,none,0.0
AWS-IND-MH-001,2026-08-29 14:10:00+00:00,none,none,0.0
AWS-IND-MH-001,2026-08-29 14:15:00+00:00,none,none,0.0
AWS-IND-MH-001,2026-08-29 14:20:00+00:00,none,none,0.0
AWS-IND-MH-001,2026-08-29 14:25:00+00:00,none,none,0.0
AWS-IND-MH-001,2026-08-29 14:30:00+00:00,none,none,0.0
AWS-IND-MH-001,2026-08-29 14:35:00+00:00,none,none,0.0
AWS-IND-MH-001,2026-08-29 14:40:00+00:00,none,none,0.0
AWS-IND-MH-001,2026-08-29 14:45:00+00:00,none,none,0.0
AWS-IND-MH-001,2026-08-29 14:50:00+00:00,none,none,0.0
AWS-IND-MH-001,2026-08-29 14:55:00+00:00,none,none,0.0
AWS-IND-MH-001,2026-08-29 15:00:00+00:00,none,none,0.0
AWS-IND-MH-001,2026-08-29 15:05:00+00:00,none,none,0.0
AWS-IND-MH-001,2026-08-29 15:10:00+00:00,none,none,0.0
AWS-IND-MH-001,2026-08-29 15:15:00+00:00,none,none,0.0
AWS-IND-MH-001,2026-08-29 15:20:00+00:00,none,none,0.0
AWS-IND-MH-001,2026-08-29 15:25:00+00:00,none,none,0.0
AWS-IND-MH-001,2026-08-29 15:30:00+00:00,none,none,0.0
AWS-IND-MH-001,2026-08-29 15:35:00+00:00,none,none,0.0
AWS-IND-MH-001,2026-08-29 15:40:00+00:00,none,none,0.0
AWS-IND-MH-001,2026-08-29 15:45:00+00:00,none,none,0.0
AWS-IND-MH-001,2026-08-29 15:50:00+00:00,none,none,0.0
AWS-IND-MH-001,2026-08-29 15:55:00+00:00,none,none,0.0
AWS-IND-MH-001,2026-08-29 16:00:00+00:00,none,none,0.0
AWS-IND-MH-001,2026-08-29 16:05:00+00:00,none,none,0.0
AWS-IND-MH-001,2026-08-29 16:10:00+00:00,none,none,0.0
AWS-IND-MH-001,2026-08-29 16:15:00+00:00,none,none,0.0
AWS-IND-MH-001,2026-08-29 16:20:00+00:00,none,none,0.0
AWS-IND-MH-001,2026-08-29 16:25:00+00:00,none,none,0.0
AWS-IND-MH-001,2026-08-29 16:30:00+00:00,none,none,0.0
AWS-IND-MH-001,2026-08-29 16:35:00+00:00,none,none,0.0
AWS-IND-MH-001,2026-08-29 16:40:00+00:00,none,none,0.0
AWS-IND-MH-001,2026-08-29 16:45:00+00:00,none,none,0.0
AWS-IND-MH-001,2026-08-29 16:50:00+00:00,none,none,0.0
AWS-IND-MH-001,2026-08-29 16:55:00+00:00,none,none,0.0
AWS-IND-MH-001,2026-08-29 17:00:00+00:00,none,none,0.0
AWS-IND-MH-001,2026-08-29 17:05:00+00:00,none,none,0.0
AWS-IND-MH-001,2026-08-29 17:10:00+00:00,none,none,0.0
AWS-IND-MH-001,2026-08-29 17:15:00+00:00,none,none,0.0
AWS-IND-MH-001,2026-08-29 17:20:00+00:00,none,none,0.0
AWS-IND-MH-001,2026-08-29 17:25:00+00:00,none,none,0.0
AWS-IND-MH-001,2026-08-29 17:30:00+00:00,none,none,0.0
AWS-IND-MH-001,2026-08-29 17:35:00+00:00,none,none,0.0
AWS-IND-MH-001,2026-08-29 17:40:00+00:00,none,none,0.0
AWS-IND-MH-001,2026-08-29 17:45:00+00:00,none,none,0.0
AWS-IND-MH-001,2026-08-29 17:50:00+00:00,none,none,0.0
AWS-IND-MH-001,2026-08-29 17:55:00+00:00,none,none,0.0
AWS-IND-MH-001,2026-08-29 18:00:00+00:00,none,none,0.0
AWS-IND-MH-001,2026-08-29 18:05:00+00:00,none,none,0.0
AWS-IND-MH-001,2026-08-29 18:10:00+00:00,none,none,0.0
AWS-IND-MH-001,2026-08-29 18:15:00+00:00,none,none,0.0
AWS-IND-MH-001,2026-08-29 18:20:00+00:00,none,none,0.0
AWS-IND-MH-001,2026-08-29 18:25:00+00:00,none,none,0.0
AWS-IND-MH-001,2026-08-29 18:30:00+00:00,none,none,0.0
AWS-IND-MH-001,2026-08-29 18:35:00+00:00,none,none,0.0
AWS-IND-MH-001,2026-08-29 18:40:00+00:00,none,none,0.0
AWS-IND-MH-001,2026-08-29 18:45:00+00:00,none,none,0.0
AWS-IND-MH-001,2026-08-29 18:50:00+00:00,none,none,0.0
AWS-IND-MH-001,2026-08-29 18:55:00+00:00,none,none,0.0
AWS-IND-MH-001,2026-08-29 19:00:00+00:00,none,none,0.0
AWS-IND-MH-001,2026-08-29 19:05:00+00:00,none,none,0.0
AWS-IND-MH-001,2026-08-29 19:10:00+00:00,none,none,0.0
AWS-IND-MH-001,2026-08-29 19:15:00+00:00,none,none,0.0
AWS-IND-MH-001,2026-08-29 19:20:00+00:00,none,none,0.0
AWS-IND-MH-001,2026-08-29 19:25:00+00:00,none,none,0.0
AWS-IND-MH-001,2026-08-29 19:30:00+00:00,none,none,0.0
AWS-IND-MH-001,2026-08-29 19:35:00+00:00,none,none,0.0
AWS-IND-MH-001,2026-08-29 19:40:00+00:00,none,none,0.0
AWS-IND-MH-001,2026-08-29 19:45:00+00:00,none,none,0.0
AWS-IND-MH-001,2026-08-29 19:50:00+00:00,none,none,0.0
AWS-IND-MH-001,2026-08-29 19:55:00+00:00,none,none,0.0
AWS-IND-MH-001,2026-08-29 20:00:00+00:00,none,none,0.0
AWS-IND-MH-001,2026-08-29 20:05:00+00:00,none,none,0.0
AWS-IND-MH-001,2026-08-29 20:10:00+00:00,none,none,0.0
AWS-IND-MH-001,2026-08-29 20:15:00+00:00,none,none,0.0
AWS-IND-MH-001,2026-08-29 20:20:00+00:00,none,none,0.0
AWS-IND-MH-001,2026-08-29 20:25:00+00:00,none,none,0.0
AWS-IND-MH-001,2026-08-29 20:30:00+00:00,none,none,0.0
AWS-IND-MH-001,2026-08-29 20:35:00+00:00,none,none,0.0
AWS-IND-MH-001,2026-08-29 20:40:00+00:00,none,none,0.0
AWS-IND-MH-001,2026-08-29 20:45:00+00:00,none,none,0.0
AWS-IND-MH-001,2026-08-29 20:50:00+00:00,none,none,0.0
AWS-IND-MH-001,2026-08-29 20:55:00+00:00,none,none,0.0
AWS-IND-MH-001,2026-08-29 21:00:00+00:00,none,none,0.0
AWS-IND-MH-001,2026-08-29 21:05:00+00:00,none,none,0.0
AWS-IND-MH-001,2026-08-29 21:10:00+00:00,none,none,0.0
AWS-IND-MH-001,2026-08-29 21:15:00+00:00,none,none,0.0
AWS-IND-MH-001,2026-08-29 21:20:00+00:00,none,none,0.0
AWS-IND-MH-001,2026-08-29 21:25:00+00:00,none,none,0.0
AWS-IND-MH-001,2026-08-29 21:30:00+00:00,none,none,0.0
AWS-IND-MH-001,2026-08-29 21:35:00+00:00,none,none,0.0
AWS-IND-MH-001,2026-08-29 21:40:00+00:00,none,none,0.0
AWS-IND-MH-001,2026-08-29 21:45:00+00:00,none,none,0.0
AWS-IND-MH-001,2026-08-29 21:50:00+00:00,none,none,0.0
AWS-IND-MH-001,2026-08-29 21:55:00+00:00,none,none,0.0
AWS-IND-MH-001,2026-08-29 22:00:00+00:00,none,none,0.0
AWS-IND-MH-001,2026-08-29 22:05:00+00:00,none,none,0.0
AWS-IND-MH-001,2026-08-29 22:10:00+00:00,none,none,0.0
AWS-IND-MH-001,2026-08-29 22:15:00+00:00,none,none,0.0
AWS-IND-MH-001,2026-08-29 22:20:00+00:00,none,none,0.0
AWS-IND-MH-001,2026-08-29 22:25:00+00:00,none,none,0.0
AWS-IND-MH-001,2026-08-29 22:30:00+00:00,none,none,0.0
AWS-IND-MH-001,2026-08-29 22:35:00+00:00,none,none,0.0
AWS-IND-MH-001,2026-08-29 22:40:00+00:00,none,none,0.0
AWS-IND-MH-001,2026-08-29 22:45:00+00:00,none,none,0.0
AWS-IND-MH-001,2026-08-29 22:50:00+00:00,none,none,0.0
AWS-IND-MH-001,2026-08-29 22:55:00+00:00,none,none,0.0
AWS-IND-MH-001,2026-08-29 23:00:00+00:00,none,none,0.0
AWS-IND-MH-001,2026-08-29 23:05:00+00:00,none,none,0.0
AWS-IND-MH-001,2026-08-29 23:10:00+00:00,none,none,0.0
AWS-IND-MH-001,2026-08-29 23:15:00+00:00,none,none,0.0
AWS-IND-MH-001,2026-08-29 23:20:00+00:00,none,none,0.0
AWS-IND-MH-001,2026-08-29 23:25:00+00:00,none,none,0.0
AWS-IND-MH-001,2026-08-29 23:30:00+00:00,none,none,0.0
AWS-IND-MH-001,2026-08-29 23:35:00+00:00,none,none,0.0
AWS-IND-MH-001,2026-08-29 23:40:00+00:00,none,none,0.0
AWS-IND-MH-001,2026-08-29 23:45:00+00:00,none,none,0.0
AWS-IND-MH-001,2026-08-29 23:50:00+00:00,none,none,0.0
AWS-IND-MH-001,2026-08-29 23:55:00+00:00,none,none,0.0
AWS-IND-DL-001,2026-08-23 00:00:00+00:00,none,none,0.0
AWS-IND-DL-001,2026-08-23 00:05:00+00:00,none,none,0.0
AWS-IND-DL-001,2026-08-23 00:10:00+00:00,none,none,0.0
AWS-IND-DL-001,2026-08-23 00:15:00+00:00,none,none,0.0
AWS-IND-DL-001,2026-08-23 00:20:00+00:00,none,none,0.0
AWS-IND-DL-001,2026-08-23 00:25:00+00:00,none,none,0.0
AWS-IND-DL-001,2026-08-23 00:30:00+00:00,none,none,0.0
AWS-IND-DL-001,2026-08-23 00:35:00+00:00,none,none,0.0
AWS-IND-DL-001,2026-08-23 00:40:00+00:00,none,none,0.0
AWS-IND-DL-001,2026-08-23 00:45:00+00:00,none,none,0.0
AWS-IND-DL-001,2026-08-23 00:50:00+00:00,none,none,0.0
AWS-IND-DL-001,2026-08-23 00:55:00+00:00,none,none,0.0
AWS-IND-DL-001,2026-08-23 01:00:00+00:00,none,none,0.0
AWS-IND-DL-001,2026-08-23 01:05:00+00:00,none,none,0.0
AWS-IND-DL-001,2026-08-23 01:10:00+00:00,none,none,0.0
AWS-IND-DL-001,2026-08-23 01:15:00+00:00,none,none,0.0
AWS-IND-DL-001,2026-08-23 01:20:00+00:00,none,none,0.0
AWS-IND-DL-001,2026-08-23 01:25:00+00:00,none,none,0.0
AWS-IND-DL-001,2026-08-23 01:30:00+00:00,none,none,0.0
AWS-IND-DL-001,2026-08-23 01:35:00+00:00,none,none,0.0
AWS-IND-DL-001,2026-08-23 01:40:00+00:00,none,none,0.0
AWS-IND-DL-001,2026-08-23 01:45:00+00:00,none,none,0.0
AWS-IND-DL-001,2026-08-23 01:50:00+00:00,none,none,0.0
AWS-IND-DL-001,2026-08-23 01:55:00+00:00,none,none,0.0
AWS-IND-DL-001,2026-08-23 02:00:00+00:00,none,none,0.0
AWS-IND-DL-001,2026-08-23 02:05:00+00:00,none,none,0.0
AWS-IND-DL-001,2026-08-23 02:10:00+00:00,none,none,0.0
AWS-IND-DL-001,2026-08-23 02:15:00+00:00,none,none,0.0
AWS-IND-DL-001,2026-08-23 02:20:00+00:00,none,none,0.0
AWS-IND-DL-001,2026-08-23 02:25:00+00:00,none,none,0.0
AWS-IND-DL-001,2026-08-23 02:30:00+00:00,none,none,0.0
AWS-IND-DL-001,2026-08-23 02:35:00+00:00,none,none,0.0
AWS-IND-DL-001,2026-08-23 02:40:00+00:00,none,none,0.0
AWS-IND-DL-001,2026-08-23 02:45:00+00:00,none,none,0.0
AWS-IND-DL-001,2026-08-23 02:50:00+00:00,none,none,0.0
AWS-IND-DL-001,2026-08-23 02:55:00+00:00,none,none,0.0
AWS-IND-DL-001,2026-08-23 03:00:00+00:00,none,none,0.0
AWS-IND-DL-001,2026-08-23 03:05:00+00:00,none,none,0.0
AWS-IND-DL-001,2026-08-23 03:10:00+00:00,none,none,0.0
AWS-IND-DL-001,2026-08-23 03:15:00+00:00,none,none,0.0
AWS-IND-DL-001,2026-08-23 03:20:00+00:00,none,none,0.0
AWS-IND-DL-001,2026-08-23 03:25:00+00:00,none,none,0.0
AWS-IND-DL-001,2026-08-23 03:30:00+00:00,none,none,0.0
AWS-IND-DL-001,2026-08-23 03:35:00+00:00,none,none,0.0
AWS-IND-DL-001,2026-08-23 03:40:00+00:00,none,none,0.0
AWS-IND-DL-001,2026-08-23 03:45:00+00:00,none,none,0.0
AWS-IND-DL-001,2026-08-23 03:50:00+00:00,none,none,0.0
AWS-IND-DL-001,2026-08-23 03:55:00+00:00,none,none,0.0
AWS-IND-DL-001,2026-08-23 04:00:00+00:00,none,none,0.0
AWS-IND-DL-001,2026-08-23 04:05:00+00:00,none,none,0.0
AWS-IND-DL-001,2026-08-23 04:10:00+00:00,none,none,0.0
AWS-IND-DL-001,2026-08-23 04:15:00+00:00,none,none,0.0
AWS-IND-DL-001,2026-08-23 04:20:00+00:00,none,none,0.0
AWS-IND-DL-001,2026-08-23 04:25:00+00:00,none,none,0.0
AWS-IND-DL-001,2026-08-23 04:30:00+00:00,none,none,0.0
AWS-IND-DL-001,2026-08-23 04:35:00+00:00,none,none,0.0
AWS-IND-DL-001,2026-08-23 04:40:00+00:00,none,none,0.0
AWS-IND-DL-001,2026-08-23 04:45:00+00:00,none,none,0.0
AWS-IND-DL-001,2026-08-23 04:50:00+00:00,none,none,0.0
AWS-IND-DL-001,2026-08-23 04:55:00+00:00,none,none,0.0
AWS-IND-DL-001,2026-08-23 05:00:00+00:00,none,none,0.0
AWS-IND-DL-001,2026-08-23 05:05:00+00:00,none,none,0.0
AWS-IND-DL-001,2026-08-23 05:10:00+00:00,none,none,0.0
AWS-IND-DL-001,2026-08-23 05:15:00+00:00,none,none,0.0
AWS-IND-DL-001,2026-08-23 05:20:00+00:00,none,none,0.0
AWS-IND-DL-001,2026-08-23 05:25:00+00:00,none,none,0.0
AWS-IND-DL-001,2026-08-23 05:30:00+00:00,none,none,0.0
AWS-IND-DL-001,2026-08-23 05:35:00+00:00,none,none,0.0
AWS-IND-DL-001,2026-08-23 05:40:00+00:00,none,none,0.0
AWS-IND-DL-001,2026-08-23 05:45:00+00:00,none,none,0.0
AWS-IND-DL-001,2026-08-23 05:50:00+00:00,none,none,0.0
AWS-IND-DL-001,2026-08-23 05:55:00+00:00,none,none,0.0
AWS-IND-DL-001,2026-08-23 06:00:00+00:00,none,none,0.0
AWS-IND-DL-001,2026-08-23 06:05:00+00:00,none,none,0.0
AWS-IND-DL-001,2026-08-23 06:10:00+00:00,none,none,0.0
AWS-IND-DL-001,2026-08-23 06:15:00+00:00,none,none,0.0
AWS-IND-DL-001,2026-08-23 06:20:00+00:00,none,none,0.0
AWS-IND-DL-001,2026-08-23 06:25:00+00:00,none,none,0.0
AWS-IND-DL-001,2026-08-23 06:30:00+00:00,none,none,0.0
AWS-IND-DL-001,2026-08-23 06:35:00+00:00,none,none,0.0
AWS-IND-DL-001,2026-08-23 06:40:00+00:00,none,none,0.0
AWS-IND-DL-001,2026-08-23 06:45:00+00:00,none,none,0.0
AWS-IND-DL-001,2026-08-23 06:50:00+00:00,none,none,0.0
AWS-IND-DL-001,2026-08-23 06:55:00+00:00,none,none,0.0
AWS-IND-DL-001,2026-08-23 07:00:00+00:00,none,none,0.0
AWS-IND-DL-001,2026-08-23 07:05:00+00:00,none,none,0.0
AWS-IND-DL-001,2026-08-23 07:10:00+00:00,none,none,0.0
AWS-IND-DL-001,2026-08-23 07:15:00+00:00,none,none,0.0
AWS-IND-DL-001,2026-08-23 07:20:00+00:00,none,none,0.0
AWS-IND-DL-001,2026-08-23 07:25:00+00:00,none,none,0.0
AWS-IND-DL-001,2026-08-23 07:30:00+00:00,none,none,0.0
AWS-IND-DL-001,2026-08-23 07:35:00+00:00,none,none,0.0
AWS-IND-DL-001,2026-08-23 07:40:00+00:00,none,none,0.0
AWS-IND-DL-001,2026-08-23 07:45:00+00:00,none,none,0.0
AWS-IND-DL-001,2026-08-23 07:50:00+00:00,none,none,0.0
AWS-IND-DL-001,2026-08-23 07:55:00+00:00,none,none,0.0
AWS-IND-DL-001,2026-08-23 08:00:00+00:00,none,none,0.0
AWS-IND-DL-001,2026-08-23 08:05:00+00:00,none,none,0.0
AWS-IND-DL-001,2026-08-23 08:10:00+00:00,none,none,0.0
AWS-IND-DL-001,2026-08-23 08:15:00+00:00,none,none,0.0
AWS-IND-DL-001,2026-08-23 08:20:00+00:00,none,none,0.0
AWS-IND-DL-001,2026-08-23 08:25:00+00:00,none,none,0.0
AWS-IND-DL-001,2026-08-23 08:30:00+00:00,none,none,0.0
AWS-IND-DL-001,2026-08-23 08:35:00+00:00,none,none,0.0
AWS-IND-DL-001,2026-08-23 08:40:00+00:00,none,none,0.0
AWS-IND-DL-001,2026-08-23 08:45:00+00:00,none,none,0.0
AWS-IND-DL-001,2026-08-23 08:50:00+00:00,none,none,0.0
AWS-IND-DL-001,2026-08-23 08:55:00+00:00,none,none,0.0
AWS-IND-DL-001,2026-08-23 09:00:00+00:00,none,none,0.0
AWS-IND-DL-001,2026-08-23 09:05:00+00:00,none,none,0.0
AWS-IND-DL-001,2026-08-23 09:10:00+00:00,none,none,0.0
AWS-IND-DL-001,2026-08-23 09:15:00+00:00,none,none,0.0
AWS-IND-DL-001,2026-08-23 09:20:00+00:00,none,none,0.0
AWS-IND-DL-001,2026-08-23 09:25:00+00:00,none,none,0.0
AWS-IND-DL-001,2026-08-23 09:30:00+00:00,none,none,0.0
AWS-IND-DL-001,2026-08-23 09:35:00+00:00,none,none,0.0
AWS-IND-DL-001,2026-08-23 09:40:00+00:00,none,none,0.0
AWS-IND-DL-001,2026-08-23 09:45:00+00:00,none,none,0.0
AWS-IND-DL-001,2026-08-23 09:50:00+00:00,none,none,0.0
AWS-IND-DL-001,2026-08-23 09:55:00+00:00,none,none,0.0
AWS-IND-DL-001,2026-08-23 10:00:00+00:00,none,none,0.0
AWS-IND-DL-001,2026-08-23 10:05:00+00:00,none,none,0.0
AWS-IND-DL-001,2026-08-23 10:10:00+00:00,none,none,0.0
AWS-IND-DL-001,2026-08-23 10:15:00+00:00,none,none,0.0
AWS-IND-DL-001,2026-08-23 10:20:00+00:00,none,none,0.0
AWS-IND-DL-001,2026-08-23 10:25:00+00:00,none,none,0.0
AWS-IND-DL-001,2026-08-23 10:30:00+00:00,none,none,0.0
AWS-IND-DL-001,2026-08-23 10:35:00+00:00,none,none,0.0
AWS-IND-DL-001,2026-08-23 10:40:00+00:00,none,none,0.0
AWS-IND-DL-001,2026-08-23 10:45:00+00:00,none,none,0.0
AWS-IND-DL-001,2026-08-23 10:50:00+00:00,none,none,0.0
AWS-IND-DL-001,2026-08-23 10:55:00+00:00,none,none,0.0
AWS-IND-DL-001,2026-08-23 11:00:00+00:00,none,none,0.0
AWS-IND-DL-001,2026-08-23 11:05:00+00:00,none,none,0.0
AWS-IND-DL-001,2026-08-23 11:10:00+00:00,none,none,0.0
AWS-IND-DL-001,2026-08-23 11:15:00+00:00,none,none,0.0
AWS-IND-DL-001,2026-08-23 11:20:00+00:00,none,none,0.0
AWS-IND-DL-001,2026-08-23 11:25:00+00:00,none,none,0.0
AWS-IND-DL-001,2026-08-23 11:30:00+00:00,none,none,0.0
AWS-IND-DL-001,2026-08-23 11:35:00+00:00,none,none,0.0
AWS-IND-DL-001,2026-08-23 11:40:00+00:00,none,none,0.0
AWS-IND-DL-001,2026-08-23 11:45:00+00:00,none,none,0.0
AWS-IND-DL-001,2026-08-23 11:50:00+00:00,none,none,0.0
AWS-IND-DL-001,2026-08-23 11:55:00+00:00,none,none,0.0
AWS-IND-DL-001,2026-08-23 12:00:00+00:00,none,none,0.0
AWS-IND-DL-001,2026-08-23 12:05:00+00:00,none,none,0.0
AWS-IND-DL-001,2026-08-23 12:10:00+00:00,none,none,0.0
AWS-IND-DL-001,2026-08-23 12:15:00+00:00,none,none,0.0
AWS-IND-DL-001,2026-08-23 12:20:00+00:00,none,none,0.0
AWS-IND-DL-001,2026-08-23 12:25:00+00:00,none,none,0.0
AWS-IND-DL-001,2026-08-23 12:30:00+00:00,none,none,0.0
AWS-IND-DL-001,2026-08-23 12:35:00+00:00,none,none,0.0
AWS-IND-DL-001,2026-08-23 12:40:00+00:00,none,none,0.0
AWS-IND-DL-001,2026-08-23 12:45:00+00:00,none,none,0.0
AWS-IND-DL-001,2026-08-23 12:50:00+00:00,none,none,0.0
AWS-IND-DL-001,2026-08-23 12:55:00+00:00,none,none,0.0
AWS-IND-DL-001,2026-08-23 13:00:00+00:00,none,none,0.0
AWS-IND-DL-001,2026-08-23 13:05:00+00:00,none,none,0.0
AWS-IND-DL-001,2026-08-23 13:10:00+00:00,none,none,0.0
AWS-IND-DL-001,2026-08-23 13:15:00+00:00,none,none,0.0
AWS-IND-DL-001,2026-08-23 13:20:00+00:00,none,none,0.0
AWS-IND-DL-001,2026-08-23 13:25:00+00:00,none,none,0.0
AWS-IND-DL-001,2026-08-23 13:30:00+00:00,none,none,0.0
AWS-IND-DL-001,2026-08-23 13:35:00+00:00,none,none,0.0
AWS-IND-DL-001,2026-08-23 13:40:00+00:00,none,none,0.0
AWS-IND-DL-001,2026-08-23 13:45:00+00:00,none,none,0.0
AWS-IND-DL-001,2026-08-23 13:50:00+00:00,none,none,0.0
AWS-IND-DL-001,2026-08-23 13:55:00+00:00,none,none,0.0
AWS-IND-DL-001,2026-08-23 14:00:00+00:00,none,none,0.0
AWS-IND-DL-001,2026-08-23 14:05:00+00:00,none,none,0.0
AWS-IND-DL-001,2026-08-23 14:10:00+00:00,none,none,0.0
AWS-IND-DL-001,2026-08-23 14:15:00+00:00,none,none,0.0
AWS-IND-DL-001,2026-08-23 14:20:00+00:00,none,none,0.0
AWS-IND-DL-001,2026-08-23 14:25:00+00:00,none,none,0.0
AWS-IND-DL-001,2026-08-23 14:30:00+00:00,none,none,0.0
AWS-IND-DL-001,2026-08-23 14:35:00+00:00,none,none,0.0
AWS-IND-DL-001,2026-08-23 14:40:00+00:00,none,none,0.0
AWS-IND-DL-001,2026-08-23 14:45:00+00:00,none,none,0.0
AWS-IND-DL-001,2026-08-23 14:50:00+00:00,none,none,0.0
AWS-IND-DL-001,2026-08-23 14:55:00+00:00,none,none,0.0
AWS-IND-DL-001,2026-08-23 15:00:00+00:00,none,none,0.0
AWS-IND-DL-001,2026-08-23 15:05:00+00:00,none,none,0.0
AWS-IND-DL-001,2026-08-23 15:10:00+00:00,none,none,0.0
AWS-IND-DL-001,2026-08-23 15:15:00+00:00,none,none,0.0
AWS-IND-DL-001,2026-08-23 15:20:00+00:00,none,none,0.0
AWS-IND-DL-001,2026-08-23 15:25:00+00:00,spike,humidity_pct,41.320465068401774
AWS-IND-DL-001,2026-08-23 15:30:00+00:00,none,none,0.0
AWS-IND-DL-001,2026-08-23 15:35:00+00:00,none,none,0.0
AWS-IND-DL-001,2026-08-23 15:40:00+00:00,none,none,0.0
AWS-IND-DL-001,2026-08-23 15:45:00+00:00,none,none,0.0
AWS-IND-DL-001,2026-08-23 15:50:00+00:00,none,none,0.0
AWS-IND-DL-001,2026-08-23 15:55:00+00:00,none,none,0.0
AWS-IND-DL-001,2026-08-23 16:00:00+00:00,none,none,0.0
AWS-IND-DL-001,2026-08-23 16:05:00+00:00,none,none,0.0
AWS-IND-DL-001,2026-08-23 16:10:00+00:00,none,none,0.0
AWS-IND-DL-001,2026-08-23 16:15:00+00:00,none,none,0.0
AWS-IND-DL-001,2026-08-23 16:20:00+00:00,none,none,0.0
AWS-IND-DL-001,2026-08-23 16:25:00+00:00,none,none,0.0
AWS-IND-DL-001,2026-08-23 16:30:00+00:00,none,none,0.0
AWS-IND-DL-001,2026-08-23 16:35:00+00:00,none,none,0.0
AWS-IND-DL-001,2026-08-23 16:40:00+00:00,none,none,0.0
AWS-IND-DL-001,2026-08-23 16:45:00+00:00,none,none,0.0
AWS-IND-DL-001,2026-08-23 16:50:00+00:00,none,none,0.0
AWS-IND-DL-001,2026-08-23 16:55:00+00:00,none,none,0.0
AWS-IND-DL-001,2026-08-23 17:00:00+00:00,none,none,0.0
AWS-IND-DL-001,2026-08-23 17:05:00+00:00,none,none,0.0
AWS-IND-DL-001,2026-08-23 17:10:00+00:00,none,none,0.0
AWS-IND-DL-001,2026-08-23 17:15:00+00:00,none,none,0.0
AWS-IND-DL-001,2026-08-23 17:20:00+00:00,none,none,0.0
AWS-IND-DL-001,2026-08-23 17:25:00+00:00,none,none,0.0
AWS-IND-DL-001,2026-08-23 17:30:00+00:00,none,none,0.0
AWS-IND-DL-001,2026-08-23 17:35:00+00:00,none,none,0.0
AWS-IND-DL-001,2026-08-23 17:40:00+00:00,none,none,0.0
AWS-IND-DL-001,2026-08-23 17:45:00+00:00,none,none,0.0
AWS-IND-DL-001,2026-08-23 17:50:00+00:00,none,none,0.0
AWS-IND-DL-001,2026-08-23 17:55:00+00:00,none,none,0.0
AWS-IND-DL-001,2026-08-23 18:00:00+00:00,none,none,0.0
AWS-IND-DL-001,2026-08-23 18:05:00+00:00,none,none,0.0
AWS-IND-DL-001,2026-08-23 18:10:00+00:00,none,none,0.0
AWS-IND-DL-001,2026-08-23 18:15:00+00:00,none,none,0.0
AWS-IND-DL-001,2026-08-23 18:20:00+00:00,none,none,0.0
AWS-IND-DL-001,2026-08-23 18:25:00+00:00,none,none,0.0
AWS-IND-DL-001,2026-08-23 18:30:00+00:00,none,none,0.0
AWS-IND-DL-001,2026-08-23 18:35:00+00:00,none,none,0.0
AWS-IND-DL-001,2026-08-23 18:40:00+00:00,none,none,0.0
AWS-IND-DL-001,2026-08-23 18:45:00+00:00,none,none,0.0
AWS-IND-DL-001,2026-08-23 18:50:00+00:00,none,none,0.0
AWS-IND-DL-001,2026-08-23 18:55:00+00:00,none,none,0.0
AWS-IND-DL-001,2026-08-23 19:00:00+00:00,none,none,0.0
AWS-IND-DL-001,2026-08-23 19:05:00+00:00,none,none,0.0
AWS-IND-DL-001,2026-08-23 19:10:00+00:00,none,none,0.0
AWS-IND-DL-001,2026-08-23 19:15:00+00:00,none,none,0.0
AWS-IND-DL-001,2026-08-23 19:20:00+00:00,none,none,0.0
AWS-IND-DL-001,2026-08-23 19:25:00+00:00,none,none,0.0
AWS-IND-DL-001,2026-08-23 19:30:00+00:00,none,none,0.0
AWS-IND-DL-001,2026-08-23 19:35:00+00:00,none,none,0.0
AWS-IND-DL-001,2026-08-23 19:40:00+00:00,none,none,0.0
AWS-IND-DL-001,2026-08-23 19:45:00+00:00,none,none,0.0
AWS-IND-DL-001,2026-08-23 19:50:00+00:00,flatline,humidity_pct,31.159281497472026
AWS-IND-DL-001,2026-08-23 19:55:00+00:00,flatline,humidity_pct,31.159281497472026
AWS-IND-DL-001,2026-08-23 20:00:00+00:00,flatline,humidity_pct,31.159281497472026
AWS-IND-DL-001,2026-08-23 20:05:00+00:00,flatline,humidity_pct,31.159281497472026
AWS-IND-DL-001,2026-08-23 20:10:00+00:00,flatline,humidity_pct,31.159281497472026
AWS-IND-DL-001,2026-08-23 20:15:00+00:00,flatline,humidity_pct,31.159281497472026
AWS-IND-DL-001,2026-08-23 20:20:00+00:00,flatline,humidity_pct,31.159281497472026
AWS-IND-DL-001,2026-08-23 20:25:00+00:00,flatline,humidity_pct,31.159281497472026
AWS-IND-DL-001,2026-08-23 20:30:00+00:00,flatline,humidity_pct,31.159281497472026
AWS-IND-DL-001,2026-08-23 20:35:00+00:00,flatline,humidity_pct,31.159281497472026
AWS-IND-DL-001,2026-08-23 20:40:00+00:00,flatline,humidity_pct,31.159281497472026
AWS-IND-DL-001,2026-08-23 20:45:00+00:00,flatline,humidity_pct,31.159281497472026
AWS-IND-DL-001,2026-08-23 20:50:00+00:00,flatline,humidity_pct,31.159281497472026
AWS-IND-DL-001,2026-08-23 20:55:00+00:00,flatline,humidity_pct,31.159281497472026
AWS-IND-DL-001,2026-08-23 21:00:00+00:00,flatline,humidity_pct,31.159281497472026
AWS-IND-DL-001,2026-08-23 21:05:00+00:00,flatline,humidity_pct,31.159281497472026
AWS-IND-DL-001,2026-08-23 21:10:00+00:00,flatline,humidity_pct,31.159281497472026
AWS-IND-DL-001,2026-08-23 21:15:00+00:00,flatline,humidity_pct,31.159281497472026
AWS-IND-DL-001,2026-08-23 21:20:00+00:00,flatline,humidity_pct,31.159281497472026
AWS-IND-DL-001,2026-08-23 21:25:00+00:00,flatline,humidity_pct,31.159281497472026
AWS-IND-DL-001,2026-08-23 21:30:00+00:00,flatline,humidity_pct,31.159281497472026
AWS-IND-DL-001,2026-08-23 21:35:00+00:00,flatline,humidity_pct,31.159281497472026
AWS-IND-DL-001,2026-08-23 21:40:00+00:00,flatline,humidity_pct,31.159281497472026
AWS-IND-DL-001,2026-08-23 21:45:00+00:00,flatline,humidity_pct,31.159281497472026
AWS-IND-DL-001,2026-08-23 21:50:00+00:00,flatline,humidity_pct,31.159281497472026
AWS-IND-DL-001,2026-08-23 21:55:00+00:00,flatline,humidity_pct,31.159281497472026
AWS-IND-DL-001,2026-08-23 22:00:00+00:00,flatline,humidity_pct,31.159281497472026
AWS-IND-DL-001,2026-08-23 22:05:00+00:00,flatline,humidity_pct,31.159281497472026
AWS-IND-DL-001,2026-08-23 22:10:00+00:00,flatline,humidity_pct,31.159281497472026
AWS-IND-DL-001,2026-08-23 22:15:00+00:00,flatline,humidity_pct,31.159281497472026
AWS-IND-DL-001,2026-08-23 22:20:00+00:00,flatline,humidity_pct,31.159281497472026
AWS-IND-DL-001,2026-08-23 22:25:00+00:00,flatline,humidity_pct,31.159281497472026
AWS-IND-DL-001,2026-08-23 22:30:00+00:00,flatline,humidity_pct,31.159281497472026
AWS-IND-DL-001,2026-08-23 22:35:00+00:00,none,none,0.0
AWS-IND-DL-001,2026-08-23 22:40:00+00:00,spike,humidity_pct,43.93697359409982
AWS-IND-DL-001,2026-08-23 22:45:00+00:00,none,none,0.0
AWS-IND-DL-001,2026-08-23 22:50:00+00:00,none,none,0.0
AWS-IND-DL-001,2026-08-23 22:55:00+00:00,none,none,0.0
AWS-IND-DL-001,2026-08-23 23:00:00+00:00,none,none,0.0
AWS-IND-DL-001,2026-08-23 23:05:00+00:00,none,none,0.0
AWS-IND-DL-001,2026-08-23 23:10:00+00:00,none,none,0.0
AWS-IND-DL-001,2026-08-23 23:15:00+00:00,none,none,0.0
AWS-IND-DL-001,2026-08-23 23:20:00+00:00,none,none,0.0
AWS-IND-DL-001,2026-08-23 23:25:00+00:00,none,none,0.0
AWS-IND-DL-001,2026-08-23 23:30:00+00:00,none,none,0.0
AWS-IND-DL-001,2026-08-23 23:35:00+00:00,none,none,0.0
AWS-IND-DL-001,2026-08-23 23:40:00+00:00,none,none,0.0
AWS-IND-DL-001,2026-08-23 23:45:00+00:00,none,none,0.0
AWS-IND-DL-001,2026-08-23 23:50:00+00:00,none,none,0.0
AWS-IND-DL-001,2026-08-23 23:55:00+00:00,none,none,0.0
AWS-IND-DL-001,2026-08-24 00:00:00+00:00,none,none,0.0
AWS-IND-DL-001,2026-08-24 00:05:00+00:00,none,none,0.0
AWS-IND-DL-001,2026-08-24 00:10:00+00:00,none,none,0.0
AWS-IND-DL-001,2026-08-24 00:15:00+00:00,none,none,0.0
AWS-IND-DL-001,2026-08-24 00:20:00+00:00,none,none,0.0
AWS-IND-DL-001,2026-08-24 00:25:00+00:00,none,none,0.0
AWS-IND-DL-001,2026-08-24 00:30:00+00:00,none,none,0.0
AWS-IND-DL-001,2026-08-24 00:35:00+00:00,none,none,0.0
AWS-IND-DL-001,2026-08-24 00:40:00+00:00,none,none,0.0
AWS-IND-DL-001,2026-08-24 00:45:00+00:00,none,none,0.0
AWS-IND-DL-001,2026-08-24 00:50:00+00:00,none,none,0.0
AWS-IND-DL-001,2026-08-24 00:55:00+00:00,none,none,0.0
AWS-IND-DL-001,2026-08-24 01:00:00+00:00,none,none,0.0
AWS-IND-DL-001,2026-08-24 01:05:00+00:00,none,none,0.0
AWS-IND-DL-001,2026-08-24 01:10:00+00:00,none,none,0.0
AWS-IND-DL-001,2026-08-24 01:15:00+00:00,none,none,0.0
AWS-IND-DL-001,2026-08-24 01:20:00+00:00,none,none,0.0
AWS-IND-DL-001,2026-08-24 01:25:00+00:00,none,none,0.0
AWS-IND-DL-001,2026-08-24 01:30:00+00:00,none,none,0.0
AWS-IND-DL-001,2026-08-24 01:35:00+00:00,none,none,0.0
AWS-IND-DL-001,2026-08-24 01:40:00+00:00,none,none,0.0
AWS-IND-DL-001,2026-08-24 01:45:00+00:00,none,none,0.0
AWS-IND-DL-001,2026-08-24 01:50:00+00:00,none,none,0.0
AWS-IND-DL-001,2026-08-24 01:55:00+00:00,none,none,0.0
AWS-IND-DL-001,2026-08-24 02:00:00+00:00,none,none,0.0
AWS-IND-DL-001,2026-08-24 02:05:00+00:00,none,none,0.0
AWS-IND-DL-001,2026-08-24 02:10:00+00:00,none,none,0.0
AWS-IND-DL-001,2026-08-24 02:15:00+00:00,none,none,0.0
AWS-IND-DL-001,2026-08-24 02:20:00+00:00,none,none,0.0
AWS-IND-DL-001,2026-08-24 02:25:00+00:00,none,none,0.0
AWS-IND-DL-001,2026-08-24 02:30:00+00:00,none,none,0.0
AWS-IND-DL-001,2026-08-24 02:35:00+00:00,none,none,0.0
AWS-IND-DL-001,2026-08-24 02:40:00+00:00,none,none,0.0
AWS-IND-DL-001,2026-08-24 02:45:00+00:00,none,none,0.0
AWS-IND-DL-001,2026-08-24 02:50:00+00:00,none,none,0.0
AWS-IND-DL-001,2026-08-24 02:55:00+00:00,none,none,0.0
AWS-IND-DL-001,2026-08-24 03:00:00+00:00,none,none,0.0
AWS-IND-DL-001,2026-08-24 03:05:00+00:00,none,none,0.0
AWS-IND-DL-001,2026-08-24 03:10:00+00:00,none,none,0.0
AWS-IND-DL-001,2026-08-24 03:15:00+00:00,none,none,0.0
AWS-IND-DL-001,2026-08-24 03:20:00+00:00,none,none,0.0
AWS-IND-DL-001,2026-08-24 03:25:00+00:00,none,none,0.0
AWS-IND-DL-001,2026-08-24 03:30:00+00:00,none,none,0.0
AWS-IND-DL-001,2026-08-24 03:35:00+00:00,none,none,0.0
AWS-IND-DL-001,2026-08-24 03:40:00+00:00,none,none,0.0
AWS-IND-DL-001,2026-08-24 03:45:00+00:00,spike,pressure_hpa,20.08113290254323
AWS-IND-DL-001,2026-08-24 03:50:00+00:00,spike,pressure_hpa,20.08113290254323
AWS-IND-DL-001,2026-08-24 03:55:00+00:00,none,none,0.0
AWS-IND-DL-001,2026-08-24 04:00:00+00:00,none,none,0.0
AWS-IND-DL-001,2026-08-24 04:05:00+00:00,none,none,0.0
AWS-IND-DL-001,2026-08-24 04:10:00+00:00,none,none,0.0
AWS-IND-DL-001,2026-08-24 04:15:00+00:00,none,none,0.0
AWS-IND-DL-001,2026-08-24 04:20:00+00:00,none,none,0.0
AWS-IND-DL-001,2026-08-24 04:25:00+00:00,none,none,0.0
AWS-IND-DL-001,2026-08-24 04:30:00+00:00,none,none,0.0
AWS-IND-DL-001,2026-08-24 04:35:00+00:00,none,none,0.0
AWS-IND-DL-001,2026-08-24 04:40:00+00:00,none,none,0.0
AWS-IND-DL-001,2026-08-24 04:45:00+00:00,none,none,0.0
AWS-IND-DL-001,2026-08-24 04:50:00+00:00,none,none,0.0
AWS-IND-DL-001,2026-08-24 04:55:00+00:00,none,none,0.0
AWS-IND-DL-001,2026-08-24 05:00:00+00:00,none,none,0.0
AWS-IND-DL-001,2026-08-24 05:05:00+00:00,none,none,0.0
AWS-IND-DL-001,2026-08-24 05:10:00+00:00,none,none,0.0
AWS-IND-DL-001,2026-08-24 05:15:00+00:00,none,none,0.0
AWS-IND-DL-001,2026-08-24 05:20:00+00:00,none,none,0.0
AWS-IND-DL-001,2026-08-24 05:25:00+00:00,none,none,0.0
AWS-IND-DL-001,2026-08-24 05:30:00+00:00,none,none,0.0
AWS-IND-DL-001,2026-08-24 05:35:00+00:00,none,none,0.0
AWS-IND-DL-001,2026-08-24 05:40:00+00:00,none,none,0.0
AWS-IND-DL-001,2026-08-24 05:45:00+00:00,none,none,0.0
AWS-IND-DL-001,2026-08-24 05:50:00+00:00,none,none,0.0
AWS-IND-DL-001,2026-08-24 05:55:00+00:00,none,none,0.0
AWS-IND-DL-001,2026-08-24 06:00:00+00:00,none,none,0.0
AWS-IND-DL-001,2026-08-24 06:05:00+00:00,none,none,0.0
AWS-IND-DL-001,2026-08-24 06:10:00+00:00,none,none,0.0
AWS-IND-DL-001,2026-08-24 06:15:00+00:00,none,none,0.0
AWS-IND-DL-001,2026-08-24 06:20:00+00:00,none,none,0.0
AWS-IND-DL-001,2026-08-24 06:25:00+00:00,none,none,0.0
AWS-IND-DL-001,2026-08-24 06:30:00+00:00,none,none,0.0
AWS-IND-DL-001,2026-08-24 06:35:00+00:00,none,none,0.0
AWS-IND-DL-001,2026-08-24 06:40:00+00:00,none,none,0.0
AWS-IND-DL-001,2026-08-24 06:45:00+00:00,none,none,0.0
AWS-IND-DL-001,2026-08-24 06:50:00+00:00,none,none,0.0
AWS-IND-DL-001,2026-08-24 06:55:00+00:00,none,none,0.0
AWS-IND-DL-001,2026-08-24 07:00:00+00:00,none,none,0.0
AWS-IND-DL-001,2026-08-24 07:05:00+00:00,none,none,0.0
AWS-IND-DL-001,2026-08-24 07:10:00+00:00,none,none,0.0
AWS-IND-DL-001,2026-08-24 07:15:00+00:00,none,none,0.0
AWS-IND-DL-001,2026-08-24 07:20:00+00:00,none,none,0.0
AWS-IND-DL-001,2026-08-24 07:25:00+00:00,none,none,0.0
AWS-IND-DL-001,2026-08-24 07:30:00+00:00,none,none,0.0
AWS-IND-DL-001,2026-08-24 07:35:00+00:00,none,none,0.0
AWS-IND-DL-001,2026-08-24 07:40:00+00:00,none,none,0.0
AWS-IND-DL-001,2026-08-24 07:45:00+00:00,none,none,0.0
AWS-IND-DL-001,2026-08-24 07:50:00+00:00,none,none,0.0
AWS-IND-DL-001,2026-08-24 07:55:00+00:00,none,none,0.0
AWS-IND-DL-001,2026-08-24 08:00:00+00:00,none,none,0.0
AWS-IND-DL-001,2026-08-24 08:05:00+00:00,none,none,0.0
AWS-IND-DL-001,2026-08-24 08:10:00+00:00,none,none,0.0
AWS-IND-DL-001,2026-08-24 08:15:00+00:00,none,none,0.0
AWS-IND-DL-001,2026-08-24 08:20:00+00:00,none,none,0.0
AWS-IND-DL-001,2026-08-24 08:25:00+00:00,none,none,0.0
AWS-IND-DL-001,2026-08-24 08:30:00+00:00,none,none,0.0
AWS-IND-DL-001,2026-08-24 08:35:00+00:00,none,none,0.0
AWS-IND-DL-001,2026-08-24 08:40:00+00:00,none,none,0.0
AWS-IND-DL-001,2026-08-24 08:45:00+00:00,none,none,0.0
AWS-IND-DL-001,2026-08-24 08:50:00+00:00,none,none,0.0
AWS-IND-DL-001,2026-08-24 08:55:00+00:00,none,none,0.0
AWS-IND-DL-001,2026-08-24 09:00:00+00:00,none,none,0.0
AWS-IND-DL-001,2026-08-24 09:05:00+00:00,none,none,0.0
AWS-IND-DL-001,2026-08-24 09:10:00+00:00,none,none,0.0
AWS-IND-DL-001,2026-08-24 09:15:00+00:00,none,none,0.0
AWS-IND-DL-001,2026-08-24 09:20:00+00:00,none,none,0.0
AWS-IND-DL-001,2026-08-24 09:25:00+00:00,none,none,0.0
AWS-IND-DL-001,2026-08-24 09:30:00+00:00,none,none,0.0
AWS-IND-DL-001,2026-08-24 09:35:00+00:00,none,none,0.0
AWS-IND-DL-001,2026-08-24 09:40:00+00:00,none,none,0.0
AWS-IND-DL-001,2026-08-24 09:45:00+00:00,none,none,0.0
AWS-IND-DL-001,2026-08-24 09:50:00+00:00,none,none,0.0
AWS-IND-DL-001,2026-08-24 09:55:00+00:00,none,none,0.0
AWS-IND-DL-001,2026-08-24 10:00:00+00:00,none,none,0.0
AWS-IND-DL-001,2026-08-24 10:05:00+00:00,none,none,0.0
AWS-IND-DL-001,2026-08-24 10:10:00+00:00,none,none,0.0
AWS-IND-DL-001,2026-08-24 10:15:00+00:00,none,none,0.0
AWS-IND-DL-001,2026-08-24 10:20:00+00:00,none,none,0.0
AWS-IND-DL-001,2026-08-24 10:25:00+00:00,none,none,0.0
AWS-IND-DL-001,2026-08-24 10:30:00+00:00,none,none,0.0
AWS-IND-DL-001,2026-08-24 10:35:00+00:00,none,none,0.0
AWS-IND-DL-001,2026-08-24 10:40:00+00:00,none,none,0.0
AWS-IND-DL-001,2026-08-24 10:45:00+00:00,none,none,0.0
AWS-IND-DL-001,2026-08-24 10:50:00+00:00,none,none,0.0
AWS-IND-DL-001,2026-08-24 10:55:00+00:00,none,none,0.0
AWS-IND-DL-001,2026-08-24 11:00:00+00:00,none,none,0.0
AWS-IND-DL-001,2026-08-24 11:05:00+00:00,none,none,0.0
AWS-IND-DL-001,2026-08-24 11:10:00+00:00,none,none,0.0
AWS-IND-DL-001,2026-08-24 11:15:00+00:00,none,none,0.0
AWS-IND-DL-001,2026-08-24 11:20:00+00:00,none,none,0.0
AWS-IND-DL-001,2026-08-24 11:25:00+00:00,none,none,0.0
AWS-IND-DL-001,2026-08-24 11:30:00+00:00,none,none,0.0
AWS-IND-DL-001,2026-08-24 11:35:00+00:00,none,none,0.0
AWS-IND-DL-001,2026-08-24 11:40:00+00:00,none,none,0.0
AWS-IND-DL-001,2026-08-24 11:45:00+00:00,none,none,0.0
AWS-IND-DL-001,2026-08-24 11:50:00+00:00,none,none,0.0
AWS-IND-DL-001,2026-08-24 11:55:00+00:00,none,none,0.0
AWS-IND-DL-001,2026-08-24 12:00:00+00:00,none,none,0.0
AWS-IND-DL-001,2026-08-24 12:05:00+00:00,none,none,0.0
AWS-IND-DL-001,2026-08-24 12:10:00+00:00,none,none,0.0
AWS-IND-DL-001,2026-08-24 12:15:00+00:00,none,none,0.0
AWS-IND-DL-001,2026-08-24 12:20:00+00:00,none,none,0.0
AWS-IND-DL-001,2026-08-24 12:25:00+00:00,none,none,0.0
AWS-IND-DL-001,2026-08-24 12:30:00+00:00,none,none,0.0
AWS-IND-DL-001,2026-08-24 12:35:00+00:00,none,none,0.0
AWS-IND-DL-001,2026-08-24 12:40:00+00:00,none,none,0.0
AWS-IND-DL-001,2026-08-24 12:45:00+00:00,none,none,0.0
AWS-IND-DL-001,2026-08-24 12:50:00+00:00,none,none,0.0
AWS-IND-DL-001,2026-08-24 12:55:00+00:00,none,none,0.0
AWS-IND-DL-001,2026-08-24 13:00:00+00:00,none,none,0.0
AWS-IND-DL-001,2026-08-24 13:05:00+00:00,none,none,0.0
AWS-IND-DL-001,2026-08-24 13:10:00+00:00,none,none,0.0
AWS-IND-DL-001,2026-08-24 13:15:00+00:00,none,none,0.0
AWS-IND-DL-001,2026-08-24 13:20:00+00:00,none,none,0.0
AWS-IND-DL-001,2026-08-24 13:25:00+00:00,none,none,0.0
AWS-IND-DL-001,2026-08-24 13:30:00+00:00,none,none,0.0
AWS-IND-DL-001,2026-08-24 13:35:00+00:00,none,none,0.0
AWS-IND-DL-001,2026-08-24 13:40:00+00:00,none,none,0.0
AWS-IND-DL-001,2026-08-24 13:45:00+00:00,none,none,0.0
AWS-IND-DL-001,2026-08-24 13:50:00+00:00,none,none,0.0
AWS-IND-DL-001,2026-08-24 13:55:00+00:00,none,none,0.0
AWS-IND-DL-001,2026-08-24 14:00:00+00:00,none,none,0.0
AWS-IND-DL-001,2026-08-24 14:05:00+00:00,none,none,0.0
AWS-IND-DL-001,2026-08-24 14:10:00+00:00,none,none,0.0
AWS-IND-DL-001,2026-08-24 14:15:00+00:00,none,none,0.0
AWS-IND-DL-001,2026-08-24 14:20:00+00:00,none,none,0.0
AWS-IND-DL-001,2026-08-24 14:25:00+00:00,none,none,0.0
AWS-IND-DL-001,2026-08-24 14:30:00+00:00,none,none,0.0
AWS-IND-DL-001,2026-08-24 14:35:00+00:00,none,none,0.0
AWS-IND-DL-001,2026-08-24 14:40:00+00:00,none,none,0.0
AWS-IND-DL-001,2026-08-24 14:45:00+00:00,none,none,0.0
AWS-IND-DL-001,2026-08-24 14:50:00+00:00,none,none,0.0
AWS-IND-DL-001,2026-08-24 14:55:00+00:00,none,none,0.0
AWS-IND-DL-001,2026-08-24 15:00:00+00:00,none,none,0.0
AWS-IND-DL-001,2026-08-24 15:05:00+00:00,none,none,0.0
AWS-IND-DL-001,2026-08-24 15:10:00+00:00,none,none,0.0
AWS-IND-DL-001,2026-08-24 15:15:00+00:00,none,none,0.0
AWS-IND-DL-001,2026-08-24 15:20:00+00:00,none,none,0.0
AWS-IND-DL-001,2026-08-24 15:25:00+00:00,none,none,0.0
AWS-IND-DL-001,2026-08-24 15:30:00+00:00,none,none,0.0
AWS-IND-DL-001,2026-08-24 15:35:00+00:00,none,none,0.0
AWS-IND-DL-001,2026-08-24 15:40:00+00:00,none,none,0.0
AWS-IND-DL-001,2026-08-24 15:45:00+00:00,none,none,0.0
AWS-IND-DL-001,2026-08-24 15:50:00+00:00,none,none,0.0
AWS-IND-DL-001,2026-08-24 15:55:00+00:00,none,none,0.0
AWS-IND-DL-001,2026-08-24 16:00:00+00:00,none,none,0.0
AWS-IND-DL-001,2026-08-24 16:05:00+00:00,none,none,0.0
AWS-IND-DL-001,2026-08-24 16:10:00+00:00,none,none,0.0
AWS-IND-DL-001,2026-08-24 16:15:00+00:00,none,none,0.0
AWS-IND-DL-001,2026-08-24 16:20:00+00:00,none,none,0.0
AWS-IND-DL-001,2026-08-24 16:25:00+00:00,none,none,0.0
AWS-IND-DL-001,2026-08-24 16:30:00+00:00,none,none,0.0
AWS-IND-DL-001,2026-08-24 16:35:00+00:00,none,none,0.0
AWS-IND-DL-001,2026-08-24 16:40:00+00:00,none,none,0.0
AWS-IND-DL-001,2026-08-24 16:45:00+00:00,none,none,0.0
AWS-IND-DL-001,2026-08-24 16:50:00+00:00,none,none,0.0
AWS-IND-DL-001,2026-08-24 16:55:00+00:00,none,none,0.0
AWS-IND-DL-001,2026-08-24 17:00:00+00:00,none,none,0.0
AWS-IND-DL-001,2026-08-24 17:05:00+00:00,none,none,0.0
AWS-IND-DL-001,2026-08-24 17:10:00+00:00,none,none,0.0
AWS-IND-DL-001,2026-08-24 17:15:00+00:00,none,none,0.0
AWS-IND-DL-001,2026-08-24 17:20:00+00:00,none,none,0.0
AWS-IND-DL-001,2026-08-24 17:25:00+00:00,none,none,0.0
AWS-IND-DL-001,2026-08-24 17:30:00+00:00,none,none,0.0
AWS-IND-DL-001,2026-08-24 17:35:00+00:00,none,none,0.0
AWS-IND-DL-001,2026-08-24 17:40:00+00:00,spike,pressure_hpa,-26.021789811180827
AWS-IND-DL-001,2026-08-24 17:45:00+00:00,spike,pressure_hpa,-26.021789811180827
AWS-IND-DL-001,2026-08-24 17:50:00+00:00,none,none,0.0
AWS-IND-DL-001,2026-08-24 17:55:00+00:00,none,none,0.0
AWS-IND-DL-001,2026-08-24 18:00:00+00:00,none,none,0.0
AWS-IND-DL-001,2026-08-24 18:05:00+00:00,none,none,0.0
AWS-IND-DL-001,2026-08-24 18:10:00+00:00,none,none,0.0
AWS-IND-DL-001,2026-08-24 18:15:00+00:00,none,none,0.0
AWS-IND-DL-001,2026-08-24 18:20:00+00:00,none,none,0.0
AWS-IND-DL-001,2026-08-24 18:25:00+00:00,none,none,0.0
AWS-IND-DL-001,2026-08-24 18:30:00+00:00,none,none,0.0
AWS-IND-DL-001,2026-08-24 18:35:00+00:00,none,none,0.0
AWS-IND-DL-001,2026-08-24 18:40:00+00:00,none,none,0.0
AWS-IND-DL-001,2026-08-24 18:45:00+00:00,none,none,0.0
AWS-IND-DL-001,2026-08-24 18:50:00+00:00,none,none,0.0
AWS-IND-DL-001,2026-08-24 18:55:00+00:00,none,none,0.0
AWS-IND-DL-001,2026-08-24 19:00:00+00:00,none,none,0.0
AWS-IND-DL-001,2026-08-24 19:05:00+00:00,none,none,0.0
AWS-IND-DL-001,2026-08-24 19:10:00+00:00,none,none,0.0
AWS-IND-DL-001,2026-08-24 19:15:00+00:00,none,none,0.0
AWS-IND-DL-001,2026-08-24 19:20:00+00:00,none,none,0.0
AWS-IND-DL-001,2026-08-24 19:25:00+00:00,none,none,0.0
AWS-IND-DL-001,2026-08-24 19:30:00+00:00,none,none,0.0
AWS-IND-DL-001,2026-08-24 19:35:00+00:00,none,none,0.0
AWS-IND-DL-001,2026-08-24 19:40:00+00:00,none,none,0.0
AWS-IND-DL-001,2026-08-24 19:45:00+00:00,none,none,0.0
AWS-IND-DL-001,2026-08-24 19:50:00+00:00,none,none,0.0
AWS-IND-DL-001,2026-08-24 19:55:00+00:00,none,none,0.0
AWS-IND-DL-001,2026-08-24 20:00:00+00:00,none,none,0.0
AWS-IND-DL-001,2026-08-24 20:05:00+00:00,none,none,0.0
AWS-IND-DL-001,2026-08-24 20:10:00+00:00,none,none,0.0
AWS-IND-DL-001,2026-08-24 20:15:00+00:00,none,none,0.0
AWS-IND-DL-001,2026-08-24 20:20:00+00:00,none,none,0.0
AWS-IND-DL-001,2026-08-24 20:25:00+00:00,none,none,0.0
AWS-IND-DL-001,2026-08-24 20:30:00+00:00,none,none,0.0
AWS-IND-DL-001,2026-08-24 20:35:00+00:00,none,none,0.0
AWS-IND-DL-001,2026-08-24 20:40:00+00:00,none,none,0.0
AWS-IND-DL-001,2026-08-24 20:45:00+00:00,none,none,0.0
AWS-IND-DL-001,2026-08-24 20:50:00+00:00,none,none,0.0
AWS-IND-DL-001,2026-08-24 20:55:00+00:00,none,none,0.0
AWS-IND-DL-001,2026-08-24 21:00:00+00:00,none,none,0.0
AWS-IND-DL-001,2026-08-24 21:05:00+00:00,none,none,0.0
AWS-IND-DL-001,2026-08-24 21:10:00+00:00,none,none,0.0
AWS-IND-DL-001,2026-08-24 21:15:00+00:00,none,none,0.0
AWS-IND-DL-001,2026-08-24 21:20:00+00:00,none,none,0.0
AWS-IND-DL-001,2026-08-24 21:25:00+00:00,none,none,0.0
AWS-IND-DL-001,2026-08-24 21:30:00+00:00,none,none,0.0
AWS-IND-DL-001,2026-08-24 21:35:00+00:00,none,none,0.0
AWS-IND-DL-001,2026-08-24 21:40:00+00:00,none,none,0.0
AWS-IND-DL-001,2026-08-24 21:45:00+00:00,spike,humidity_pct,-35.153633492086506
AWS-IND-DL-001,2026-08-24 21:50:00+00:00,spike,humidity_pct,-35.153633492086506
AWS-IND-DL-001,2026-08-24 21:55:00+00:00,spike,humidity_pct,-35.153633492086506
AWS-IND-DL-001,2026-08-24 22:00:00+00:00,none,none,0.0
AWS-IND-DL-001,2026-08-24 22:05:00+00:00,none,none,0.0
AWS-IND-DL-001,2026-08-24 22:10:00+00:00,none,none,0.0
AWS-IND-DL-001,2026-08-24 22:15:00+00:00,none,none,0.0
AWS-IND-DL-001,2026-08-24 22:20:00+00:00,none,none,0.0
AWS-IND-DL-001,2026-08-24 22:25:00+00:00,none,none,0.0
AWS-IND-DL-001,2026-08-24 22:30:00+00:00,none,none,0.0
AWS-IND-DL-001,2026-08-24 22:35:00+00:00,none,none,0.0
AWS-IND-DL-001,2026-08-24 22:40:00+00:00,none,none,0.0
AWS-IND-DL-001,2026-08-24 22:45:00+00:00,none,none,0.0
AWS-IND-DL-001,2026-08-24 22:50:00+00:00,none,none,0.0
AWS-IND-DL-001,2026-08-24 22:55:00+00:00,none,none,0.0
AWS-IND-DL-001,2026-08-24 23:00:00+00:00,none,none,0.0
AWS-IND-DL-001,2026-08-24 23:05:00+00:00,none,none,0.0
AWS-IND-DL-001,2026-08-24 23:10:00+00:00,none,none,0.0
AWS-IND-DL-001,2026-08-24 23:15:00+00:00,none,none,0.0
AWS-IND-DL-001,2026-08-24 23:20:00+00:00,none,none,0.0
AWS-IND-DL-001,2026-08-24 23:25:00+00:00,none,none,0.0
AWS-IND-DL-001,2026-08-24 23:30:00+00:00,none,none,0.0
AWS-IND-DL-001,2026-08-24 23:35:00+00:00,none,none,0.0
AWS-IND-DL-001,2026-08-24 23:40:00+00:00,none,none,0.0
AWS-IND-DL-001,2026-08-24 23:45:00+00:00,none,none,0.0
AWS-IND-DL-001,2026-08-24 23:50:00+00:00,none,none,0.0
AWS-IND-DL-001,2026-08-24 23:55:00+00:00,none,none,0.0
AWS-IND-DL-001,2026-08-25 00:00:00+00:00,none,none,0.0
AWS-IND-DL-001,2026-08-25 00:05:00+00:00,none,none,0.0
AWS-IND-DL-001,2026-08-25 00:10:00+00:00,none,none,0.0
AWS-IND-DL-001,2026-08-25 00:15:00+00:00,none,none,0.0
AWS-IND-DL-001,2026-08-25 00:20:00+00:00,none,none,0.0
AWS-IND-DL-001,2026-08-25 00:25:00+00:00,none,none,0.0
AWS-IND-DL-001,2026-08-25 00:30:00+00:00,none,none,0.0
AWS-IND-DL-001,2026-08-25 00:35:00+00:00,none,none,0.0
AWS-IND-DL-001,2026-08-25 00:40:00+00:00,none,none,0.0
AWS-IND-DL-001,2026-08-25 00:45:00+00:00,none,none,0.0
AWS-IND-DL-001,2026-08-25 00:50:00+00:00,none,none,0.0
AWS-IND-DL-001,2026-08-25 00:55:00+00:00,none,none,0.0
AWS-IND-DL-001,2026-08-25 01:00:00+00:00,none,none,0.0
AWS-IND-DL-001,2026-08-25 01:05:00+00:00,none,none,0.0
AWS-IND-DL-001,2026-08-25 01:10:00+00:00,none,none,0.0
AWS-IND-DL-001,2026-08-25 01:15:00+00:00,none,none,0.0
AWS-IND-DL-001,2026-08-25 01:20:00+00:00,none,none,0.0
AWS-IND-DL-001,2026-08-25 01:25:00+00:00,none,none,0.0
AWS-IND-DL-001,2026-08-25 01:30:00+00:00,none,none,0.0
AWS-IND-DL-001,2026-08-25 01:35:00+00:00,none,none,0.0
AWS-IND-DL-001,2026-08-25 01:40:00+00:00,none,none,0.0
AWS-IND-DL-001,2026-08-25 01:45:00+00:00,none,none,0.0
AWS-IND-DL-001,2026-08-25 01:50:00+00:00,none,none,0.0
AWS-IND-DL-001,2026-08-25 01:55:00+00:00,none,none,0.0
AWS-IND-DL-001,2026-08-25 02:00:00+00:00,none,none,0.0
AWS-IND-DL-001,2026-08-25 02:05:00+00:00,none,none,0.0
AWS-IND-DL-001,2026-08-25 02:10:00+00:00,none,none,0.0
AWS-IND-DL-001,2026-08-25 02:15:00+00:00,none,none,0.0
AWS-IND-DL-001,2026-08-25 02:20:00+00:00,none,none,0.0
AWS-IND-DL-001,2026-08-25 02:25:00+00:00,none,none,0.0
AWS-IND-DL-001,2026-08-25 02:30:00+00:00,none,none,0.0
AWS-IND-DL-001,2026-08-25 02:35:00+00:00,none,none,0.0
AWS-IND-DL-001,2026-08-25 02:40:00+00:00,none,none,0.0
AWS-IND-DL-001,2026-08-25 02:45:00+00:00,none,none,0.0
AWS-IND-DL-001,2026-08-25 02:50:00+00:00,none,none,0.0
AWS-IND-DL-001,2026-08-25 02:55:00+00:00,none,none,0.0
AWS-IND-DL-001,2026-08-25 03:00:00+00:00,none,none,0.0
AWS-IND-DL-001,2026-08-25 03:05:00+00:00,none,none,0.0
AWS-IND-DL-001,2026-08-25 03:10:00+00:00,none,none,0.0
AWS-IND-DL-001,2026-08-25 03:15:00+00:00,none,none,0.0
AWS-IND-DL-001,2026-08-25 03:20:00+00:00,none,none,0.0
AWS-IND-DL-001,2026-08-25 03:25:00+00:00,none,none,0.0
AWS-IND-DL-001,2026-08-25 03:30:00+00:00,none,none,0.0
AWS-IND-DL-001,2026-08-25 03:35:00+00:00,none,none,0.0
AWS-IND-DL-001,2026-08-25 03:40:00+00:00,none,none,0.0
AWS-IND-DL-001,2026-08-25 03:45:00+00:00,spike,temperature_c,-8.069874879847443
AWS-IND-DL-001,2026-08-25 03:50:00+00:00,spike,temperature_c,-8.069874879847443
AWS-IND-DL-001,2026-08-25 03:55:00+00:00,spike,temperature_c,-8.069874879847443
AWS-IND-DL-001,2026-08-25 04:00:00+00:00,none,none,0.0
AWS-IND-DL-001,2026-08-25 04:05:00+00:00,none,none,0.0
AWS-IND-DL-001,2026-08-25 04:10:00+00:00,none,none,0.0
AWS-IND-DL-001,2026-08-25 04:15:00+00:00,none,none,0.0
AWS-IND-DL-001,2026-08-25 04:20:00+00:00,none,none,0.0
AWS-IND-DL-001,2026-08-25 04:25:00+00:00,none,none,0.0
AWS-IND-DL-001,2026-08-25 04:30:00+00:00,none,none,0.0
AWS-IND-DL-001,2026-08-25 04:35:00+00:00,none,none,0.0
AWS-IND-DL-001,2026-08-25 04:40:00+00:00,none,none,0.0
AWS-IND-DL-001,2026-08-25 04:45:00+00:00,none,none,0.0
AWS-IND-DL-001,2026-08-25 04:50:00+00:00,none,none,0.0
AWS-IND-DL-001,2026-08-25 04:55:00+00:00,none,none,0.0
AWS-IND-DL-001,2026-08-25 05:00:00+00:00,none,none,0.0
AWS-IND-DL-001,2026-08-25 05:05:00+00:00,none,none,0.0
AWS-IND-DL-001,2026-08-25 05:10:00+00:00,none,none,0.0
AWS-IND-DL-001,2026-08-25 05:15:00+00:00,none,none,0.0
AWS-IND-DL-001,2026-08-25 05:20:00+00:00,none,none,0.0
AWS-IND-DL-001,2026-08-25 05:25:00+00:00,none,none,0.0
AWS-IND-DL-001,2026-08-25 05:30:00+00:00,none,none,0.0
AWS-IND-DL-001,2026-08-25 05:35:00+00:00,none,none,0.0
AWS-IND-DL-001,2026-08-25 05:40:00+00:00,none,none,0.0
AWS-IND-DL-001,2026-08-25 05:45:00+00:00,none,none,0.0
AWS-IND-DL-001,2026-08-25 05:50:00+00:00,none,none,0.0
AWS-IND-DL-001,2026-08-25 05:55:00+00:00,none,none,0.0
AWS-IND-DL-001,2026-08-25 06:00:00+00:00,spike,temperature_c,13.966045496626263
AWS-IND-DL-001,2026-08-25 06:05:00+00:00,spike,temperature_c,13.966045496626263
AWS-IND-DL-001,2026-08-25 06:10:00+00:00,spike,temperature_c,13.966045496626263
AWS-IND-DL-001,2026-08-25 06:15:00+00:00,none,none,0.0
AWS-IND-DL-001,2026-08-25 06:20:00+00:00,none,none,0.0
AWS-IND-DL-001,2026-08-25 06:25:00+00:00,none,none,0.0
AWS-IND-DL-001,2026-08-25 06:30:00+00:00,none,none,0.0
AWS-IND-DL-001,2026-08-25 06:35:00+00:00,none,none,0.0
AWS-IND-DL-001,2026-08-25 06:40:00+00:00,none,none,0.0
AWS-IND-DL-001,2026-08-25 06:45:00+00:00,none,none,0.0
AWS-IND-DL-001,2026-08-25 06:50:00+00:00,none,none,0.0
AWS-IND-DL-001,2026-08-25 06:55:00+00:00,none,none,0.0
AWS-IND-DL-001,2026-08-25 07:00:00+00:00,none,none,0.0
AWS-IND-DL-001,2026-08-25 07:05:00+00:00,none,none,0.0
AWS-IND-DL-001,2026-08-25 07:10:00+00:00,none,none,0.0
AWS-IND-DL-001,2026-08-25 07:15:00+00:00,none,none,0.0
AWS-IND-DL-001,2026-08-25 07:20:00+00:00,none,none,0.0
AWS-IND-DL-001,2026-08-25 07:25:00+00:00,none,none,0.0
AWS-IND-DL-001,2026-08-25 07:30:00+00:00,none,none,0.0
AWS-IND-DL-001,2026-08-25 07:35:00+00:00,none,none,0.0
AWS-IND-DL-001,2026-08-25 07:40:00+00:00,none,none,0.0
AWS-IND-DL-001,2026-08-25 07:45:00+00:00,none,none,0.0
AWS-IND-DL-001,2026-08-25 07:50:00+00:00,none,none,0.0
AWS-IND-DL-001,2026-08-25 07:55:00+00:00,none,none,0.0
AWS-IND-DL-001,2026-08-25 08:00:00+00:00,none,none,0.0
AWS-IND-DL-001,2026-08-25 08:05:00+00:00,none,none,0.0
AWS-IND-DL-001,2026-08-25 08:10:00+00:00,none,none,0.0
AWS-IND-DL-001,2026-08-25 08:15:00+00:00,none,none,0.0
AWS-IND-DL-001,2026-08-25 08:20:00+00:00,none,none,0.0
AWS-IND-DL-001,2026-08-25 08:25:00+00:00,none,none,0.0
AWS-IND-DL-001,2026-08-25 08:30:00+00:00,none,none,0.0
AWS-IND-DL-001,2026-08-25 08:35:00+00:00,none,none,0.0
AWS-IND-DL-001,2026-08-25 08:40:00+00:00,none,none,0.0
AWS-IND-DL-001,2026-08-25 08:45:00+00:00,none,none,0.0
AWS-IND-DL-001,2026-08-25 08:50:00+00:00,none,none,0.0
AWS-IND-DL-001,2026-08-25 08:55:00+00:00,none,none,0.0
AWS-IND-DL-001,2026-08-25 09:00:00+00:00,none,none,0.0
AWS-IND-DL-001,2026-08-25 09:05:00+00:00,none,none,0.0
AWS-IND-DL-001,2026-08-25 09:10:00+00:00,none,none,0.0
AWS-IND-DL-001,2026-08-25 09:15:00+00:00,none,none,0.0
AWS-IND-DL-001,2026-08-25 09:20:00+00:00,none,none,0.0
AWS-IND-DL-001,2026-08-25 09:25:00+00:00,none,none,0.0
AWS-IND-DL-001,2026-08-25 09:30:00+00:00,none,none,0.0
AWS-IND-DL-001,2026-08-25 09:35:00+00:00,none,none,0.0
AWS-IND-DL-001,2026-08-25 09:40:00+00:00,none,none,0.0
AWS-IND-DL-001,2026-08-25 09:45:00+00:00,none,none,0.0
AWS-IND-DL-001,2026-08-25 09:50:00+00:00,none,none,0.0
AWS-IND-DL-001,2026-08-25 09:55:00+00:00,none,none,0.0
AWS-IND-DL-001,2026-08-25 10:00:00+00:00,none,none,0.0
AWS-IND-DL-001,2026-08-25 10:05:00+00:00,none,none,0.0
AWS-IND-DL-001,2026-08-25 10:10:00+00:00,none,none,0.0
AWS-IND-DL-001,2026-08-25 10:15:00+00:00,none,none,0.0
AWS-IND-DL-001,2026-08-25 10:20:00+00:00,none,none,0.0
AWS-IND-DL-001,2026-08-25 10:25:00+00:00,none,none,0.0
AWS-IND-DL-001,2026-08-25 10:30:00+00:00,none,none,0.0
AWS-IND-DL-001,2026-08-25 10:35:00+00:00,none,none,0.0
AWS-IND-DL-001,2026-08-25 10:40:00+00:00,none,none,0.0
AWS-IND-DL-001,2026-08-25 10:45:00+00:00,none,none,0.0
AWS-IND-DL-001,2026-08-25 10:50:00+00:00,none,none,0.0
AWS-IND-DL-001,2026-08-25 10:55:00+00:00,none,none,0.0
AWS-IND-DL-001,2026-08-25 11:00:00+00:00,none,none,0.0
AWS-IND-DL-001,2026-08-25 11:05:00+00:00,none,none,0.0
AWS-IND-DL-001,2026-08-25 11:10:00+00:00,none,none,0.0
AWS-IND-DL-001,2026-08-25 11:15:00+00:00,none,none,0.0
AWS-IND-DL-001,2026-08-25 11:20:00+00:00,none,none,0.0
AWS-IND-DL-001,2026-08-25 11:25:00+00:00,none,none,0.0
AWS-IND-DL-001,2026-08-25 11:30:00+00:00,none,none,0.0
AWS-IND-DL-001,2026-08-25 11:35:00+00:00,none,none,0.0
AWS-IND-DL-001,2026-08-25 11:40:00+00:00,none,none,0.0
AWS-IND-DL-001,2026-08-25 11:45:00+00:00,none,none,0.0
AWS-IND-DL-001,2026-08-25 11:50:00+00:00,none,none,0.0
AWS-IND-DL-001,2026-08-25 11:55:00+00:00,none,none,0.0
AWS-IND-DL-001,2026-08-25 12:00:00+00:00,none,none,0.0
AWS-IND-DL-001,2026-08-25 12:05:00+00:00,none,none,0.0
AWS-IND-DL-001,2026-08-25 12:10:00+00:00,none,none,0.0
AWS-IND-DL-001,2026-08-25 12:15:00+00:00,none,none,0.0
AWS-IND-DL-001,2026-08-25 12:20:00+00:00,none,none,0.0
AWS-IND-DL-001,2026-08-25 12:25:00+00:00,none,none,0.0
AWS-IND-DL-001,2026-08-25 12:30:00+00:00,none,none,0.0
AWS-IND-DL-001,2026-08-25 12:35:00+00:00,none,none,0.0
AWS-IND-DL-001,2026-08-25 12:40:00+00:00,none,none,0.0
AWS-IND-DL-001,2026-08-25 12:45:00+00:00,none,none,0.0
AWS-IND-DL-001,2026-08-25 12:50:00+00:00,none,none,0.0
AWS-IND-DL-001,2026-08-25 12:55:00+00:00,none,none,0.0
AWS-IND-DL-001,2026-08-25 13:00:00+00:00,none,none,0.0
AWS-IND-DL-001,2026-08-25 13:05:00+00:00,none,none,0.0
AWS-IND-DL-001,2026-08-25 13:10:00+00:00,none,none,0.0
AWS-IND-DL-001,2026-08-25 13:15:00+00:00,none,none,0.0
AWS-IND-DL-001,2026-08-25 13:20:00+00:00,none,none,0.0
AWS-IND-DL-001,2026-08-25 13:25:00+00:00,none,none,0.0
AWS-IND-DL-001,2026-08-25 13:30:00+00:00,none,none,0.0
AWS-IND-DL-001,2026-08-25 13:35:00+00:00,none,none,0.0
AWS-IND-DL-001,2026-08-25 13:40:00+00:00,none,none,0.0
AWS-IND-DL-001,2026-08-25 13:45:00+00:00,none,none,0.0
AWS-IND-DL-001,2026-08-25 13:50:00+00:00,none,none,0.0
AWS-IND-DL-001,2026-08-25 13:55:00+00:00,none,none,0.0
AWS-IND-DL-001,2026-08-25 14:00:00+00:00,none,none,0.0
AWS-IND-DL-001,2026-08-25 14:05:00+00:00,none,none,0.0
AWS-IND-DL-001,2026-08-25 14:10:00+00:00,none,none,0.0
AWS-IND-DL-001,2026-08-25 14:15:00+00:00,none,none,0.0
AWS-IND-DL-001,2026-08-25 14:20:00+00:00,none,none,0.0
AWS-IND-DL-001,2026-08-25 14:25:00+00:00,none,none,0.0
AWS-IND-DL-001,2026-08-25 14:30:00+00:00,none,none,0.0
AWS-IND-DL-001,2026-08-25 14:35:00+00:00,none,none,0.0
AWS-IND-DL-001,2026-08-25 14:40:00+00:00,none,none,0.0
AWS-IND-DL-001,2026-08-25 14:45:00+00:00,none,none,0.0
AWS-IND-DL-001,2026-08-25 14:50:00+00:00,none,none,0.0
AWS-IND-DL-001,2026-08-25 14:55:00+00:00,none,none,0.0
AWS-IND-DL-001,2026-08-25 15:00:00+00:00,none,none,0.0
AWS-IND-DL-001,2026-08-25 15:05:00+00:00,none,none,0.0
AWS-IND-DL-001,2026-08-25 15:10:00+00:00,none,none,0.0
AWS-IND-DL-001,2026-08-25 15:15:00+00:00,none,none,0.0
AWS-IND-DL-001,2026-08-25 15:20:00+00:00,none,none,0.0
AWS-IND-DL-001,2026-08-25 15:25:00+00:00,none,none,0.0
AWS-IND-DL-001,2026-08-25 15:30:00+00:00,none,none,0.0
AWS-IND-DL-001,2026-08-25 15:35:00+00:00,none,none,0.0
AWS-IND-DL-001,2026-08-25 15:40:00+00:00,none,none,0.0
AWS-IND-DL-001,2026-08-25 15:45:00+00:00,none,none,0.0
AWS-IND-DL-001,2026-08-25 15:50:00+00:00,none,none,0.0
AWS-IND-DL-001,2026-08-25 15:55:00+00:00,none,none,0.0
AWS-IND-DL-001,2026-08-25 16:00:00+00:00,none,none,0.0
AWS-IND-DL-001,2026-08-25 16:05:00+00:00,none,none,0.0
AWS-IND-DL-001,2026-08-25 16:10:00+00:00,none,none,0.0
AWS-IND-DL-001,2026-08-25 16:15:00+00:00,none,none,0.0
AWS-IND-DL-001,2026-08-25 16:20:00+00:00,none,none,0.0
AWS-IND-DL-001,2026-08-25 16:25:00+00:00,none,none,0.0
AWS-IND-DL-001,2026-08-25 16:30:00+00:00,none,none,0.0
AWS-IND-DL-001,2026-08-25 16:35:00+00:00,none,none,0.0
AWS-IND-DL-001,2026-08-25 16:40:00+00:00,none,none,0.0
AWS-IND-DL-001,2026-08-25 16:45:00+00:00,none,none,0.0
AWS-IND-DL-001,2026-08-25 16:50:00+00:00,none,none,0.0
AWS-IND-DL-001,2026-08-25 16:55:00+00:00,none,none,0.0
AWS-IND-DL-001,2026-08-25 17:00:00+00:00,none,none,0.0
AWS-IND-DL-001,2026-08-25 17:05:00+00:00,none,none,0.0
AWS-IND-DL-001,2026-08-25 17:10:00+00:00,none,none,0.0
AWS-IND-DL-001,2026-08-25 17:15:00+00:00,none,none,0.0
AWS-IND-DL-001,2026-08-25 17:20:00+00:00,none,none,0.0
AWS-IND-DL-001,2026-08-25 17:25:00+00:00,none,none,0.0
AWS-IND-DL-001,2026-08-25 17:30:00+00:00,none,none,0.0
AWS-IND-DL-001,2026-08-25 17:35:00+00:00,none,none,0.0
AWS-IND-DL-001,2026-08-25 17:40:00+00:00,none,none,0.0
AWS-IND-DL-001,2026-08-25 17:45:00+00:00,none,none,0.0
AWS-IND-DL-001,2026-08-25 17:50:00+00:00,none,none,0.0
AWS-IND-DL-001,2026-08-25 17:55:00+00:00,none,none,0.0
AWS-IND-DL-001,2026-08-25 18:00:00+00:00,none,none,0.0
AWS-IND-DL-001,2026-08-25 18:05:00+00:00,none,none,0.0
AWS-IND-DL-001,2026-08-25 18:10:00+00:00,none,none,0.0
AWS-IND-DL-001,2026-08-25 18:15:00+00:00,none,none,0.0
AWS-IND-DL-001,2026-08-25 18:20:00+00:00,none,none,0.0
AWS-IND-DL-001,2026-08-25 18:25:00+00:00,none,none,0.0
AWS-IND-DL-001,2026-08-25 18:30:00+00:00,none,none,0.0
AWS-IND-DL-001,2026-08-25 18:35:00+00:00,none,none,0.0
AWS-IND-DL-001,2026-08-25 18:40:00+00:00,none,none,0.0
AWS-IND-DL-001,2026-08-25 18:45:00+00:00,none,none,0.0
AWS-IND-DL-001,2026-08-25 18:50:00+00:00,none,none,0.0
AWS-IND-DL-001,2026-08-25 18:55:00+00:00,none,none,0.0
AWS-IND-DL-001,2026-08-25 19:00:00+00:00,none,none,0.0
AWS-IND-DL-001,2026-08-25 19:05:00+00:00,none,none,0.0
AWS-IND-DL-001,2026-08-25 19:10:00+00:00,none,none,0.0
AWS-IND-DL-001,2026-08-25 19:15:00+00:00,none,none,0.0
AWS-IND-DL-001,2026-08-25 19:20:00+00:00,none,none,0.0
AWS-IND-DL-001,2026-08-25 19:25:00+00:00,none,none,0.0
AWS-IND-DL-001,2026-08-25 19:30:00+00:00,none,none,0.0
AWS-IND-DL-001,2026-08-25 19:35:00+00:00,none,none,0.0
AWS-IND-DL-001,2026-08-25 19:40:00+00:00,none,none,0.0
AWS-IND-DL-001,2026-08-25 19:45:00+00:00,none,none,0.0
AWS-IND-DL-001,2026-08-25 19:50:00+00:00,none,none,0.0
AWS-IND-DL-001,2026-08-25 19:55:00+00:00,none,none,0.0
AWS-IND-DL-001,2026-08-25 20:00:00+00:00,none,none,0.0
AWS-IND-DL-001,2026-08-25 20:05:00+00:00,none,none,0.0
AWS-IND-DL-001,2026-08-25 20:10:00+00:00,none,none,0.0
AWS-IND-DL-001,2026-08-25 20:15:00+00:00,none,none,0.0
AWS-IND-DL-001,2026-08-25 20:20:00+00:00,none,none,0.0
AWS-IND-DL-001,2026-08-25 20:25:00+00:00,none,none,0.0
AWS-IND-DL-001,2026-08-25 20:30:00+00:00,none,none,0.0
AWS-IND-DL-001,2026-08-25 20:35:00+00:00,none,none,0.0
AWS-IND-DL-001,2026-08-25 20:40:00+00:00,none,none,0.0
AWS-IND-DL-001,2026-08-25 20:45:00+00:00,none,none,0.0
AWS-IND-DL-001,2026-08-25 20:50:00+00:00,none,none,0.0
AWS-IND-DL-001,2026-08-25 20:55:00+00:00,none,none,0.0
AWS-IND-DL-001,2026-08-25 21:00:00+00:00,none,none,0.0
AWS-IND-DL-001,2026-08-25 21:05:00+00:00,none,none,0.0
AWS-IND-DL-001,2026-08-25 21:10:00+00:00,none,none,0.0
AWS-IND-DL-001,2026-08-25 21:15:00+00:00,none,none,0.0
AWS-IND-DL-001,2026-08-25 21:20:00+00:00,none,none,0.0
AWS-IND-DL-001,2026-08-25 21:25:00+00:00,none,none,0.0
AWS-IND-DL-001,2026-08-25 21:30:00+00:00,none,none,0.0
AWS-IND-DL-001,2026-08-25 21:35:00+00:00,none,none,0.0
AWS-IND-DL-001,2026-08-25 21:40:00+00:00,none,none,0.0
AWS-IND-DL-001,2026-08-25 21:45:00+00:00,none,none,0.0
AWS-IND-DL-001,2026-08-25 21:50:00+00:00,none,none,0.0
AWS-IND-DL-001,2026-08-25 21:55:00+00:00,none,none,0.0
AWS-IND-DL-001,2026-08-25 22:00:00+00:00,none,none,0.0
AWS-IND-DL-001,2026-08-25 22:05:00+00:00,none,none,0.0
AWS-IND-DL-001,2026-08-25 22:10:00+00:00,none,none,0.0
AWS-IND-DL-001,2026-08-25 22:15:00+00:00,none,none,0.0
AWS-IND-DL-001,2026-08-25 22:20:00+00:00,none,none,0.0
AWS-IND-DL-001,2026-08-25 22:25:00+00:00,none,none,0.0
AWS-IND-DL-001,2026-08-25 22:30:00+00:00,none,none,0.0
AWS-IND-DL-001,2026-08-25 22:35:00+00:00,none,none,0.0
AWS-IND-DL-001,2026-08-25 22:40:00+00:00,none,none,0.0
AWS-IND-DL-001,2026-08-25 22:45:00+00:00,none,none,0.0
AWS-IND-DL-001,2026-08-25 22:50:00+00:00,none,none,0.0
AWS-IND-DL-001,2026-08-25 22:55:00+00:00,none,none,0.0
AWS-IND-DL-001,2026-08-25 23:00:00+00:00,none,none,0.0
AWS-IND-DL-001,2026-08-25 23:05:00+00:00,none,none,0.0
AWS-IND-DL-001,2026-08-25 23:10:00+00:00,none,none,0.0
AWS-IND-DL-001,2026-08-25 23:15:00+00:00,none,none,0.0
AWS-IND-DL-001,2026-08-25 23:20:00+00:00,none,none,0.0
AWS-IND-DL-001,2026-08-25 23:25:00+00:00,none,none,0.0
AWS-IND-DL-001,2026-08-25 23:30:00+00:00,none,none,0.0
AWS-IND-DL-001,2026-08-25 23:35:00+00:00,none,none,0.0
AWS-IND-DL-001,2026-08-25 23:40:00+00:00,none,none,0.0
AWS-IND-DL-001,2026-08-25 23:45:00+00:00,none,none,0.0
AWS-IND-DL-001,2026-08-25 23:50:00+00:00,none,none,0.0
AWS-IND-DL-001,2026-08-25 23:55:00+00:00,none,none,0.0
AWS-IND-DL-001,2026-08-26 00:00:00+00:00,none,none,0.0
AWS-IND-DL-001,2026-08-26 00:05:00+00:00,none,none,0.0
AWS-IND-DL-001,2026-08-26 00:10:00+00:00,none,none,0.0
AWS-IND-DL-001,2026-08-26 00:15:00+00:00,none,none,0.0
AWS-IND-DL-001,2026-08-26 00:20:00+00:00,none,none,0.0
AWS-IND-DL-001,2026-08-26 00:25:00+00:00,none,none,0.0
AWS-IND-DL-001,2026-08-26 00:30:00+00:00,none,none,0.0
AWS-IND-DL-001,2026-08-26 00:35:00+00:00,none,none,0.0
AWS-IND-DL-001,2026-08-26 00:40:00+00:00,none,none,0.0
AWS-IND-DL-001,2026-08-26 00:45:00+00:00,none,none,0.0
AWS-IND-DL-001,2026-08-26 00:50:00+00:00,none,none,0.0
AWS-IND-DL-001,2026-08-26 00:55:00+00:00,none,none,0.0
AWS-IND-DL-001,2026-08-26 01:00:00+00:00,none,none,0.0
AWS-IND-DL-001,2026-08-26 01:05:00+00:00,none,none,0.0
AWS-IND-DL-001,2026-08-26 01:10:00+00:00,none,none,0.0
AWS-IND-DL-001,2026-08-26 01:15:00+00:00,none,none,0.0
AWS-IND-DL-001,2026-08-26 01:20:00+00:00,none,none,0.0
AWS-IND-DL-001,2026-08-26 01:25:00+00:00,none,none,0.0
AWS-IND-DL-001,2026-08-26 01:30:00+00:00,none,none,0.0
AWS-IND-DL-001,2026-08-26 01:35:00+00:00,none,none,0.0
AWS-IND-DL-001,2026-08-26 01:40:00+00:00,none,none,0.0
AWS-IND-DL-001,2026-08-26 01:45:00+00:00,none,none,0.0
AWS-IND-DL-001,2026-08-26 01:50:00+00:00,none,none,0.0
AWS-IND-DL-001,2026-08-26 01:55:00+00:00,none,none,0.0
AWS-IND-DL-001,2026-08-26 02:00:00+00:00,none,none,0.0
AWS-IND-DL-001,2026-08-26 02:05:00+00:00,none,none,0.0
AWS-IND-DL-001,2026-08-26 02:10:00+00:00,none,none,0.0
AWS-IND-DL-001,2026-08-26 02:15:00+00:00,none,none,0.0
AWS-IND-DL-001,2026-08-26 02:20:00+00:00,none,none,0.0
AWS-IND-DL-001,2026-08-26 02:25:00+00:00,none,none,0.0
AWS-IND-DL-001,2026-08-26 02:30:00+00:00,none,none,0.0
AWS-IND-DL-001,2026-08-26 02:35:00+00:00,none,none,0.0
AWS-IND-DL-001,2026-08-26 02:40:00+00:00,none,none,0.0
AWS-IND-DL-001,2026-08-26 02:45:00+00:00,none,none,0.0
AWS-IND-DL-001,2026-08-26 02:50:00+00:00,none,none,0.0
AWS-IND-DL-001,2026-08-26 02:55:00+00:00,none,none,0.0
AWS-IND-DL-001,2026-08-26 03:00:00+00:00,none,none,0.0
AWS-IND-DL-001,2026-08-26 03:05:00+00:00,none,none,0.0
AWS-IND-DL-001,2026-08-26 03:10:00+00:00,none,none,0.0
AWS-IND-DL-001,2026-08-26 03:15:00+00:00,none,none,0.0
AWS-IND-DL-001,2026-08-26 03:20:00+00:00,none,none,0.0
AWS-IND-DL-001,2026-08-26 03:25:00+00:00,none,none,0.0
AWS-IND-DL-001,2026-08-26 03:30:00+00:00,none,none,0.0
AWS-IND-DL-001,2026-08-26 03:35:00+00:00,noise,humidity_pct,18.996140846429455
AWS-IND-DL-001,2026-08-26 03:40:00+00:00,noise,humidity_pct,18.996140846429455
AWS-IND-DL-001,2026-08-26 03:45:00+00:00,noise,humidity_pct,18.996140846429455
AWS-IND-DL-001,2026-08-26 03:50:00+00:00,noise,humidity_pct,18.996140846429455
AWS-IND-DL-001,2026-08-26 03:55:00+00:00,noise,humidity_pct,18.996140846429455
AWS-IND-DL-001,2026-08-26 04:00:00+00:00,noise,humidity_pct,18.996140846429455
AWS-IND-DL-001,2026-08-26 04:05:00+00:00,noise,humidity_pct,18.996140846429455
AWS-IND-DL-001,2026-08-26 04:10:00+00:00,noise,humidity_pct,18.996140846429455
AWS-IND-DL-001,2026-08-26 04:15:00+00:00,noise,humidity_pct,18.996140846429455
AWS-IND-DL-001,2026-08-26 04:20:00+00:00,noise,humidity_pct,18.996140846429455
AWS-IND-DL-001,2026-08-26 04:25:00+00:00,noise,humidity_pct,18.996140846429455
AWS-IND-DL-001,2026-08-26 04:30:00+00:00,noise,humidity_pct,18.996140846429455
AWS-IND-DL-001,2026-08-26 04:35:00+00:00,noise,humidity_pct,18.996140846429455
AWS-IND-DL-001,2026-08-26 04:40:00+00:00,noise,humidity_pct,18.996140846429455
AWS-IND-DL-001,2026-08-26 04:45:00+00:00,noise,humidity_pct,18.996140846429455
AWS-IND-DL-001,2026-08-26 04:50:00+00:00,noise,humidity_pct,18.996140846429455
AWS-IND-DL-001,2026-08-26 04:55:00+00:00,noise,humidity_pct,18.996140846429455
AWS-IND-DL-001,2026-08-26 05:00:00+00:00,noise,humidity_pct,18.996140846429455
AWS-IND-DL-001,2026-08-26 05:05:00+00:00,noise,humidity_pct,18.996140846429455
AWS-IND-DL-001,2026-08-26 05:10:00+00:00,noise,humidity_pct,18.996140846429455
AWS-IND-DL-001,2026-08-26 05:15:00+00:00,noise,humidity_pct,18.996140846429455
AWS-IND-DL-001,2026-08-26 05:20:00+00:00,noise,humidity_pct,18.996140846429455
AWS-IND-DL-001,2026-08-26 05:25:00+00:00,noise,humidity_pct,18.996140846429455
AWS-IND-DL-001,2026-08-26 05:30:00+00:00,noise,humidity_pct,18.996140846429455
AWS-IND-DL-001,2026-08-26 05:35:00+00:00,noise,humidity_pct,18.996140846429455
AWS-IND-DL-001,2026-08-26 05:40:00+00:00,noise,humidity_pct,18.996140846429455
AWS-IND-DL-001,2026-08-26 05:45:00+00:00,noise,humidity_pct,18.996140846429455
AWS-IND-DL-001,2026-08-26 05:50:00+00:00,noise,humidity_pct,18.996140846429455
AWS-IND-DL-001,2026-08-26 05:55:00+00:00,noise,humidity_pct,18.996140846429455
AWS-IND-DL-001,2026-08-26 06:00:00+00:00,noise,humidity_pct,18.996140846429455
AWS-IND-DL-001,2026-08-26 06:05:00+00:00,noise,humidity_pct,18.996140846429455
AWS-IND-DL-001,2026-08-26 06:10:00+00:00,noise,humidity_pct,18.996140846429455
AWS-IND-DL-001,2026-08-26 06:15:00+00:00,noise,humidity_pct,18.996140846429455
AWS-IND-DL-001,2026-08-26 06:20:00+00:00,noise,humidity_pct,18.996140846429455
AWS-IND-DL-001,2026-08-26 06:25:00+00:00,noise,humidity_pct,18.996140846429455
AWS-IND-DL-001,2026-08-26 06:30:00+00:00,none,none,0.0
AWS-IND-DL-001,2026-08-26 06:35:00+00:00,none,none,0.0
AWS-IND-DL-001,2026-08-26 06:40:00+00:00,none,none,0.0
AWS-IND-DL-001,2026-08-26 06:45:00+00:00,none,none,0.0
AWS-IND-DL-001,2026-08-26 06:50:00+00:00,none,none,0.0
AWS-IND-DL-001,2026-08-26 06:55:00+00:00,none,none,0.0
AWS-IND-DL-001,2026-08-26 07:00:00+00:00,none,none,0.0
AWS-IND-DL-001,2026-08-26 07:05:00+00:00,none,none,0.0
AWS-IND-DL-001,2026-08-26 07:10:00+00:00,none,none,0.0
AWS-IND-DL-001,2026-08-26 07:15:00+00:00,none,none,0.0
AWS-IND-DL-001,2026-08-26 07:20:00+00:00,none,none,0.0
AWS-IND-DL-001,2026-08-26 07:25:00+00:00,none,none,0.0
AWS-IND-DL-001,2026-08-26 07:30:00+00:00,none,none,0.0
AWS-IND-DL-001,2026-08-26 07:35:00+00:00,none,none,0.0
AWS-IND-DL-001,2026-08-26 07:40:00+00:00,none,none,0.0
AWS-IND-DL-001,2026-08-26 07:45:00+00:00,none,none,0.0
AWS-IND-DL-001,2026-08-26 07:50:00+00:00,none,none,0.0
AWS-IND-DL-001,2026-08-26 07:55:00+00:00,none,none,0.0
AWS-IND-DL-001,2026-08-26 08:00:00+00:00,none,none,0.0
AWS-IND-DL-001,2026-08-26 08:05:00+00:00,none,none,0.0
AWS-IND-DL-001,2026-08-26 08:10:00+00:00,none,none,0.0
AWS-IND-DL-001,2026-08-26 08:15:00+00:00,none,none,0.0
AWS-IND-DL-001,2026-08-26 08:20:00+00:00,none,none,0.0
AWS-IND-DL-001,2026-08-26 08:25:00+00:00,none,none,0.0
AWS-IND-DL-001,2026-08-26 08:30:00+00:00,none,none,0.0
AWS-IND-DL-001,2026-08-26 08:35:00+00:00,none,none,0.0
AWS-IND-DL-001,2026-08-26 08:40:00+00:00,none,none,0.0
AWS-IND-DL-001,2026-08-26 08:45:00+00:00,none,none,0.0
AWS-IND-DL-001,2026-08-26 08:50:00+00:00,none,none,0.0
AWS-IND-DL-001,2026-08-26 08:55:00+00:00,none,none,0.0
AWS-IND-DL-001,2026-08-26 09:00:00+00:00,none,none,0.0
AWS-IND-DL-001,2026-08-26 09:05:00+00:00,none,none,0.0
AWS-IND-DL-001,2026-08-26 09:10:00+00:00,none,none,0.0
AWS-IND-DL-001,2026-08-26 09:15:00+00:00,none,none,0.0
AWS-IND-DL-001,2026-08-26 09:20:00+00:00,none,none,0.0
AWS-IND-DL-001,2026-08-26 09:25:00+00:00,none,none,0.0
AWS-IND-DL-001,2026-08-26 09:30:00+00:00,none,none,0.0
AWS-IND-DL-001,2026-08-26 09:35:00+00:00,none,none,0.0
AWS-IND-DL-001,2026-08-26 09:40:00+00:00,none,none,0.0
AWS-IND-DL-001,2026-08-26 09:45:00+00:00,none,none,0.0
AWS-IND-DL-001,2026-08-26 09:50:00+00:00,none,none,0.0
AWS-IND-DL-001,2026-08-26 09:55:00+00:00,none,none,0.0
AWS-IND-DL-001,2026-08-26 10:00:00+00:00,none,none,0.0
AWS-IND-DL-001,2026-08-26 10:05:00+00:00,none,none,0.0
AWS-IND-DL-001,2026-08-26 10:10:00+00:00,none,none,0.0
AWS-IND-DL-001,2026-08-26 10:15:00+00:00,none,none,0.0
AWS-IND-DL-001,2026-08-26 10:20:00+00:00,none,none,0.0
AWS-IND-DL-001,2026-08-26 10:25:00+00:00,none,none,0.0
AWS-IND-DL-001,2026-08-26 10:30:00+00:00,none,none,0.0
AWS-IND-DL-001,2026-08-26 10:35:00+00:00,none,none,0.0
AWS-IND-DL-001,2026-08-26 10:40:00+00:00,none,none,0.0
AWS-IND-DL-001,2026-08-26 10:45:00+00:00,none,none,0.0
AWS-IND-DL-001,2026-08-26 10:50:00+00:00,none,none,0.0
AWS-IND-DL-001,2026-08-26 10:55:00+00:00,none,none,0.0
AWS-IND-DL-001,2026-08-26 11:00:00+00:00,none,none,0.0
AWS-IND-DL-001,2026-08-26 11:05:00+00:00,none,none,0.0
AWS-IND-DL-001,2026-08-26 11:10:00+00:00,none,none,0.0
AWS-IND-DL-001,2026-08-26 11:15:00+00:00,none,none,0.0
AWS-IND-DL-001,2026-08-26 11:20:00+00:00,none,none,0.0
AWS-IND-DL-001,2026-08-26 11:25:00+00:00,none,none,0.0
AWS-IND-DL-001,2026-08-26 11:30:00+00:00,none,none,0.0
AWS-IND-DL-001,2026-08-26 11:35:00+00:00,none,none,0.0
AWS-IND-DL-001,2026-08-26 11:40:00+00:00,none,none,0.0
AWS-IND-DL-001,2026-08-26 11:45:00+00:00,none,none,0.0
AWS-IND-DL-001,2026-08-26 11:50:00+00:00,none,none,0.0
AWS-IND-DL-001,2026-08-26 11:55:00+00:00,none,none,0.0
AWS-IND-DL-001,2026-08-26 12:00:00+00:00,none,none,0.0
AWS-IND-DL-001,2026-08-26 12:05:00+00:00,none,none,0.0
AWS-IND-DL-001,2026-08-26 12:10:00+00:00,none,none,0.0
AWS-IND-DL-001,2026-08-26 12:15:00+00:00,none,none,0.0
AWS-IND-DL-001,2026-08-26 12:20:00+00:00,none,none,0.0
AWS-IND-DL-001,2026-08-26 12:25:00+00:00,none,none,0.0
AWS-IND-DL-001,2026-08-26 12:30:00+00:00,none,none,0.0
AWS-IND-DL-001,2026-08-26 12:35:00+00:00,none,none,0.0
AWS-IND-DL-001,2026-08-26 12:40:00+00:00,none,none,0.0
AWS-IND-DL-001,2026-08-26 12:45:00+00:00,none,none,0.0
AWS-IND-DL-001,2026-08-26 12:50:00+00:00,none,none,0.0
AWS-IND-DL-001,2026-08-26 12:55:00+00:00,none,none,0.0
AWS-IND-DL-001,2026-08-26 13:00:00+00:00,none,none,0.0
AWS-IND-DL-001,2026-08-26 13:05:00+00:00,none,none,0.0
AWS-IND-DL-001,2026-08-26 13:10:00+00:00,none,none,0.0
AWS-IND-DL-001,2026-08-26 13:15:00+00:00,none,none,0.0
AWS-IND-DL-001,2026-08-26 13:20:00+00:00,none,none,0.0
AWS-IND-DL-001,2026-08-26 13:25:00+00:00,none,none,0.0
AWS-IND-DL-001,2026-08-26 13:30:00+00:00,none,none,0.0
AWS-IND-DL-001,2026-08-26 13:35:00+00:00,none,none,0.0
AWS-IND-DL-001,2026-08-26 13:40:00+00:00,none,none,0.0
AWS-IND-DL-001,2026-08-26 13:45:00+00:00,none,none,0.0
AWS-IND-DL-001,2026-08-26 13:50:00+00:00,none,none,0.0
AWS-IND-DL-001,2026-08-26 13:55:00+00:00,none,none,0.0
AWS-IND-DL-001,2026-08-26 14:00:00+00:00,none,none,0.0
AWS-IND-DL-001,2026-08-26 14:05:00+00:00,none,none,0.0
AWS-IND-DL-001,2026-08-26 14:10:00+00:00,none,none,0.0
AWS-IND-DL-001,2026-08-26 14:15:00+00:00,none,none,0.0
AWS-IND-DL-001,2026-08-26 14:20:00+00:00,none,none,0.0
AWS-IND-DL-001,2026-08-26 14:25:00+00:00,none,none,0.0
AWS-IND-DL-001,2026-08-26 14:30:00+00:00,none,none,0.0
AWS-IND-DL-001,2026-08-26 14:35:00+00:00,none,none,0.0
AWS-IND-DL-001,2026-08-26 14:40:00+00:00,none,none,0.0
AWS-IND-DL-001,2026-08-26 14:45:00+00:00,none,none,0.0
AWS-IND-DL-001,2026-08-26 14:50:00+00:00,none,none,0.0
AWS-IND-DL-001,2026-08-26 14:55:00+00:00,none,none,0.0
AWS-IND-DL-001,2026-08-26 15:00:00+00:00,none,none,0.0
AWS-IND-DL-001,2026-08-26 15:05:00+00:00,none,none,0.0
AWS-IND-DL-001,2026-08-26 15:10:00+00:00,none,none,0.0
AWS-IND-DL-001,2026-08-26 15:15:00+00:00,none,none,0.0
AWS-IND-DL-001,2026-08-26 15:20:00+00:00,none,none,0.0
AWS-IND-DL-001,2026-08-26 15:25:00+00:00,none,none,0.0
AWS-IND-DL-001,2026-08-26 15:30:00+00:00,none,none,0.0
AWS-IND-DL-001,2026-08-26 15:35:00+00:00,none,none,0.0
AWS-IND-DL-001,2026-08-26 15:40:00+00:00,none,none,0.0
AWS-IND-DL-001,2026-08-26 15:45:00+00:00,none,none,0.0
AWS-IND-DL-001,2026-08-26 15:50:00+00:00,none,none,0.0
AWS-IND-DL-001,2026-08-26 15:55:00+00:00,none,none,0.0
AWS-IND-DL-001,2026-08-26 16:00:00+00:00,none,none,0.0
AWS-IND-DL-001,2026-08-26 16:05:00+00:00,none,none,0.0
AWS-IND-DL-001,2026-08-26 16:10:00+00:00,none,none,0.0
AWS-IND-DL-001,2026-08-26 16:15:00+00:00,none,none,0.0
AWS-IND-DL-001,2026-08-26 16:20:00+00:00,none,none,0.0
AWS-IND-DL-001,2026-08-26 16:25:00+00:00,none,none,0.0
AWS-IND-DL-001,2026-08-26 16:30:00+00:00,none,none,0.0
AWS-IND-DL-001,2026-08-26 16:35:00+00:00,none,none,0.0
AWS-IND-DL-001,2026-08-26 16:40:00+00:00,none,none,0.0
AWS-IND-DL-001,2026-08-26 16:45:00+00:00,none,none,0.0
AWS-IND-DL-001,2026-08-26 16:50:00+00:00,none,none,0.0
AWS-IND-DL-001,2026-08-26 16:55:00+00:00,none,none,0.0
AWS-IND-DL-001,2026-08-26 17:00:00+00:00,none,none,0.0
AWS-IND-DL-001,2026-08-26 17:05:00+00:00,none,none,0.0
AWS-IND-DL-001,2026-08-26 17:10:00+00:00,none,none,0.0
AWS-IND-DL-001,2026-08-26 17:15:00+00:00,none,none,0.0
AWS-IND-DL-001,2026-08-26 17:20:00+00:00,none,none,0.0
AWS-IND-DL-001,2026-08-26 17:25:00+00:00,none,none,0.0
AWS-IND-DL-001,2026-08-26 17:30:00+00:00,none,none,0.0
AWS-IND-DL-001,2026-08-26 17:35:00+00:00,none,none,0.0
AWS-IND-DL-001,2026-08-26 17:40:00+00:00,none,none,0.0
AWS-IND-DL-001,2026-08-26 17:45:00+00:00,none,none,0.0
AWS-IND-DL-001,2026-08-26 17:50:00+00:00,none,none,0.0
AWS-IND-DL-001,2026-08-26 17:55:00+00:00,none,none,0.0
AWS-IND-DL-001,2026-08-26 18:00:00+00:00,none,none,0.0
AWS-IND-DL-001,2026-08-26 18:05:00+00:00,none,none,0.0
AWS-IND-DL-001,2026-08-26 18:10:00+00:00,none,none,0.0
AWS-IND-DL-001,2026-08-26 18:15:00+00:00,none,none,0.0
AWS-IND-DL-001,2026-08-26 18:20:00+00:00,none,none,0.0
AWS-IND-DL-001,2026-08-26 18:25:00+00:00,none,none,0.0
AWS-IND-DL-001,2026-08-26 18:30:00+00:00,none,none,0.0
AWS-IND-DL-001,2026-08-26 18:35:00+00:00,none,none,0.0
AWS-IND-DL-001,2026-08-26 18:40:00+00:00,none,none,0.0
AWS-IND-DL-001,2026-08-26 18:45:00+00:00,none,none,0.0
AWS-IND-DL-001,2026-08-26 18:50:00+00:00,spike,temperature_c,13.750540342052187
AWS-IND-DL-001,2026-08-26 18:55:00+00:00,spike,temperature_c,13.750540342052187
AWS-IND-DL-001,2026-08-26 19:00:00+00:00,none,none,0.0
AWS-IND-DL-001,2026-08-26 19:05:00+00:00,cross_sensor,multiple,5.005656479927253
AWS-IND-DL-001,2026-08-26 19:10:00+00:00,cross_sensor,multiple,5.005656479927253
AWS-IND-DL-001,2026-08-26 19:15:00+00:00,cross_sensor,multiple,5.005656479927253
AWS-IND-DL-001,2026-08-26 19:20:00+00:00,cross_sensor,multiple,5.005656479927253
AWS-IND-DL-001,2026-08-26 19:25:00+00:00,cross_sensor,multiple,5.005656479927253
AWS-IND-DL-001,2026-08-26 19:30:00+00:00,cross_sensor,multiple,5.005656479927253
AWS-IND-DL-001,2026-08-26 19:35:00+00:00,cross_sensor,multiple,5.005656479927253
AWS-IND-DL-001,2026-08-26 19:40:00+00:00,cross_sensor,multiple,5.005656479927253
AWS-IND-DL-001,2026-08-26 19:45:00+00:00,cross_sensor,multiple,5.005656479927253
AWS-IND-DL-001,2026-08-26 19:50:00+00:00,cross_sensor,multiple,5.005656479927253
AWS-IND-DL-001,2026-08-26 19:55:00+00:00,cross_sensor,multiple,5.005656479927253
AWS-IND-DL-001,2026-08-26 20:00:00+00:00,cross_sensor,multiple,5.005656479927253
AWS-IND-DL-001,2026-08-26 20:05:00+00:00,cross_sensor,multiple,5.005656479927253
AWS-IND-DL-001,2026-08-26 20:10:00+00:00,cross_sensor,multiple,5.005656479927253
AWS-IND-DL-001,2026-08-26 20:15:00+00:00,cross_sensor,multiple,5.005656479927253
AWS-IND-DL-001,2026-08-26 20:20:00+00:00,cross_sensor,multiple,5.005656479927253
AWS-IND-DL-001,2026-08-26 20:25:00+00:00,cross_sensor,multiple,5.005656479927253
AWS-IND-DL-001,2026-08-26 20:30:00+00:00,cross_sensor,multiple,5.005656479927253
AWS-IND-DL-001,2026-08-26 20:35:00+00:00,cross_sensor,multiple,5.005656479927253
AWS-IND-DL-001,2026-08-26 20:40:00+00:00,cross_sensor,multiple,5.005656479927253
AWS-IND-DL-001,2026-08-26 20:45:00+00:00,cross_sensor,multiple,5.005656479927253
AWS-IND-DL-001,2026-08-26 20:50:00+00:00,cross_sensor,multiple,5.005656479927253
AWS-IND-DL-001,2026-08-26 20:55:00+00:00,cross_sensor,multiple,5.005656479927253
AWS-IND-DL-001,2026-08-26 21:00:00+00:00,cross_sensor,multiple,5.005656479927253
AWS-IND-DL-001,2026-08-26 21:05:00+00:00,cross_sensor,multiple,5.005656479927253
AWS-IND-DL-001,2026-08-26 21:10:00+00:00,cross_sensor,multiple,5.005656479927253
AWS-IND-DL-001,2026-08-26 21:15:00+00:00,cross_sensor,multiple,5.005656479927253
AWS-IND-DL-001,2026-08-26 21:20:00+00:00,cross_sensor,multiple,5.005656479927253
AWS-IND-DL-001,2026-08-26 21:25:00+00:00,cross_sensor,multiple,5.005656479927253
AWS-IND-DL-001,2026-08-26 21:30:00+00:00,cross_sensor,multiple,5.005656479927253
AWS-IND-DL-001,2026-08-26 21:35:00+00:00,cross_sensor,multiple,5.005656479927253
AWS-IND-DL-001,2026-08-26 21:40:00+00:00,cross_sensor,multiple,5.005656479927253
AWS-IND-DL-001,2026-08-26 21:45:00+00:00,cross_sensor,multiple,5.005656479927253
AWS-IND-DL-001,2026-08-26 21:50:00+00:00,cross_sensor,multiple,5.005656479927253
AWS-IND-DL-001,2026-08-26 21:55:00+00:00,cross_sensor,multiple,5.005656479927253
AWS-IND-DL-001,2026-08-26 22:00:00+00:00,cross_sensor,multiple,5.005656479927253
AWS-IND-DL-001,2026-08-26 22:05:00+00:00,cross_sensor,multiple,5.005656479927253
AWS-IND-DL-001,2026-08-26 22:10:00+00:00,cross_sensor,multiple,5.005656479927253
AWS-IND-DL-001,2026-08-26 22:15:00+00:00,cross_sensor,multiple,5.005656479927253
AWS-IND-DL-001,2026-08-26 22:20:00+00:00,cross_sensor,multiple,5.005656479927253
AWS-IND-DL-001,2026-08-26 22:25:00+00:00,cross_sensor,multiple,5.005656479927253
AWS-IND-DL-001,2026-08-26 22:30:00+00:00,cross_sensor,multiple,5.005656479927253
AWS-IND-DL-001,2026-08-26 22:35:00+00:00,cross_sensor,multiple,5.005656479927253
AWS-IND-DL-001,2026-08-26 22:40:00+00:00,cross_sensor,multiple,5.005656479927253
AWS-IND-DL-001,2026-08-26 22:45:00+00:00,cross_sensor,multiple,5.005656479927253
AWS-IND-DL-001,2026-08-26 22:50:00+00:00,cross_sensor,multiple,5.005656479927253
AWS-IND-DL-001,2026-08-26 22:55:00+00:00,cross_sensor,multiple,5.005656479927253
AWS-IND-DL-001,2026-08-26 23:00:00+00:00,cross_sensor,multiple,5.005656479927253
AWS-IND-DL-001,2026-08-26 23:05:00+00:00,cross_sensor,multiple,5.005656479927253
AWS-IND-DL-001,2026-08-26 23:10:00+00:00,cross_sensor,multiple,5.005656479927253
AWS-IND-DL-001,2026-08-26 23:15:00+00:00,cross_sensor,multiple,5.005656479927253
AWS-IND-DL-001,2026-08-26 23:20:00+00:00,cross_sensor,multiple,5.005656479927253
AWS-IND-DL-001,2026-08-26 23:25:00+00:00,cross_sensor,multiple,5.005656479927253
AWS-IND-DL-001,2026-08-26 23:30:00+00:00,none,none,0.0
AWS-IND-DL-001,2026-08-26 23:35:00+00:00,none,none,0.0
AWS-IND-DL-001,2026-08-26 23:40:00+00:00,none,none,0.0
AWS-IND-DL-001,2026-08-26 23:45:00+00:00,none,none,0.0
AWS-IND-DL-001,2026-08-26 23:50:00+00:00,none,none,0.0
AWS-IND-DL-001,2026-08-26 23:55:00+00:00,none,none,0.0
AWS-IND-DL-001,2026-08-27 00:00:00+00:00,none,none,0.0
AWS-IND-DL-001,2026-08-27 00:05:00+00:00,none,none,0.0
AWS-IND-DL-001,2026-08-27 00:10:00+00:00,none,none,0.0
AWS-IND-DL-001,2026-08-27 00:15:00+00:00,none,none,0.0
AWS-IND-DL-001,2026-08-27 00:20:00+00:00,none,none,0.0
AWS-IND-DL-001,2026-08-27 00:25:00+00:00,none,none,0.0
AWS-IND-DL-001,2026-08-27 00:30:00+00:00,none,none,0.0
AWS-IND-DL-001,2026-08-27 00:35:00+00:00,none,none,0.0
AWS-IND-DL-001,2026-08-27 00:40:00+00:00,none,none,0.0
AWS-IND-DL-001,2026-08-27 00:45:00+00:00,none,none,0.0
AWS-IND-DL-001,2026-08-27 00:50:00+00:00,none,none,0.0
AWS-IND-DL-001,2026-08-27 00:55:00+00:00,none,none,0.0
AWS-IND-DL-001,2026-08-27 01:00:00+00:00,none,none,0.0
AWS-IND-DL-001,2026-08-27 01:05:00+00:00,none,none,0.0
AWS-IND-DL-001,2026-08-27 01:10:00+00:00,none,none,0.0
AWS-IND-DL-001,2026-08-27 01:15:00+00:00,none,none,0.0
AWS-IND-DL-001,2026-08-27 01:20:00+00:00,none,none,0.0
AWS-IND-DL-001,2026-08-27 01:25:00+00:00,none,none,0.0
AWS-IND-DL-001,2026-08-27 01:30:00+00:00,none,none,0.0
AWS-IND-DL-001,2026-08-27 01:35:00+00:00,none,none,0.0
AWS-IND-DL-001,2026-08-27 01:40:00+00:00,none,none,0.0
AWS-IND-DL-001,2026-08-27 01:45:00+00:00,none,none,0.0
AWS-IND-DL-001,2026-08-27 01:50:00+00:00,none,none,0.0
AWS-IND-DL-001,2026-08-27 01:55:00+00:00,none,none,0.0
AWS-IND-DL-001,2026-08-27 02:00:00+00:00,none,none,0.0
AWS-IND-DL-001,2026-08-27 02:05:00+00:00,none,none,0.0
AWS-IND-DL-001,2026-08-27 02:10:00+00:00,none,none,0.0
AWS-IND-DL-001,2026-08-27 02:15:00+00:00,none,none,0.0
AWS-IND-DL-001,2026-08-27 02:20:00+00:00,none,none,0.0
AWS-IND-DL-001,2026-08-27 02:25:00+00:00,none,none,0.0
AWS-IND-DL-001,2026-08-27 02:30:00+00:00,none,none,0.0
AWS-IND-DL-001,2026-08-27 02:35:00+00:00,none,none,0.0
AWS-IND-DL-001,2026-08-27 02:40:00+00:00,none,none,0.0
AWS-IND-DL-001,2026-08-27 02:45:00+00:00,none,none,0.0
AWS-IND-DL-001,2026-08-27 02:50:00+00:00,none,none,0.0
AWS-IND-DL-001,2026-08-27 02:55:00+00:00,none,none,0.0
AWS-IND-DL-001,2026-08-27 03:00:00+00:00,none,none,0.0
AWS-IND-DL-001,2026-08-27 03:05:00+00:00,none,none,0.0
AWS-IND-DL-001,2026-08-27 03:10:00+00:00,none,none,0.0
AWS-IND-DL-001,2026-08-27 03:15:00+00:00,none,none,0.0
AWS-IND-DL-001,2026-08-27 03:20:00+00:00,none,none,0.0
AWS-IND-DL-001,2026-08-27 03:25:00+00:00,none,none,0.0
AWS-IND-DL-001,2026-08-27 03:30:00+00:00,none,none,0.0
AWS-IND-DL-001,2026-08-27 03:35:00+00:00,none,none,0.0
AWS-IND-DL-001,2026-08-27 03:40:00+00:00,none,none,0.0
AWS-IND-DL-001,2026-08-27 03:45:00+00:00,none,none,0.0
AWS-IND-DL-001,2026-08-27 03:50:00+00:00,none,none,0.0
AWS-IND-DL-001,2026-08-27 03:55:00+00:00,none,none,0.0
AWS-IND-DL-001,2026-08-27 04:00:00+00:00,none,none,0.0
AWS-IND-DL-001,2026-08-27 04:05:00+00:00,none,none,0.0
AWS-IND-DL-001,2026-08-27 04:10:00+00:00,none,none,0.0
AWS-IND-DL-001,2026-08-27 04:15:00+00:00,none,none,0.0
AWS-IND-DL-001,2026-08-27 04:20:00+00:00,none,none,0.0
AWS-IND-DL-001,2026-08-27 04:25:00+00:00,none,none,0.0
AWS-IND-DL-001,2026-08-27 04:30:00+00:00,none,none,0.0
AWS-IND-DL-001,2026-08-27 04:35:00+00:00,none,none,0.0
AWS-IND-DL-001,2026-08-27 04:40:00+00:00,none,none,0.0
AWS-IND-DL-001,2026-08-27 04:45:00+00:00,none,none,0.0
AWS-IND-DL-001,2026-08-27 04:50:00+00:00,none,none,0.0
AWS-IND-DL-001,2026-08-27 04:55:00+00:00,none,none,0.0
AWS-IND-DL-001,2026-08-27 05:00:00+00:00,none,none,0.0
AWS-IND-DL-001,2026-08-27 05:05:00+00:00,none,none,0.0
AWS-IND-DL-001,2026-08-27 05:10:00+00:00,none,none,0.0
AWS-IND-DL-001,2026-08-27 05:15:00+00:00,none,none,0.0
AWS-IND-DL-001,2026-08-27 05:20:00+00:00,none,none,0.0
AWS-IND-DL-001,2026-08-27 05:25:00+00:00,none,none,0.0
AWS-IND-DL-001,2026-08-27 05:30:00+00:00,none,none,0.0
AWS-IND-DL-001,2026-08-27 05:35:00+00:00,none,none,0.0
AWS-IND-DL-001,2026-08-27 05:40:00+00:00,none,none,0.0
AWS-IND-DL-001,2026-08-27 05:45:00+00:00,none,none,0.0
AWS-IND-DL-001,2026-08-27 05:50:00+00:00,none,none,0.0
AWS-IND-DL-001,2026-08-27 05:55:00+00:00,none,none,0.0
AWS-IND-DL-001,2026-08-27 06:00:00+00:00,none,none,0.0
AWS-IND-DL-001,2026-08-27 06:05:00+00:00,none,none,0.0
AWS-IND-DL-001,2026-08-27 06:10:00+00:00,none,none,0.0
AWS-IND-DL-001,2026-08-27 06:15:00+00:00,none,none,0.0
AWS-IND-DL-001,2026-08-27 06:20:00+00:00,none,none,0.0
AWS-IND-DL-001,2026-08-27 06:25:00+00:00,none,none,0.0
AWS-IND-DL-001,2026-08-27 06:30:00+00:00,none,none,0.0
AWS-IND-DL-001,2026-08-27 06:35:00+00:00,none,none,0.0
AWS-IND-DL-001,2026-08-27 06:40:00+00:00,none,none,0.0
AWS-IND-DL-001,2026-08-27 06:45:00+00:00,none,none,0.0
AWS-IND-DL-001,2026-08-27 06:50:00+00:00,none,none,0.0
AWS-IND-DL-001,2026-08-27 06:55:00+00:00,none,none,0.0
AWS-IND-DL-001,2026-08-27 07:00:00+00:00,none,none,0.0
AWS-IND-DL-001,2026-08-27 07:05:00+00:00,none,none,0.0
AWS-IND-DL-001,2026-08-27 07:10:00+00:00,none,none,0.0
AWS-IND-DL-001,2026-08-27 07:15:00+00:00,none,none,0.0
AWS-IND-DL-001,2026-08-27 07:20:00+00:00,none,none,0.0
AWS-IND-DL-001,2026-08-27 07:25:00+00:00,none,none,0.0
AWS-IND-DL-001,2026-08-27 07:30:00+00:00,none,none,0.0
AWS-IND-DL-001,2026-08-27 07:35:00+00:00,none,none,0.0
AWS-IND-DL-001,2026-08-27 07:40:00+00:00,none,none,0.0
AWS-IND-DL-001,2026-08-27 07:45:00+00:00,none,none,0.0
AWS-IND-DL-001,2026-08-27 07:50:00+00:00,none,none,0.0
AWS-IND-DL-001,2026-08-27 07:55:00+00:00,none,none,0.0
AWS-IND-DL-001,2026-08-27 08:00:00+00:00,none,none,0.0
AWS-IND-DL-001,2026-08-27 08:05:00+00:00,none,none,0.0
AWS-IND-DL-001,2026-08-27 08:10:00+00:00,none,none,0.0
AWS-IND-DL-001,2026-08-27 08:15:00+00:00,none,none,0.0
AWS-IND-DL-001,2026-08-27 08:20:00+00:00,none,none,0.0
AWS-IND-DL-001,2026-08-27 08:25:00+00:00,none,none,0.0
AWS-IND-DL-001,2026-08-27 08:30:00+00:00,none,none,0.0
AWS-IND-DL-001,2026-08-27 08:35:00+00:00,none,none,0.0
AWS-IND-DL-001,2026-08-27 08:40:00+00:00,none,none,0.0
AWS-IND-DL-001,2026-08-27 08:45:00+00:00,none,none,0.0
AWS-IND-DL-001,2026-08-27 08:50:00+00:00,none,none,0.0
AWS-IND-DL-001,2026-08-27 08:55:00+00:00,none,none,0.0
AWS-IND-DL-001,2026-08-27 09:00:00+00:00,none,none,0.0
AWS-IND-DL-001,2026-08-27 09:05:00+00:00,none,none,0.0
AWS-IND-DL-001,2026-08-27 09:10:00+00:00,none,none,0.0
AWS-IND-DL-001,2026-08-27 09:15:00+00:00,none,none,0.0
AWS-IND-DL-001,2026-08-27 09:20:00+00:00,none,none,0.0
AWS-IND-DL-001,2026-08-27 09:25:00+00:00,none,none,0.0
AWS-IND-DL-001,2026-08-27 09:30:00+00:00,none,none,0.0
AWS-IND-DL-001,2026-08-27 09:35:00+00:00,none,none,0.0
AWS-IND-DL-001,2026-08-27 09:40:00+00:00,none,none,0.0
AWS-IND-DL-001,2026-08-27 09:45:00+00:00,none,none,0.0
AWS-IND-DL-001,2026-08-27 09:50:00+00:00,none,none,0.0
AWS-IND-DL-001,2026-08-27 09:55:00+00:00,none,none,0.0
AWS-IND-DL-001,2026-08-27 10:00:00+00:00,none,none,0.0
AWS-IND-DL-001,2026-08-27 10:05:00+00:00,none,none,0.0
AWS-IND-DL-001,2026-08-27 10:10:00+00:00,none,none,0.0
AWS-IND-DL-001,2026-08-27 10:15:00+00:00,none,none,0.0
AWS-IND-DL-001,2026-08-27 10:20:00+00:00,none,none,0.0
AWS-IND-DL-001,2026-08-27 10:25:00+00:00,none,none,0.0
AWS-IND-DL-001,2026-08-27 10:30:00+00:00,none,none,0.0
AWS-IND-DL-001,2026-08-27 10:35:00+00:00,none,none,0.0
AWS-IND-DL-001,2026-08-27 10:40:00+00:00,none,none,0.0
AWS-IND-DL-001,2026-08-27 10:45:00+00:00,none,none,0.0
AWS-IND-DL-001,2026-08-27 10:50:00+00:00,none,none,0.0
AWS-IND-DL-001,2026-08-27 10:55:00+00:00,none,none,0.0
AWS-IND-DL-001,2026-08-27 11:00:00+00:00,none,none,0.0
AWS-IND-DL-001,2026-08-27 11:05:00+00:00,none,none,0.0
AWS-IND-DL-001,2026-08-27 11:10:00+00:00,none,none,0.0
AWS-IND-DL-001,2026-08-27 11:15:00+00:00,none,none,0.0
AWS-IND-DL-001,2026-08-27 11:20:00+00:00,none,none,0.0
AWS-IND-DL-001,2026-08-27 11:25:00+00:00,none,none,0.0
AWS-IND-DL-001,2026-08-27 11:30:00+00:00,none,none,0.0
AWS-IND-DL-001,2026-08-27 11:35:00+00:00,none,none,0.0
AWS-IND-DL-001,2026-08-27 11:40:00+00:00,none,none,0.0
AWS-IND-DL-001,2026-08-27 11:45:00+00:00,none,none,0.0
AWS-IND-DL-001,2026-08-27 11:50:00+00:00,none,none,0.0
AWS-IND-DL-001,2026-08-27 11:55:00+00:00,none,none,0.0
AWS-IND-DL-001,2026-08-27 12:00:00+00:00,none,none,0.0
AWS-IND-DL-001,2026-08-27 12:05:00+00:00,none,none,0.0
AWS-IND-DL-001,2026-08-27 12:10:00+00:00,none,none,0.0
AWS-IND-DL-001,2026-08-27 12:15:00+00:00,none,none,0.0
AWS-IND-DL-001,2026-08-27 12:20:00+00:00,none,none,0.0
AWS-IND-DL-001,2026-08-27 12:25:00+00:00,none,none,0.0
AWS-IND-DL-001,2026-08-27 12:30:00+00:00,none,none,0.0
AWS-IND-DL-001,2026-08-27 12:35:00+00:00,none,none,0.0
AWS-IND-DL-001,2026-08-27 12:40:00+00:00,none,none,0.0
AWS-IND-DL-001,2026-08-27 12:45:00+00:00,none,none,0.0
AWS-IND-DL-001,2026-08-27 12:50:00+00:00,none,none,0.0
AWS-IND-DL-001,2026-08-27 12:55:00+00:00,none,none,0.0
AWS-IND-DL-001,2026-08-27 13:00:00+00:00,none,none,0.0
AWS-IND-DL-001,2026-08-27 13:05:00+00:00,none,none,0.0
AWS-IND-DL-001,2026-08-27 13:10:00+00:00,none,none,0.0
AWS-IND-DL-001,2026-08-27 13:15:00+00:00,none,none,0.0
AWS-IND-DL-001,2026-08-27 13:20:00+00:00,none,none,0.0
AWS-IND-DL-001,2026-08-27 13:25:00+00:00,none,none,0.0
AWS-IND-DL-001,2026-08-27 13:30:00+00:00,none,none,0.0
AWS-IND-DL-001,2026-08-27 13:35:00+00:00,none,none,0.0
AWS-IND-DL-001,2026-08-27 13:40:00+00:00,none,none,0.0
AWS-IND-DL-001,2026-08-27 13:45:00+00:00,none,none,0.0
AWS-IND-DL-001,2026-08-27 13:50:00+00:00,none,none,0.0
AWS-IND-DL-001,2026-08-27 13:55:00+00:00,none,none,0.0
AWS-IND-DL-001,2026-08-27 14:00:00+00:00,none,none,0.0
AWS-IND-DL-001,2026-08-27 14:05:00+00:00,none,none,0.0
AWS-IND-DL-001,2026-08-27 14:10:00+00:00,none,none,0.0
AWS-IND-DL-001,2026-08-27 14:15:00+00:00,none,none,0.0
AWS-IND-DL-001,2026-08-27 14:20:00+00:00,none,none,0.0
AWS-IND-DL-001,2026-08-27 14:25:00+00:00,none,none,0.0
AWS-IND-DL-001,2026-08-27 14:30:00+00:00,none,none,0.0
AWS-IND-DL-001,2026-08-27 14:35:00+00:00,none,none,0.0
AWS-IND-DL-001,2026-08-27 14:40:00+00:00,none,none,0.0
AWS-IND-DL-001,2026-08-27 14:45:00+00:00,none,none,0.0
AWS-IND-DL-001,2026-08-27 14:50:00+00:00,none,none,0.0
AWS-IND-DL-001,2026-08-27 14:55:00+00:00,none,none,0.0
AWS-IND-DL-001,2026-08-27 15:00:00+00:00,none,none,0.0
AWS-IND-DL-001,2026-08-27 15:05:00+00:00,none,none,0.0
AWS-IND-DL-001,2026-08-27 15:10:00+00:00,none,none,0.0
AWS-IND-DL-001,2026-08-27 15:15:00+00:00,none,none,0.0
AWS-IND-DL-001,2026-08-27 15:20:00+00:00,none,none,0.0
AWS-IND-DL-001,2026-08-27 15:25:00+00:00,none,none,0.0
AWS-IND-DL-001,2026-08-27 15:30:00+00:00,none,none,0.0
AWS-IND-DL-001,2026-08-27 15:35:00+00:00,none,none,0.0
AWS-IND-DL-001,2026-08-27 15:40:00+00:00,none,none,0.0
AWS-IND-DL-001,2026-08-27 15:45:00+00:00,none,none,0.0
AWS-IND-DL-001,2026-08-27 15:50:00+00:00,none,none,0.0
AWS-IND-DL-001,2026-08-27 15:55:00+00:00,none,none,0.0
AWS-IND-DL-001,2026-08-27 16:00:00+00:00,none,none,0.0
AWS-IND-DL-001,2026-08-27 16:05:00+00:00,none,none,0.0
AWS-IND-DL-001,2026-08-27 16:10:00+00:00,none,none,0.0
AWS-IND-DL-001,2026-08-27 16:15:00+00:00,none,none,0.0
AWS-IND-DL-001,2026-08-27 16:20:00+00:00,none,none,0.0
AWS-IND-DL-001,2026-08-27 16:25:00+00:00,none,none,0.0
AWS-IND-DL-001,2026-08-27 16:30:00+00:00,none,none,0.0
AWS-IND-DL-001,2026-08-27 16:35:00+00:00,none,none,0.0
AWS-IND-DL-001,2026-08-27 16:40:00+00:00,none,none,0.0
AWS-IND-DL-001,2026-08-27 16:45:00+00:00,none,none,0.0
AWS-IND-DL-001,2026-08-27 16:50:00+00:00,none,none,0.0
AWS-IND-DL-001,2026-08-27 16:55:00+00:00,none,none,0.0
AWS-IND-DL-001,2026-08-27 17:00:00+00:00,none,none,0.0
AWS-IND-DL-001,2026-08-27 17:05:00+00:00,none,none,0.0
AWS-IND-DL-001,2026-08-27 17:10:00+00:00,none,none,0.0
AWS-IND-DL-001,2026-08-27 17:15:00+00:00,none,none,0.0
AWS-IND-DL-001,2026-08-27 17:20:00+00:00,none,none,0.0
AWS-IND-DL-001,2026-08-27 17:25:00+00:00,none,none,0.0
AWS-IND-DL-001,2026-08-27 17:30:00+00:00,none,none,0.0
AWS-IND-DL-001,2026-08-27 17:35:00+00:00,none,none,0.0
AWS-IND-DL-001,2026-08-27 17:40:00+00:00,none,none,0.0
AWS-IND-DL-001,2026-08-27 17:45:00+00:00,none,none,0.0
AWS-IND-DL-001,2026-08-27 17:50:00+00:00,none,none,0.0
AWS-IND-DL-001,2026-08-27 17:55:00+00:00,none,none,0.0
AWS-IND-DL-001,2026-08-27 18:00:00+00:00,none,none,0.0
AWS-IND-DL-001,2026-08-27 18:05:00+00:00,none,none,0.0
AWS-IND-DL-001,2026-08-27 18:10:00+00:00,none,none,0.0
AWS-IND-DL-001,2026-08-27 18:15:00+00:00,none,none,0.0
AWS-IND-DL-001,2026-08-27 18:20:00+00:00,none,none,0.0
AWS-IND-DL-001,2026-08-27 18:25:00+00:00,none,none,0.0
AWS-IND-DL-001,2026-08-27 18:30:00+00:00,none,none,0.0
AWS-IND-DL-001,2026-08-27 18:35:00+00:00,none,none,0.0
AWS-IND-DL-001,2026-08-27 18:40:00+00:00,none,none,0.0
AWS-IND-DL-001,2026-08-27 18:45:00+00:00,none,none,0.0
AWS-IND-DL-001,2026-08-27 18:50:00+00:00,none,none,0.0
AWS-IND-DL-001,2026-08-27 18:55:00+00:00,none,none,0.0
AWS-IND-DL-001,2026-08-27 19:00:00+00:00,none,none,0.0
AWS-IND-DL-001,2026-08-27 19:05:00+00:00,none,none,0.0
AWS-IND-DL-001,2026-08-27 19:10:00+00:00,none,none,0.0
AWS-IND-DL-001,2026-08-27 19:15:00+00:00,none,none,0.0
AWS-IND-DL-001,2026-08-27 19:20:00+00:00,none,none,0.0
AWS-IND-DL-001,2026-08-27 19:25:00+00:00,none,none,0.0
AWS-IND-DL-001,2026-08-27 19:30:00+00:00,none,none,0.0
AWS-IND-DL-001,2026-08-27 19:35:00+00:00,none,none,0.0
AWS-IND-DL-001,2026-08-27 19:40:00+00:00,none,none,0.0
AWS-IND-DL-001,2026-08-27 19:45:00+00:00,none,none,0.0
AWS-IND-DL-001,2026-08-27 19:50:00+00:00,none,none,0.0
AWS-IND-DL-001,2026-08-27 19:55:00+00:00,none,none,0.0
AWS-IND-DL-001,2026-08-27 20:00:00+00:00,none,none,0.0
AWS-IND-DL-001,2026-08-27 20:05:00+00:00,none,none,0.0
AWS-IND-DL-001,2026-08-27 20:10:00+00:00,none,none,0.0
AWS-IND-DL-001,2026-08-27 20:15:00+00:00,none,none,0.0
AWS-IND-DL-001,2026-08-27 20:20:00+00:00,none,none,0.0
AWS-IND-DL-001,2026-08-27 20:25:00+00:00,none,none,0.0
AWS-IND-DL-001,2026-08-27 20:30:00+00:00,none,none,0.0
AWS-IND-DL-001,2026-08-27 20:35:00+00:00,none,none,0.0
AWS-IND-DL-001,2026-08-27 20:40:00+00:00,none,none,0.0
AWS-IND-DL-001,2026-08-27 20:45:00+00:00,none,none,0.0
AWS-IND-DL-001,2026-08-27 20:50:00+00:00,none,none,0.0
AWS-IND-DL-001,2026-08-27 20:55:00+00:00,drift,humidity_pct,-33.63420738053149
AWS-IND-DL-001,2026-08-27 21:00:00+00:00,drift,humidity_pct,-33.63420738053149
AWS-IND-DL-001,2026-08-27 21:05:00+00:00,drift,humidity_pct,-33.63420738053149
AWS-IND-DL-001,2026-08-27 21:10:00+00:00,drift,humidity_pct,-33.63420738053149
AWS-IND-DL-001,2026-08-27 21:15:00+00:00,drift,humidity_pct,-33.63420738053149
AWS-IND-DL-001,2026-08-27 21:20:00+00:00,drift,humidity_pct,-33.63420738053149
AWS-IND-DL-001,2026-08-27 21:25:00+00:00,drift,humidity_pct,-33.63420738053149
AWS-IND-DL-001,2026-08-27 21:30:00+00:00,drift,humidity_pct,-33.63420738053149
AWS-IND-DL-001,2026-08-27 21:35:00+00:00,drift,humidity_pct,-33.63420738053149
AWS-IND-DL-001,2026-08-27 21:40:00+00:00,drift,humidity_pct,-33.63420738053149
AWS-IND-DL-001,2026-08-27 21:45:00+00:00,drift,humidity_pct,-33.63420738053149
AWS-IND-DL-001,2026-08-27 21:50:00+00:00,drift,humidity_pct,-33.63420738053149
AWS-IND-DL-001,2026-08-27 21:55:00+00:00,drift,humidity_pct,-33.63420738053149
AWS-IND-DL-001,2026-08-27 22:00:00+00:00,drift,humidity_pct,-33.63420738053149
AWS-IND-DL-001,2026-08-27 22:05:00+00:00,drift,humidity_pct,-33.63420738053149
AWS-IND-DL-001,2026-08-27 22:10:00+00:00,drift,humidity_pct,-33.63420738053149
AWS-IND-DL-001,2026-08-27 22:15:00+00:00,drift,humidity_pct,-33.63420738053149
AWS-IND-DL-001,2026-08-27 22:20:00+00:00,drift,humidity_pct,-33.63420738053149
AWS-IND-DL-001,2026-08-27 22:25:00+00:00,drift,humidity_pct,-33.63420738053149
AWS-IND-DL-001,2026-08-27 22:30:00+00:00,drift,humidity_pct,-33.63420738053149
AWS-IND-DL-001,2026-08-27 22:35:00+00:00,drift,humidity_pct,-33.63420738053149
AWS-IND-DL-001,2026-08-27 22:40:00+00:00,drift,humidity_pct,-33.63420738053149
AWS-IND-DL-001,2026-08-27 22:45:00+00:00,drift,humidity_pct,-33.63420738053149
AWS-IND-DL-001,2026-08-27 22:50:00+00:00,drift,humidity_pct,-33.63420738053149
AWS-IND-DL-001,2026-08-27 22:55:00+00:00,drift,humidity_pct,-33.63420738053149
AWS-IND-DL-001,2026-08-27 23:00:00+00:00,drift,humidity_pct,-33.63420738053149
AWS-IND-DL-001,2026-08-27 23:05:00+00:00,drift,humidity_pct,-33.63420738053149
AWS-IND-DL-001,2026-08-27 23:10:00+00:00,drift,humidity_pct,-33.63420738053149
AWS-IND-DL-001,2026-08-27 23:15:00+00:00,drift,humidity_pct,-33.63420738053149
AWS-IND-DL-001,2026-08-27 23:20:00+00:00,drift,humidity_pct,-33.63420738053149
AWS-IND-DL-001,2026-08-27 23:25:00+00:00,drift,humidity_pct,-33.63420738053149
AWS-IND-DL-001,2026-08-27 23:30:00+00:00,drift,humidity_pct,-33.63420738053149
AWS-IND-DL-001,2026-08-27 23:35:00+00:00,drift,humidity_pct,-33.63420738053149
AWS-IND-DL-001,2026-08-27 23:40:00+00:00,drift,humidity_pct,-33.63420738053149
AWS-IND-DL-001,2026-08-27 23:45:00+00:00,drift,humidity_pct,-33.63420738053149
AWS-IND-DL-001,2026-08-27 23:50:00+00:00,drift,humidity_pct,-33.63420738053149
AWS-IND-DL-001,2026-08-27 23:55:00+00:00,drift,humidity_pct,-33.63420738053149
AWS-IND-DL-001,2026-08-28 00:00:00+00:00,none,none,0.0
AWS-IND-DL-001,2026-08-28 00:05:00+00:00,none,none,0.0
AWS-IND-DL-001,2026-08-28 00:10:00+00:00,none,none,0.0
AWS-IND-DL-001,2026-08-28 00:15:00+00:00,none,none,0.0
AWS-IND-DL-001,2026-08-28 00:20:00+00:00,none,none,0.0
AWS-IND-DL-001,2026-08-28 00:25:00+00:00,none,none,0.0
AWS-IND-DL-001,2026-08-28 00:30:00+00:00,none,none,0.0
AWS-IND-DL-001,2026-08-28 00:35:00+00:00,none,none,0.0
AWS-IND-DL-001,2026-08-28 00:40:00+00:00,none,none,0.0
AWS-IND-DL-001,2026-08-28 00:45:00+00:00,none,none,0.0
AWS-IND-DL-001,2026-08-28 00:50:00+00:00,none,none,0.0
AWS-IND-DL-001,2026-08-28 00:55:00+00:00,none,none,0.0
AWS-IND-DL-001,2026-08-28 01:00:00+00:00,none,none,0.0
AWS-IND-DL-001,2026-08-28 01:05:00+00:00,none,none,0.0
AWS-IND-DL-001,2026-08-28 01:10:00+00:00,none,none,0.0
AWS-IND-DL-001,2026-08-28 01:15:00+00:00,none,none,0.0
AWS-IND-DL-001,2026-08-28 01:20:00+00:00,none,none,0.0
AWS-IND-DL-001,2026-08-28 01:25:00+00:00,none,none,0.0
AWS-IND-DL-001,2026-08-28 01:30:00+00:00,none,none,0.0
AWS-IND-DL-001,2026-08-28 01:35:00+00:00,none,none,0.0
AWS-IND-DL-001,2026-08-28 01:40:00+00:00,none,none,0.0
AWS-IND-DL-001,2026-08-28 01:45:00+00:00,none,none,0.0
AWS-IND-DL-001,2026-08-28 01:50:00+00:00,none,none,0.0
AWS-IND-DL-001,2026-08-28 01:55:00+00:00,none,none,0.0
AWS-IND-DL-001,2026-08-28 02:00:00+00:00,none,none,0.0
AWS-IND-DL-001,2026-08-28 02:05:00+00:00,none,none,0.0
AWS-IND-DL-001,2026-08-28 02:10:00+00:00,none,none,0.0
AWS-IND-DL-001,2026-08-28 02:15:00+00:00,none,none,0.0
AWS-IND-DL-001,2026-08-28 02:20:00+00:00,none,none,0.0
AWS-IND-DL-001,2026-08-28 02:25:00+00:00,none,none,0.0
AWS-IND-DL-001,2026-08-28 02:30:00+00:00,none,none,0.0
AWS-IND-DL-001,2026-08-28 02:35:00+00:00,none,none,0.0
AWS-IND-DL-001,2026-08-28 02:40:00+00:00,none,none,0.0
AWS-IND-DL-001,2026-08-28 02:45:00+00:00,none,none,0.0
AWS-IND-DL-001,2026-08-28 02:50:00+00:00,none,none,0.0
AWS-IND-DL-001,2026-08-28 02:55:00+00:00,none,none,0.0
AWS-IND-DL-001,2026-08-28 03:00:00+00:00,none,none,0.0
AWS-IND-DL-001,2026-08-28 03:05:00+00:00,none,none,0.0
AWS-IND-DL-001,2026-08-28 03:10:00+00:00,none,none,0.0
AWS-IND-DL-001,2026-08-28 03:15:00+00:00,none,none,0.0
AWS-IND-DL-001,2026-08-28 03:20:00+00:00,none,none,0.0
AWS-IND-DL-001,2026-08-28 03:25:00+00:00,none,none,0.0
AWS-IND-DL-001,2026-08-28 03:30:00+00:00,none,none,0.0
AWS-IND-DL-001,2026-08-28 03:35:00+00:00,none,none,0.0
AWS-IND-DL-001,2026-08-28 03:40:00+00:00,none,none,0.0
AWS-IND-DL-001,2026-08-28 03:45:00+00:00,none,none,0.0
AWS-IND-DL-001,2026-08-28 03:50:00+00:00,none,none,0.0
AWS-IND-DL-001,2026-08-28 03:55:00+00:00,none,none,0.0
AWS-IND-DL-001,2026-08-28 04:00:00+00:00,none,none,0.0
AWS-IND-DL-001,2026-08-28 04:05:00+00:00,none,none,0.0
AWS-IND-DL-001,2026-08-28 04:10:00+00:00,none,none,0.0
AWS-IND-DL-001,2026-08-28 04:15:00+00:00,none,none,0.0
AWS-IND-DL-001,2026-08-28 04:20:00+00:00,none,none,0.0
AWS-IND-DL-001,2026-08-28 04:25:00+00:00,none,none,0.0
AWS-IND-DL-001,2026-08-28 04:30:00+00:00,none,none,0.0
AWS-IND-DL-001,2026-08-28 04:35:00+00:00,none,none,0.0
AWS-IND-DL-001,2026-08-28 04:40:00+00:00,none,none,0.0
AWS-IND-DL-001,2026-08-28 04:45:00+00:00,none,none,0.0
AWS-IND-DL-001,2026-08-28 04:50:00+00:00,none,none,0.0
AWS-IND-DL-001,2026-08-28 04:55:00+00:00,none,none,0.0
AWS-IND-DL-001,2026-08-28 05:00:00+00:00,none,none,0.0
AWS-IND-DL-001,2026-08-28 05:05:00+00:00,none,none,0.0
AWS-IND-DL-001,2026-08-28 05:10:00+00:00,none,none,0.0
AWS-IND-DL-001,2026-08-28 05:15:00+00:00,none,none,0.0
AWS-IND-DL-001,2026-08-28 05:20:00+00:00,none,none,0.0
AWS-IND-DL-001,2026-08-28 05:25:00+00:00,none,none,0.0
AWS-IND-DL-001,2026-08-28 05:30:00+00:00,none,none,0.0
AWS-IND-DL-001,2026-08-28 05:35:00+00:00,none,none,0.0
AWS-IND-DL-001,2026-08-28 05:40:00+00:00,none,none,0.0
AWS-IND-DL-001,2026-08-28 05:45:00+00:00,none,none,0.0
AWS-IND-DL-001,2026-08-28 05:50:00+00:00,none,none,0.0
AWS-IND-DL-001,2026-08-28 05:55:00+00:00,none,none,0.0
AWS-IND-DL-001,2026-08-28 06:00:00+00:00,none,none,0.0
AWS-IND-DL-001,2026-08-28 06:05:00+00:00,none,none,0.0
AWS-IND-DL-001,2026-08-28 06:10:00+00:00,none,none,0.0
AWS-IND-DL-001,2026-08-28 06:15:00+00:00,none,none,0.0
AWS-IND-DL-001,2026-08-28 06:20:00+00:00,none,none,0.0
AWS-IND-DL-001,2026-08-28 06:25:00+00:00,none,none,0.0
AWS-IND-DL-001,2026-08-28 06:30:00+00:00,none,none,0.0
AWS-IND-DL-001,2026-08-28 06:35:00+00:00,none,none,0.0
AWS-IND-DL-001,2026-08-28 06:40:00+00:00,none,none,0.0
AWS-IND-DL-001,2026-08-28 06:45:00+00:00,none,none,0.0
AWS-IND-DL-001,2026-08-28 06:50:00+00:00,none,none,0.0
AWS-IND-DL-001,2026-08-28 06:55:00+00:00,none,none,0.0
AWS-IND-DL-001,2026-08-28 07:00:00+00:00,none,none,0.0
AWS-IND-DL-001,2026-08-28 07:05:00+00:00,none,none,0.0
AWS-IND-DL-001,2026-08-28 07:10:00+00:00,none,none,0.0
AWS-IND-DL-001,2026-08-28 07:15:00+00:00,none,none,0.0
AWS-IND-DL-001,2026-08-28 07:20:00+00:00,none,none,0.0
AWS-IND-DL-001,2026-08-28 07:25:00+00:00,none,none,0.0
AWS-IND-DL-001,2026-08-28 07:30:00+00:00,none,none,0.0
AWS-IND-DL-001,2026-08-28 07:35:00+00:00,none,none,0.0
AWS-IND-DL-001,2026-08-28 07:40:00+00:00,none,none,0.0
AWS-IND-DL-001,2026-08-28 07:45:00+00:00,none,none,0.0
AWS-IND-DL-001,2026-08-28 07:50:00+00:00,none,none,0.0
AWS-IND-DL-001,2026-08-28 07:55:00+00:00,none,none,0.0
AWS-IND-DL-001,2026-08-28 08:00:00+00:00,none,none,0.0
AWS-IND-DL-001,2026-08-28 08:05:00+00:00,none,none,0.0
AWS-IND-DL-001,2026-08-28 08:10:00+00:00,none,none,0.0
AWS-IND-DL-001,2026-08-28 08:15:00+00:00,none,none,0.0
AWS-IND-DL-001,2026-08-28 08:20:00+00:00,none,none,0.0
AWS-IND-DL-001,2026-08-28 08:25:00+00:00,none,none,0.0
AWS-IND-DL-001,2026-08-28 08:30:00+00:00,none,none,0.0
AWS-IND-DL-001,2026-08-28 08:35:00+00:00,none,none,0.0
AWS-IND-DL-001,2026-08-28 08:40:00+00:00,none,none,0.0
AWS-IND-DL-001,2026-08-28 08:45:00+00:00,none,none,0.0
AWS-IND-DL-001,2026-08-28 08:50:00+00:00,none,none,0.0
AWS-IND-DL-001,2026-08-28 08:55:00+00:00,none,none,0.0
AWS-IND-DL-001,2026-08-28 09:00:00+00:00,none,none,0.0
AWS-IND-DL-001,2026-08-28 09:05:00+00:00,none,none,0.0
AWS-IND-DL-001,2026-08-28 09:10:00+00:00,none,none,0.0
AWS-IND-DL-001,2026-08-28 09:15:00+00:00,none,none,0.0
AWS-IND-DL-001,2026-08-28 09:20:00+00:00,none,none,0.0
AWS-IND-DL-001,2026-08-28 09:25:00+00:00,none,none,0.0
AWS-IND-DL-001,2026-08-28 09:30:00+00:00,none,none,0.0
AWS-IND-DL-001,2026-08-28 09:35:00+00:00,none,none,0.0
AWS-IND-DL-001,2026-08-28 09:40:00+00:00,none,none,0.0
AWS-IND-DL-001,2026-08-28 09:45:00+00:00,none,none,0.0
AWS-IND-DL-001,2026-08-28 09:50:00+00:00,none,none,0.0
AWS-IND-DL-001,2026-08-28 09:55:00+00:00,none,none,0.0
AWS-IND-DL-001,2026-08-28 10:00:00+00:00,none,none,0.0
AWS-IND-DL-001,2026-08-28 10:05:00+00:00,none,none,0.0
AWS-IND-DL-001,2026-08-28 10:10:00+00:00,none,none,0.0
AWS-IND-DL-001,2026-08-28 10:15:00+00:00,none,none,0.0
AWS-IND-DL-001,2026-08-28 10:20:00+00:00,none,none,0.0
AWS-IND-DL-001,2026-08-28 10:25:00+00:00,none,none,0.0
AWS-IND-DL-001,2026-08-28 10:30:00+00:00,none,none,0.0
AWS-IND-DL-001,2026-08-28 10:35:00+00:00,none,none,0.0
AWS-IND-DL-001,2026-08-28 10:40:00+00:00,none,none,0.0
AWS-IND-DL-001,2026-08-28 10:45:00+00:00,none,none,0.0
AWS-IND-DL-001,2026-08-28 10:50:00+00:00,none,none,0.0
AWS-IND-DL-001,2026-08-28 10:55:00+00:00,none,none,0.0
AWS-IND-DL-001,2026-08-28 11:00:00+00:00,none,none,0.0
AWS-IND-DL-001,2026-08-28 11:05:00+00:00,none,none,0.0
AWS-IND-DL-001,2026-08-28 11:10:00+00:00,none,none,0.0
AWS-IND-DL-001,2026-08-28 11:15:00+00:00,none,none,0.0
AWS-IND-DL-001,2026-08-28 11:20:00+00:00,none,none,0.0
AWS-IND-DL-001,2026-08-28 11:25:00+00:00,none,none,0.0
AWS-IND-DL-001,2026-08-28 11:30:00+00:00,none,none,0.0
AWS-IND-DL-001,2026-08-28 11:35:00+00:00,none,none,0.0
AWS-IND-DL-001,2026-08-28 11:40:00+00:00,none,none,0.0
AWS-IND-DL-001,2026-08-28 11:45:00+00:00,none,none,0.0
AWS-IND-DL-001,2026-08-28 11:50:00+00:00,none,none,0.0
AWS-IND-DL-001,2026-08-28 11:55:00+00:00,none,none,0.0
AWS-IND-DL-001,2026-08-28 12:00:00+00:00,none,none,0.0
AWS-IND-DL-001,2026-08-28 12:05:00+00:00,none,none,0.0
AWS-IND-DL-001,2026-08-28 12:10:00+00:00,none,none,0.0
AWS-IND-DL-001,2026-08-28 12:15:00+00:00,none,none,0.0
AWS-IND-DL-001,2026-08-28 12:20:00+00:00,none,none,0.0
AWS-IND-DL-001,2026-08-28 12:25:00+00:00,none,none,0.0
AWS-IND-DL-001,2026-08-28 12:30:00+00:00,none,none,0.0
AWS-IND-DL-001,2026-08-28 12:35:00+00:00,none,none,0.0
AWS-IND-DL-001,2026-08-28 12:40:00+00:00,none,none,0.0
AWS-IND-DL-001,2026-08-28 12:45:00+00:00,none,none,0.0
AWS-IND-DL-001,2026-08-28 12:50:00+00:00,none,none,0.0
AWS-IND-DL-001,2026-08-28 12:55:00+00:00,none,none,0.0
AWS-IND-DL-001,2026-08-28 13:00:00+00:00,none,none,0.0
AWS-IND-DL-001,2026-08-28 13:05:00+00:00,none,none,0.0
AWS-IND-DL-001,2026-08-28 13:10:00+00:00,none,none,0.0
AWS-IND-DL-001,2026-08-28 13:15:00+00:00,none,none,0.0
AWS-IND-DL-001,2026-08-28 13:20:00+00:00,none,none,0.0
AWS-IND-DL-001,2026-08-28 13:25:00+00:00,none,none,0.0
AWS-IND-DL-001,2026-08-28 13:30:00+00:00,none,none,0.0
AWS-IND-DL-001,2026-08-28 13:35:00+00:00,none,none,0.0
AWS-IND-DL-001,2026-08-28 13:40:00+00:00,none,none,0.0
AWS-IND-DL-001,2026-08-28 13:45:00+00:00,none,none,0.0
AWS-IND-DL-001,2026-08-28 13:50:00+00:00,none,none,0.0
AWS-IND-DL-001,2026-08-28 13:55:00+00:00,none,none,0.0
AWS-IND-DL-001,2026-08-28 14:00:00+00:00,none,none,0.0
AWS-IND-DL-001,2026-08-28 14:05:00+00:00,none,none,0.0
AWS-IND-DL-001,2026-08-28 14:10:00+00:00,none,none,0.0
AWS-IND-DL-001,2026-08-28 14:15:00+00:00,none,none,0.0
AWS-IND-DL-001,2026-08-28 14:20:00+00:00,none,none,0.0
AWS-IND-DL-001,2026-08-28 14:25:00+00:00,none,none,0.0
AWS-IND-DL-001,2026-08-28 14:30:00+00:00,none,none,0.0
AWS-IND-DL-001,2026-08-28 14:35:00+00:00,none,none,0.0
AWS-IND-DL-001,2026-08-28 14:40:00+00:00,none,none,0.0
AWS-IND-DL-001,2026-08-28 14:45:00+00:00,none,none,0.0
AWS-IND-DL-001,2026-08-28 14:50:00+00:00,none,none,0.0
AWS-IND-DL-001,2026-08-28 14:55:00+00:00,none,none,0.0
AWS-IND-DL-001,2026-08-28 15:00:00+00:00,none,none,0.0
AWS-IND-DL-001,2026-08-28 15:05:00+00:00,none,none,0.0
AWS-IND-DL-001,2026-08-28 15:10:00+00:00,none,none,0.0
AWS-IND-DL-001,2026-08-28 15:15:00+00:00,none,none,0.0
AWS-IND-DL-001,2026-08-28 15:20:00+00:00,none,none,0.0
AWS-IND-DL-001,2026-08-28 15:25:00+00:00,none,none,0.0
AWS-IND-DL-001,2026-08-28 15:30:00+00:00,none,none,0.0
AWS-IND-DL-001,2026-08-28 15:35:00+00:00,none,none,0.0
AWS-IND-DL-001,2026-08-28 15:40:00+00:00,none,none,0.0
AWS-IND-DL-001,2026-08-28 15:45:00+00:00,none,none,0.0
AWS-IND-DL-001,2026-08-28 15:50:00+00:00,none,none,0.0
AWS-IND-DL-001,2026-08-28 15:55:00+00:00,none,none,0.0
AWS-IND-DL-001,2026-08-28 16:00:00+00:00,none,none,0.0
AWS-IND-DL-001,2026-08-28 16:05:00+00:00,none,none,0.0
AWS-IND-DL-001,2026-08-28 16:10:00+00:00,none,none,0.0
AWS-IND-DL-001,2026-08-28 16:15:00+00:00,none,none,0.0
AWS-IND-DL-001,2026-08-28 16:20:00+00:00,none,none,0.0
AWS-IND-DL-001,2026-08-28 16:25:00+00:00,none,none,0.0
AWS-IND-DL-001,2026-08-28 16:30:00+00:00,none,none,0.0
AWS-IND-DL-001,2026-08-28 16:35:00+00:00,none,none,0.0
AWS-IND-DL-001,2026-08-28 16:40:00+00:00,none,none,0.0
AWS-IND-DL-001,2026-08-28 16:45:00+00:00,none,none,0.0
AWS-IND-DL-001,2026-08-28 16:50:00+00:00,none,none,0.0
AWS-IND-DL-001,2026-08-28 16:55:00+00:00,none,none,0.0
AWS-IND-DL-001,2026-08-28 17:00:00+00:00,none,none,0.0
AWS-IND-DL-001,2026-08-28 17:05:00+00:00,none,none,0.0
AWS-IND-DL-001,2026-08-28 17:10:00+00:00,none,none,0.0
AWS-IND-DL-001,2026-08-28 17:15:00+00:00,none,none,0.0
AWS-IND-DL-001,2026-08-28 17:20:00+00:00,none,none,0.0
AWS-IND-DL-001,2026-08-28 17:25:00+00:00,none,none,0.0
AWS-IND-DL-001,2026-08-28 17:30:00+00:00,none,none,0.0
AWS-IND-DL-001,2026-08-28 17:35:00+00:00,none,none,0.0
AWS-IND-DL-001,2026-08-28 17:40:00+00:00,none,none,0.0
AWS-IND-DL-001,2026-08-28 17:45:00+00:00,none,none,0.0
AWS-IND-DL-001,2026-08-28 17:50:00+00:00,none,none,0.0
AWS-IND-DL-001,2026-08-28 17:55:00+00:00,none,none,0.0
AWS-IND-DL-001,2026-08-28 18:00:00+00:00,none,none,0.0
AWS-IND-DL-001,2026-08-28 18:05:00+00:00,none,none,0.0
AWS-IND-DL-001,2026-08-28 18:10:00+00:00,none,none,0.0
AWS-IND-DL-001,2026-08-28 18:15:00+00:00,none,none,0.0
AWS-IND-DL-001,2026-08-28 18:20:00+00:00,none,none,0.0
AWS-IND-DL-001,2026-08-28 18:25:00+00:00,none,none,0.0
AWS-IND-DL-001,2026-08-28 18:30:00+00:00,none,none,0.0
AWS-IND-DL-001,2026-08-28 18:35:00+00:00,none,none,0.0
AWS-IND-DL-001,2026-08-28 18:40:00+00:00,none,none,0.0
AWS-IND-DL-001,2026-08-28 18:45:00+00:00,none,none,0.0
AWS-IND-DL-001,2026-08-28 18:50:00+00:00,none,none,0.0
AWS-IND-DL-001,2026-08-28 18:55:00+00:00,none,none,0.0
AWS-IND-DL-001,2026-08-28 19:00:00+00:00,none,none,0.0
AWS-IND-DL-001,2026-08-28 19:05:00+00:00,none,none,0.0
AWS-IND-DL-001,2026-08-28 19:10:00+00:00,none,none,0.0
AWS-IND-DL-001,2026-08-28 19:15:00+00:00,none,none,0.0
AWS-IND-DL-001,2026-08-28 19:20:00+00:00,none,none,0.0
AWS-IND-DL-001,2026-08-28 19:25:00+00:00,none,none,0.0
AWS-IND-DL-001,2026-08-28 19:30:00+00:00,none,none,0.0
AWS-IND-DL-001,2026-08-28 19:35:00+00:00,none,none,0.0
AWS-IND-DL-001,2026-08-28 19:40:00+00:00,none,none,0.0
AWS-IND-DL-001,2026-08-28 19:45:00+00:00,none,none,0.0
AWS-IND-DL-001,2026-08-28 19:50:00+00:00,none,none,0.0
AWS-IND-DL-001,2026-08-28 19:55:00+00:00,none,none,0.0
AWS-IND-DL-001,2026-08-28 20:00:00+00:00,none,none,0.0
AWS-IND-DL-001,2026-08-28 20:05:00+00:00,none,none,0.0
AWS-IND-DL-001,2026-08-28 20:10:00+00:00,none,none,0.0
AWS-IND-DL-001,2026-08-28 20:15:00+00:00,none,none,0.0
AWS-IND-DL-001,2026-08-28 20:20:00+00:00,none,none,0.0
AWS-IND-DL-001,2026-08-28 20:25:00+00:00,none,none,0.0
AWS-IND-DL-001,2026-08-28 20:30:00+00:00,none,none,0.0
AWS-IND-DL-001,2026-08-28 20:35:00+00:00,none,none,0.0
AWS-IND-DL-001,2026-08-28 20:40:00+00:00,none,none,0.0
AWS-IND-DL-001,2026-08-28 20:45:00+00:00,none,none,0.0
AWS-IND-DL-001,2026-08-28 20:50:00+00:00,none,none,0.0
AWS-IND-DL-001,2026-08-28 20:55:00+00:00,none,none,0.0
AWS-IND-DL-001,2026-08-28 21:00:00+00:00,none,none,0.0
AWS-IND-DL-001,2026-08-28 21:05:00+00:00,none,none,0.0
AWS-IND-DL-001,2026-08-28 21:10:00+00:00,none,none,0.0
AWS-IND-DL-001,2026-08-28 21:15:00+00:00,none,none,0.0
AWS-IND-DL-001,2026-08-28 21:20:00+00:00,none,none,0.0
AWS-IND-DL-001,2026-08-28 21:25:00+00:00,none,none,0.0
AWS-IND-DL-001,2026-08-28 21:30:00+00:00,none,none,0.0
AWS-IND-DL-001,2026-08-28 21:35:00+00:00,none,none,0.0
AWS-IND-DL-001,2026-08-28 21:40:00+00:00,none,none,0.0
AWS-IND-DL-001,2026-08-28 21:45:00+00:00,none,none,0.0
AWS-IND-DL-001,2026-08-28 21:50:00+00:00,none,none,0.0
AWS-IND-DL-001,2026-08-28 21:55:00+00:00,none,none,0.0
AWS-IND-DL-001,2026-08-28 22:00:00+00:00,none,none,0.0
AWS-IND-DL-001,2026-08-28 22:05:00+00:00,none,none,0.0
AWS-IND-DL-001,2026-08-28 22:10:00+00:00,none,none,0.0
AWS-IND-DL-001,2026-08-28 22:15:00+00:00,none,none,0.0
AWS-IND-DL-001,2026-08-28 22:20:00+00:00,none,none,0.0
AWS-IND-DL-001,2026-08-28 22:25:00+00:00,none,none,0.0
AWS-IND-DL-001,2026-08-28 22:30:00+00:00,none,none,0.0
AWS-IND-DL-001,2026-08-28 22:35:00+00:00,none,none,0.0
AWS-IND-DL-001,2026-08-28 22:40:00+00:00,none,none,0.0
AWS-IND-DL-001,2026-08-28 22:45:00+00:00,none,none,0.0
AWS-IND-DL-001,2026-08-28 22:50:00+00:00,none,none,0.0
AWS-IND-DL-001,2026-08-28 22:55:00+00:00,none,none,0.0
AWS-IND-DL-001,2026-08-28 23:00:00+00:00,none,none,0.0
AWS-IND-DL-001,2026-08-28 23:05:00+00:00,none,none,0.0
AWS-IND-DL-001,2026-08-28 23:10:00+00:00,none,none,0.0
AWS-IND-DL-001,2026-08-28 23:15:00+00:00,none,none,0.0
AWS-IND-DL-001,2026-08-28 23:20:00+00:00,none,none,0.0
AWS-IND-DL-001,2026-08-28 23:25:00+00:00,none,none,0.0
AWS-IND-DL-001,2026-08-28 23:30:00+00:00,none,none,0.0
AWS-IND-DL-001,2026-08-28 23:35:00+00:00,none,none,0.0
AWS-IND-DL-001,2026-08-28 23:40:00+00:00,none,none,0.0
AWS-IND-DL-001,2026-08-28 23:45:00+00:00,none,none,0.0
AWS-IND-DL-001,2026-08-28 23:50:00+00:00,none,none,0.0
AWS-IND-DL-001,2026-08-28 23:55:00+00:00,none,none,0.0
AWS-IND-DL-001,2026-08-29 00:00:00+00:00,none,none,0.0
AWS-IND-DL-001,2026-08-29 00:05:00+00:00,none,none,0.0
AWS-IND-DL-001,2026-08-29 00:10:00+00:00,none,none,0.0
AWS-IND-DL-001,2026-08-29 00:15:00+00:00,none,none,0.0
AWS-IND-DL-001,2026-08-29 00:20:00+00:00,none,none,0.0
AWS-IND-DL-001,2026-08-29 00:25:00+00:00,none,none,0.0
AWS-IND-DL-001,2026-08-29 00:30:00+00:00,none,none,0.0
AWS-IND-DL-001,2026-08-29 00:35:00+00:00,none,none,0.0
AWS-IND-DL-001,2026-08-29 00:40:00+00:00,none,none,0.0
AWS-IND-DL-001,2026-08-29 00:45:00+00:00,none,none,0.0
AWS-IND-DL-001,2026-08-29 00:50:00+00:00,none,none,0.0
AWS-IND-DL-001,2026-08-29 00:55:00+00:00,none,none,0.0
AWS-IND-DL-001,2026-08-29 01:00:00+00:00,none,none,0.0
AWS-IND-DL-001,2026-08-29 01:05:00+00:00,none,none,0.0
AWS-IND-DL-001,2026-08-29 01:10:00+00:00,none,none,0.0
AWS-IND-DL-001,2026-08-29 01:15:00+00:00,none,none,0.0
AWS-IND-DL-001,2026-08-29 01:20:00+00:00,none,none,0.0
AWS-IND-DL-001,2026-08-29 01:25:00+00:00,none,none,0.0
AWS-IND-DL-001,2026-08-29 01:30:00+00:00,none,none,0.0
AWS-IND-DL-001,2026-08-29 01:35:00+00:00,none,none,0.0
AWS-IND-DL-001,2026-08-29 01:40:00+00:00,none,none,0.0
AWS-IND-DL-001,2026-08-29 01:45:00+00:00,none,none,0.0
AWS-IND-DL-001,2026-08-29 01:50:00+00:00,none,none,0.0
AWS-IND-DL-001,2026-08-29 01:55:00+00:00,none,none,0.0
AWS-IND-DL-001,2026-08-29 02:00:00+00:00,none,none,0.0
AWS-IND-DL-001,2026-08-29 02:05:00+00:00,none,none,0.0
AWS-IND-DL-001,2026-08-29 02:10:00+00:00,none,none,0.0
AWS-IND-DL-001,2026-08-29 02:15:00+00:00,none,none,0.0
AWS-IND-DL-001,2026-08-29 02:20:00+00:00,none,none,0.0
AWS-IND-DL-001,2026-08-29 02:25:00+00:00,none,none,0.0
AWS-IND-DL-001,2026-08-29 02:30:00+00:00,none,none,0.0
AWS-IND-DL-001,2026-08-29 02:35:00+00:00,none,none,0.0
AWS-IND-DL-001,2026-08-29 02:40:00+00:00,none,none,0.0
AWS-IND-DL-001,2026-08-29 02:45:00+00:00,none,none,0.0
AWS-IND-DL-001,2026-08-29 02:50:00+00:00,none,none,0.0
AWS-IND-DL-001,2026-08-29 02:55:00+00:00,none,none,0.0
AWS-IND-DL-001,2026-08-29 03:00:00+00:00,none,none,0.0
AWS-IND-DL-001,2026-08-29 03:05:00+00:00,none,none,0.0
AWS-IND-DL-001,2026-08-29 03:10:00+00:00,none,none,0.0
AWS-IND-DL-001,2026-08-29 03:15:00+00:00,none,none,0.0
AWS-IND-DL-001,2026-08-29 03:20:00+00:00,none,none,0.0
AWS-IND-DL-001,2026-08-29 03:25:00+00:00,none,none,0.0
AWS-IND-DL-001,2026-08-29 03:30:00+00:00,none,none,0.0
AWS-IND-DL-001,2026-08-29 03:35:00+00:00,none,none,0.0
AWS-IND-DL-001,2026-08-29 03:40:00+00:00,none,none,0.0
AWS-IND-DL-001,2026-08-29 03:45:00+00:00,none,none,0.0
AWS-IND-DL-001,2026-08-29 03:50:00+00:00,none,none,0.0
AWS-IND-DL-001,2026-08-29 03:55:00+00:00,none,none,0.0
AWS-IND-DL-001,2026-08-29 04:00:00+00:00,none,none,0.0
AWS-IND-DL-001,2026-08-29 04:05:00+00:00,none,none,0.0
AWS-IND-DL-001,2026-08-29 04:10:00+00:00,none,none,0.0
AWS-IND-DL-001,2026-08-29 04:15:00+00:00,none,none,0.0
AWS-IND-DL-001,2026-08-29 04:20:00+00:00,none,none,0.0
AWS-IND-DL-001,2026-08-29 04:25:00+00:00,none,none,0.0
AWS-IND-DL-001,2026-08-29 04:30:00+00:00,none,none,0.0
AWS-IND-DL-001,2026-08-29 04:35:00+00:00,none,none,0.0
AWS-IND-DL-001,2026-08-29 04:40:00+00:00,none,none,0.0
AWS-IND-DL-001,2026-08-29 04:45:00+00:00,none,none,0.0
AWS-IND-DL-001,2026-08-29 04:50:00+00:00,none,none,0.0
AWS-IND-DL-001,2026-08-29 04:55:00+00:00,none,none,0.0
AWS-IND-DL-001,2026-08-29 05:00:00+00:00,none,none,0.0
AWS-IND-DL-001,2026-08-29 05:05:00+00:00,none,none,0.0
AWS-IND-DL-001,2026-08-29 05:10:00+00:00,none,none,0.0
AWS-IND-DL-001,2026-08-29 05:15:00+00:00,none,none,0.0
AWS-IND-DL-001,2026-08-29 05:20:00+00:00,none,none,0.0
AWS-IND-DL-001,2026-08-29 05:25:00+00:00,none,none,0.0
AWS-IND-DL-001,2026-08-29 05:30:00+00:00,none,none,0.0
AWS-IND-DL-001,2026-08-29 05:35:00+00:00,none,none,0.0
AWS-IND-DL-001,2026-08-29 05:40:00+00:00,none,none,0.0
AWS-IND-DL-001,2026-08-29 05:45:00+00:00,none,none,0.0
AWS-IND-DL-001,2026-08-29 05:50:00+00:00,none,none,0.0
AWS-IND-DL-001,2026-08-29 05:55:00+00:00,none,none,0.0
AWS-IND-DL-001,2026-08-29 06:00:00+00:00,none,none,0.0
AWS-IND-DL-001,2026-08-29 06:05:00+00:00,none,none,0.0
AWS-IND-DL-001,2026-08-29 06:10:00+00:00,none,none,0.0
AWS-IND-DL-001,2026-08-29 06:15:00+00:00,none,none,0.0
AWS-IND-DL-001,2026-08-29 06:20:00+00:00,none,none,0.0
AWS-IND-DL-001,2026-08-29 06:25:00+00:00,none,none,0.0
AWS-IND-DL-001,2026-08-29 06:30:00+00:00,none,none,0.0
AWS-IND-DL-001,2026-08-29 06:35:00+00:00,none,none,0.0
AWS-IND-DL-001,2026-08-29 06:40:00+00:00,none,none,0.0
AWS-IND-DL-001,2026-08-29 06:45:00+00:00,none,none,0.0
AWS-IND-DL-001,2026-08-29 06:50:00+00:00,none,none,0.0
AWS-IND-DL-001,2026-08-29 06:55:00+00:00,none,none,0.0
AWS-IND-DL-001,2026-08-29 07:00:00+00:00,none,none,0.0
AWS-IND-DL-001,2026-08-29 07:05:00+00:00,none,none,0.0
AWS-IND-DL-001,2026-08-29 07:10:00+00:00,none,none,0.0
AWS-IND-DL-001,2026-08-29 07:15:00+00:00,none,none,0.0
AWS-IND-DL-001,2026-08-29 07:20:00+00:00,none,none,0.0
AWS-IND-DL-001,2026-08-29 07:25:00+00:00,none,none,0.0
AWS-IND-DL-001,2026-08-29 07:30:00+00:00,none,none,0.0
AWS-IND-DL-001,2026-08-29 07:35:00+00:00,none,none,0.0
AWS-IND-DL-001,2026-08-29 07:40:00+00:00,none,none,0.0
AWS-IND-DL-001,2026-08-29 07:45:00+00:00,none,none,0.0
AWS-IND-DL-001,2026-08-29 07:50:00+00:00,none,none,0.0
AWS-IND-DL-001,2026-08-29 07:55:00+00:00,none,none,0.0
AWS-IND-DL-001,2026-08-29 08:00:00+00:00,none,none,0.0
AWS-IND-DL-001,2026-08-29 08:05:00+00:00,none,none,0.0
AWS-IND-DL-001,2026-08-29 08:10:00+00:00,none,none,0.0
AWS-IND-DL-001,2026-08-29 08:15:00+00:00,none,none,0.0
AWS-IND-DL-001,2026-08-29 08:20:00+00:00,none,none,0.0
AWS-IND-DL-001,2026-08-29 08:25:00+00:00,none,none,0.0
AWS-IND-DL-001,2026-08-29 08:30:00+00:00,none,none,0.0
AWS-IND-DL-001,2026-08-29 08:35:00+00:00,none,none,0.0
AWS-IND-DL-001,2026-08-29 08:40:00+00:00,none,none,0.0
AWS-IND-DL-001,2026-08-29 08:45:00+00:00,none,none,0.0
AWS-IND-DL-001,2026-08-29 08:50:00+00:00,none,none,0.0
AWS-IND-DL-001,2026-08-29 08:55:00+00:00,none,none,0.0
AWS-IND-DL-001,2026-08-29 09:00:00+00:00,none,none,0.0
AWS-IND-DL-001,2026-08-29 09:05:00+00:00,none,none,0.0
AWS-IND-DL-001,2026-08-29 09:10:00+00:00,none,none,0.0
AWS-IND-DL-001,2026-08-29 09:15:00+00:00,none,none,0.0
AWS-IND-DL-001,2026-08-29 09:20:00+00:00,none,none,0.0
AWS-IND-DL-001,2026-08-29 09:25:00+00:00,none,none,0.0
AWS-IND-DL-001,2026-08-29 09:30:00+00:00,none,none,0.0
AWS-IND-DL-001,2026-08-29 09:35:00+00:00,none,none,0.0
AWS-IND-DL-001,2026-08-29 09:40:00+00:00,none,none,0.0
AWS-IND-DL-001,2026-08-29 09:45:00+00:00,none,none,0.0
AWS-IND-DL-001,2026-08-29 09:50:00+00:00,none,none,0.0
AWS-IND-DL-001,2026-08-29 09:55:00+00:00,none,none,0.0
AWS-IND-DL-001,2026-08-29 10:00:00+00:00,none,none,0.0
AWS-IND-DL-001,2026-08-29 10:05:00+00:00,none,none,0.0
AWS-IND-DL-001,2026-08-29 10:10:00+00:00,none,none,0.0
AWS-IND-DL-001,2026-08-29 10:15:00+00:00,none,none,0.0
AWS-IND-DL-001,2026-08-29 10:20:00+00:00,none,none,0.0
AWS-IND-DL-001,2026-08-29 10:25:00+00:00,none,none,0.0
AWS-IND-DL-001,2026-08-29 10:30:00+00:00,none,none,0.0
AWS-IND-DL-001,2026-08-29 10:35:00+00:00,none,none,0.0
AWS-IND-DL-001,2026-08-29 10:40:00+00:00,none,none,0.0
AWS-IND-DL-001,2026-08-29 10:45:00+00:00,none,none,0.0
AWS-IND-DL-001,2026-08-29 10:50:00+00:00,none,none,0.0
AWS-IND-DL-001,2026-08-29 10:55:00+00:00,none,none,0.0
AWS-IND-DL-001,2026-08-29 11:00:00+00:00,none,none,0.0
AWS-IND-DL-001,2026-08-29 11:05:00+00:00,none,none,0.0
AWS-IND-DL-001,2026-08-29 11:10:00+00:00,none,none,0.0
AWS-IND-DL-001,2026-08-29 11:15:00+00:00,none,none,0.0
AWS-IND-DL-001,2026-08-29 11:20:00+00:00,none,none,0.0
AWS-IND-DL-001,2026-08-29 11:25:00+00:00,none,none,0.0
AWS-IND-DL-001,2026-08-29 11:30:00+00:00,none,none,0.0
AWS-IND-DL-001,2026-08-29 11:35:00+00:00,none,none,0.0
AWS-IND-DL-001,2026-08-29 11:40:00+00:00,none,none,0.0
AWS-IND-DL-001,2026-08-29 11:45:00+00:00,none,none,0.0
AWS-IND-DL-001,2026-08-29 11:50:00+00:00,none,none,0.0
AWS-IND-DL-001,2026-08-29 11:55:00+00:00,none,none,0.0
AWS-IND-DL-001,2026-08-29 12:00:00+00:00,none,none,0.0
AWS-IND-DL-001,2026-08-29 12:05:00+00:00,none,none,0.0
AWS-IND-DL-001,2026-08-29 12:10:00+00:00,none,none,0.0
AWS-IND-DL-001,2026-08-29 12:15:00+00:00,none,none,0.0
AWS-IND-DL-001,2026-08-29 12:20:00+00:00,none,none,0.0
AWS-IND-DL-001,2026-08-29 12:25:00+00:00,none,none,0.0
AWS-IND-DL-001,2026-08-29 12:30:00+00:00,none,none,0.0
AWS-IND-DL-001,2026-08-29 12:35:00+00:00,none,none,0.0
AWS-IND-DL-001,2026-08-29 12:40:00+00:00,none,none,0.0
AWS-IND-DL-001,2026-08-29 12:45:00+00:00,none,none,0.0
AWS-IND-DL-001,2026-08-29 12:50:00+00:00,none,none,0.0
AWS-IND-DL-001,2026-08-29 12:55:00+00:00,none,none,0.0
AWS-IND-DL-001,2026-08-29 13:00:00+00:00,none,none,0.0
AWS-IND-DL-001,2026-08-29 13:05:00+00:00,none,none,0.0
AWS-IND-DL-001,2026-08-29 13:10:00+00:00,none,none,0.0
AWS-IND-DL-001,2026-08-29 13:15:00+00:00,none,none,0.0
AWS-IND-DL-001,2026-08-29 13:20:00+00:00,none,none,0.0
AWS-IND-DL-001,2026-08-29 13:25:00+00:00,none,none,0.0
AWS-IND-DL-001,2026-08-29 13:30:00+00:00,none,none,0.0
AWS-IND-DL-001,2026-08-29 13:35:00+00:00,none,none,0.0
AWS-IND-DL-001,2026-08-29 13:40:00+00:00,none,none,0.0
AWS-IND-DL-001,2026-08-29 13:45:00+00:00,none,none,0.0
AWS-IND-DL-001,2026-08-29 13:50:00+00:00,none,none,0.0
AWS-IND-DL-001,2026-08-29 13:55:00+00:00,none,none,0.0
AWS-IND-DL-001,2026-08-29 14:00:00+00:00,none,none,0.0
AWS-IND-DL-001,2026-08-29 14:05:00+00:00,none,none,0.0
AWS-IND-DL-001,2026-08-29 14:10:00+00:00,none,none,0.0
AWS-IND-DL-001,2026-08-29 14:15:00+00:00,none,none,0.0
AWS-IND-DL-001,2026-08-29 14:20:00+00:00,none,none,0.0
AWS-IND-DL-001,2026-08-29 14:25:00+00:00,none,none,0.0
AWS-IND-DL-001,2026-08-29 14:30:00+00:00,none,none,0.0
AWS-IND-DL-001,2026-08-29 14:35:00+00:00,none,none,0.0
AWS-IND-DL-001,2026-08-29 14:40:00+00:00,none,none,0.0
AWS-IND-DL-001,2026-08-29 14:45:00+00:00,none,none,0.0
AWS-IND-DL-001,2026-08-29 14:50:00+00:00,none,none,0.0
AWS-IND-DL-001,2026-08-29 14:55:00+00:00,none,none,0.0
AWS-IND-DL-001,2026-08-29 15:00:00+00:00,none,none,0.0
AWS-IND-DL-001,2026-08-29 15:05:00+00:00,none,none,0.0
AWS-IND-DL-001,2026-08-29 15:10:00+00:00,none,none,0.0
AWS-IND-DL-001,2026-08-29 15:15:00+00:00,none,none,0.0
AWS-IND-DL-001,2026-08-29 15:20:00+00:00,none,none,0.0
AWS-IND-DL-001,2026-08-29 15:25:00+00:00,none,none,0.0
AWS-IND-DL-001,2026-08-29 15:30:00+00:00,none,none,0.0
AWS-IND-DL-001,2026-08-29 15:35:00+00:00,none,none,0.0
AWS-IND-DL-001,2026-08-29 15:40:00+00:00,none,none,0.0
AWS-IND-DL-001,2026-08-29 15:45:00+00:00,none,none,0.0
AWS-IND-DL-001,2026-08-29 15:50:00+00:00,none,none,0.0
AWS-IND-DL-001,2026-08-29 15:55:00+00:00,none,none,0.0
AWS-IND-DL-001,2026-08-29 16:00:00+00:00,none,none,0.0
AWS-IND-DL-001,2026-08-29 16:05:00+00:00,none,none,0.0
AWS-IND-DL-001,2026-08-29 16:10:00+00:00,none,none,0.0
AWS-IND-DL-001,2026-08-29 16:15:00+00:00,none,none,0.0
AWS-IND-DL-001,2026-08-29 16:20:00+00:00,none,none,0.0
AWS-IND-DL-001,2026-08-29 16:25:00+00:00,none,none,0.0
AWS-IND-DL-001,2026-08-29 16:30:00+00:00,none,none,0.0
AWS-IND-DL-001,2026-08-29 16:35:00+00:00,none,none,0.0
AWS-IND-DL-001,2026-08-29 16:40:00+00:00,none,none,0.0
AWS-IND-DL-001,2026-08-29 16:45:00+00:00,none,none,0.0
AWS-IND-DL-001,2026-08-29 16:50:00+00:00,none,none,0.0
AWS-IND-DL-001,2026-08-29 16:55:00+00:00,none,none,0.0
AWS-IND-DL-001,2026-08-29 17:00:00+00:00,none,none,0.0
AWS-IND-DL-001,2026-08-29 17:05:00+00:00,none,none,0.0
AWS-IND-DL-001,2026-08-29 17:10:00+00:00,none,none,0.0
AWS-IND-DL-001,2026-08-29 17:15:00+00:00,none,none,0.0
AWS-IND-DL-001,2026-08-29 17:20:00+00:00,none,none,0.0
AWS-IND-DL-001,2026-08-29 17:25:00+00:00,none,none,0.0
AWS-IND-DL-001,2026-08-29 17:30:00+00:00,none,none,0.0
AWS-IND-DL-001,2026-08-29 17:35:00+00:00,none,none,0.0
AWS-IND-DL-001,2026-08-29 17:40:00+00:00,none,none,0.0
AWS-IND-DL-001,2026-08-29 17:45:00+00:00,none,none,0.0
AWS-IND-DL-001,2026-08-29 17:50:00+00:00,none,none,0.0
AWS-IND-DL-001,2026-08-29 17:55:00+00:00,none,none,0.0
AWS-IND-DL-001,2026-08-29 18:00:00+00:00,none,none,0.0
AWS-IND-DL-001,2026-08-29 18:05:00+00:00,none,none,0.0
AWS-IND-DL-001,2026-08-29 18:10:00+00:00,none,none,0.0
AWS-IND-DL-001,2026-08-29 18:15:00+00:00,none,none,0.0
AWS-IND-DL-001,2026-08-29 18:20:00+00:00,none,none,0.0
AWS-IND-DL-001,2026-08-29 18:25:00+00:00,none,none,0.0
AWS-IND-DL-001,2026-08-29 18:30:00+00:00,none,none,0.0
AWS-IND-DL-001,2026-08-29 18:35:00+00:00,none,none,0.0
AWS-IND-DL-001,2026-08-29 18:40:00+00:00,none,none,0.0
AWS-IND-DL-001,2026-08-29 18:45:00+00:00,none,none,0.0
AWS-IND-DL-001,2026-08-29 18:50:00+00:00,none,none,0.0
AWS-IND-DL-001,2026-08-29 18:55:00+00:00,none,none,0.0
AWS-IND-DL-001,2026-08-29 19:00:00+00:00,none,none,0.0
AWS-IND-DL-001,2026-08-29 19:05:00+00:00,none,none,0.0
AWS-IND-DL-001,2026-08-29 19:10:00+00:00,none,none,0.0
AWS-IND-DL-001,2026-08-29 19:15:00+00:00,none,none,0.0
AWS-IND-DL-001,2026-08-29 19:20:00+00:00,none,none,0.0
AWS-IND-DL-001,2026-08-29 19:25:00+00:00,none,none,0.0
AWS-IND-DL-001,2026-08-29 19:30:00+00:00,spike,temperature_c,-11.192612091221603
AWS-IND-DL-001,2026-08-29 19:35:00+00:00,spike,temperature_c,-11.192612091221603
AWS-IND-DL-001,2026-08-29 19:40:00+00:00,spike,temperature_c,-11.192612091221603
AWS-IND-DL-001,2026-08-29 19:45:00+00:00,none,none,0.0
AWS-IND-DL-001,2026-08-29 19:50:00+00:00,none,none,0.0
AWS-IND-DL-001,2026-08-29 19:55:00+00:00,none,none,0.0
AWS-IND-DL-001,2026-08-29 20:00:00+00:00,none,none,0.0
AWS-IND-DL-001,2026-08-29 20:05:00+00:00,none,none,0.0
AWS-IND-DL-001,2026-08-29 20:10:00+00:00,none,none,0.0
AWS-IND-DL-001,2026-08-29 20:15:00+00:00,none,none,0.0
AWS-IND-DL-001,2026-08-29 20:20:00+00:00,none,none,0.0
AWS-IND-DL-001,2026-08-29 20:25:00+00:00,none,none,0.0
AWS-IND-DL-001,2026-08-29 20:30:00+00:00,none,none,0.0
AWS-IND-DL-001,2026-08-29 20:35:00+00:00,none,none,0.0
AWS-IND-DL-001,2026-08-29 20:40:00+00:00,none,none,0.0
AWS-IND-DL-001,2026-08-29 20:45:00+00:00,none,none,0.0
AWS-IND-DL-001,2026-08-29 20:50:00+00:00,none,none,0.0
AWS-IND-DL-001,2026-08-29 20:55:00+00:00,none,none,0.0
AWS-IND-DL-001,2026-08-29 21:00:00+00:00,none,none,0.0
AWS-IND-DL-001,2026-08-29 21:05:00+00:00,none,none,0.0
AWS-IND-DL-001,2026-08-29 21:10:00+00:00,none,none,0.0
AWS-IND-DL-001,2026-08-29 21:15:00+00:00,none,none,0.0
AWS-IND-DL-001,2026-08-29 21:20:00+00:00,none,none,0.0
AWS-IND-DL-001,2026-08-29 21:25:00+00:00,none,none,0.0
AWS-IND-DL-001,2026-08-29 21:30:00+00:00,none,none,0.0
AWS-IND-DL-001,2026-08-29 21:35:00+00:00,none,none,0.0
AWS-IND-DL-001,2026-08-29 21:40:00+00:00,none,none,0.0
AWS-IND-DL-001,2026-08-29 21:45:00+00:00,none,none,0.0
AWS-IND-DL-001,2026-08-29 21:50:00+00:00,none,none,0.0
AWS-IND-DL-001,2026-08-29 21:55:00+00:00,none,none,0.0
AWS-IND-DL-001,2026-08-29 22:00:00+00:00,none,none,0.0
AWS-IND-DL-001,2026-08-29 22:05:00+00:00,none,none,0.0
AWS-IND-DL-001,2026-08-29 22:10:00+00:00,none,none,0.0
AWS-IND-DL-001,2026-08-29 22:15:00+00:00,none,none,0.0
AWS-IND-DL-001,2026-08-29 22:20:00+00:00,none,none,0.0
AWS-IND-DL-001,2026-08-29 22:25:00+00:00,none,none,0.0
AWS-IND-DL-001,2026-08-29 22:30:00+00:00,none,none,0.0
AWS-IND-DL-001,2026-08-29 22:35:00+00:00,none,none,0.0
AWS-IND-DL-001,2026-08-29 22:40:00+00:00,none,none,0.0
AWS-IND-DL-001,2026-08-29 22:45:00+00:00,none,none,0.0
AWS-IND-DL-001,2026-08-29 22:50:00+00:00,none,none,0.0
AWS-IND-DL-001,2026-08-29 22:55:00+00:00,none,none,0.0
AWS-IND-DL-001,2026-08-29 23:00:00+00:00,none,none,0.0
AWS-IND-DL-001,2026-08-29 23:05:00+00:00,none,none,0.0
AWS-IND-DL-001,2026-08-29 23:10:00+00:00,none,none,0.0
AWS-IND-DL-001,2026-08-29 23:15:00+00:00,none,none,0.0
AWS-IND-DL-001,2026-08-29 23:20:00+00:00,none,none,0.0
AWS-IND-DL-001,2026-08-29 23:25:00+00:00,none,none,0.0
AWS-IND-DL-001,2026-08-29 23:30:00+00:00,none,none,0.0
AWS-IND-DL-001,2026-08-29 23:35:00+00:00,none,none,0.0
AWS-IND-DL-001,2026-08-29 23:40:00+00:00,none,none,0.0
AWS-IND-DL-001,2026-08-29 23:45:00+00:00,none,none,0.0
AWS-IND-DL-001,2026-08-29 23:50:00+00:00,none,none,0.0
AWS-IND-DL-001,2026-08-29 23:55:00+00:00,none,none,0.0
AWS-IND-HP-001,2026-08-23 00:00:00+00:00,none,none,0.0
AWS-IND-HP-001,2026-08-23 00:05:00+00:00,none,none,0.0
AWS-IND-HP-001,2026-08-23 00:10:00+00:00,none,none,0.0
AWS-IND-HP-001,2026-08-23 00:15:00+00:00,none,none,0.0
AWS-IND-HP-001,2026-08-23 00:20:00+00:00,none,none,0.0
AWS-IND-HP-001,2026-08-23 00:25:00+00:00,none,none,0.0
AWS-IND-HP-001,2026-08-23 00:30:00+00:00,none,none,0.0
AWS-IND-HP-001,2026-08-23 00:35:00+00:00,none,none,0.0
AWS-IND-HP-001,2026-08-23 00:40:00+00:00,none,none,0.0
AWS-IND-HP-001,2026-08-23 00:45:00+00:00,none,none,0.0
AWS-IND-HP-001,2026-08-23 00:50:00+00:00,none,none,0.0
AWS-IND-HP-001,2026-08-23 00:55:00+00:00,none,none,0.0
AWS-IND-HP-001,2026-08-23 01:00:00+00:00,none,none,0.0
AWS-IND-HP-001,2026-08-23 01:05:00+00:00,none,none,0.0
AWS-IND-HP-001,2026-08-23 01:10:00+00:00,none,none,0.0
AWS-IND-HP-001,2026-08-23 01:15:00+00:00,none,none,0.0
AWS-IND-HP-001,2026-08-23 01:20:00+00:00,none,none,0.0
AWS-IND-HP-001,2026-08-23 01:25:00+00:00,none,none,0.0
AWS-IND-HP-001,2026-08-23 01:30:00+00:00,none,none,0.0
AWS-IND-HP-001,2026-08-23 01:35:00+00:00,none,none,0.0
AWS-IND-HP-001,2026-08-23 01:40:00+00:00,none,none,0.0
AWS-IND-HP-001,2026-08-23 01:45:00+00:00,none,none,0.0
AWS-IND-HP-001,2026-08-23 01:50:00+00:00,none,none,0.0
AWS-IND-HP-001,2026-08-23 01:55:00+00:00,none,none,0.0
AWS-IND-HP-001,2026-08-23 02:00:00+00:00,none,none,0.0
AWS-IND-HP-001,2026-08-23 02:05:00+00:00,none,none,0.0
AWS-IND-HP-001,2026-08-23 02:10:00+00:00,none,none,0.0
AWS-IND-HP-001,2026-08-23 02:15:00+00:00,none,none,0.0
AWS-IND-HP-001,2026-08-23 02:20:00+00:00,none,none,0.0
AWS-IND-HP-001,2026-08-23 02:25:00+00:00,none,none,0.0
AWS-IND-HP-001,2026-08-23 02:30:00+00:00,none,none,0.0
AWS-IND-HP-001,2026-08-23 02:35:00+00:00,none,none,0.0
AWS-IND-HP-001,2026-08-23 02:40:00+00:00,none,none,0.0
AWS-IND-HP-001,2026-08-23 02:45:00+00:00,none,none,0.0
AWS-IND-HP-001,2026-08-23 02:50:00+00:00,none,none,0.0
AWS-IND-HP-001,2026-08-23 02:55:00+00:00,none,none,0.0
AWS-IND-HP-001,2026-08-23 03:00:00+00:00,none,none,0.0
AWS-IND-HP-001,2026-08-23 03:05:00+00:00,none,none,0.0
AWS-IND-HP-001,2026-08-23 03:10:00+00:00,none,none,0.0
AWS-IND-HP-001,2026-08-23 03:15:00+00:00,none,none,0.0
AWS-IND-HP-001,2026-08-23 03:20:00+00:00,none,none,0.0
AWS-IND-HP-001,2026-08-23 03:25:00+00:00,none,none,0.0
AWS-IND-HP-001,2026-08-23 03:30:00+00:00,none,none,0.0
AWS-IND-HP-001,2026-08-23 03:35:00+00:00,none,none,0.0
AWS-IND-HP-001,2026-08-23 03:40:00+00:00,none,none,0.0
AWS-IND-HP-001,2026-08-23 03:45:00+00:00,none,none,0.0
AWS-IND-HP-001,2026-08-23 03:50:00+00:00,none,none,0.0
AWS-IND-HP-001,2026-08-23 03:55:00+00:00,none,none,0.0
AWS-IND-HP-001,2026-08-23 04:00:00+00:00,none,none,0.0
AWS-IND-HP-001,2026-08-23 04:05:00+00:00,none,none,0.0
AWS-IND-HP-001,2026-08-23 04:10:00+00:00,none,none,0.0
AWS-IND-HP-001,2026-08-23 04:15:00+00:00,none,none,0.0
AWS-IND-HP-001,2026-08-23 04:20:00+00:00,none,none,0.0
AWS-IND-HP-001,2026-08-23 04:25:00+00:00,flatline,temperature_c,8.408722048702812
AWS-IND-HP-001,2026-08-23 04:30:00+00:00,flatline,temperature_c,8.408722048702812
AWS-IND-HP-001,2026-08-23 04:35:00+00:00,flatline,temperature_c,8.408722048702812
AWS-IND-HP-001,2026-08-23 04:40:00+00:00,flatline,temperature_c,8.408722048702812
AWS-IND-HP-001,2026-08-23 04:45:00+00:00,flatline,temperature_c,8.408722048702812
AWS-IND-HP-001,2026-08-23 04:50:00+00:00,flatline,temperature_c,8.408722048702812
AWS-IND-HP-001,2026-08-23 04:55:00+00:00,flatline,temperature_c,8.408722048702812
AWS-IND-HP-001,2026-08-23 05:00:00+00:00,flatline,temperature_c,8.408722048702812
AWS-IND-HP-001,2026-08-23 05:05:00+00:00,flatline,temperature_c,8.408722048702812
AWS-IND-HP-001,2026-08-23 05:10:00+00:00,flatline,temperature_c,8.408722048702812
AWS-IND-HP-001,2026-08-23 05:15:00+00:00,flatline,temperature_c,8.408722048702812
AWS-IND-HP-001,2026-08-23 05:20:00+00:00,flatline,temperature_c,8.408722048702812
AWS-IND-HP-001,2026-08-23 05:25:00+00:00,flatline,temperature_c,8.408722048702812
AWS-IND-HP-001,2026-08-23 05:30:00+00:00,flatline,temperature_c,8.408722048702812
AWS-IND-HP-001,2026-08-23 05:35:00+00:00,flatline,temperature_c,8.408722048702812
AWS-IND-HP-001,2026-08-23 05:40:00+00:00,flatline,temperature_c,8.408722048702812
AWS-IND-HP-001,2026-08-23 05:45:00+00:00,flatline,temperature_c,8.408722048702812
AWS-IND-HP-001,2026-08-23 05:50:00+00:00,flatline,temperature_c,8.408722048702812
AWS-IND-HP-001,2026-08-23 05:55:00+00:00,flatline,temperature_c,8.408722048702812
AWS-IND-HP-001,2026-08-23 06:00:00+00:00,flatline,temperature_c,8.408722048702812
AWS-IND-HP-001,2026-08-23 06:05:00+00:00,flatline,temperature_c,8.408722048702812
AWS-IND-HP-001,2026-08-23 06:10:00+00:00,flatline,temperature_c,8.408722048702812
AWS-IND-HP-001,2026-08-23 06:15:00+00:00,flatline,temperature_c,8.408722048702812
AWS-IND-HP-001,2026-08-23 06:20:00+00:00,flatline,temperature_c,8.408722048702812
AWS-IND-HP-001,2026-08-23 06:25:00+00:00,flatline,temperature_c,8.408722048702812
AWS-IND-HP-001,2026-08-23 06:30:00+00:00,flatline,temperature_c,8.408722048702812
AWS-IND-HP-001,2026-08-23 06:35:00+00:00,flatline,temperature_c,8.408722048702812
AWS-IND-HP-001,2026-08-23 06:40:00+00:00,flatline,temperature_c,8.408722048702812
AWS-IND-HP-001,2026-08-23 06:45:00+00:00,flatline,temperature_c,8.408722048702812
AWS-IND-HP-001,2026-08-23 06:50:00+00:00,flatline,temperature_c,8.408722048702812
AWS-IND-HP-001,2026-08-23 06:55:00+00:00,flatline,temperature_c,8.408722048702812
AWS-IND-HP-001,2026-08-23 07:00:00+00:00,flatline,temperature_c,8.408722048702812
AWS-IND-HP-001,2026-08-23 07:05:00+00:00,flatline,temperature_c,8.408722048702812
AWS-IND-HP-001,2026-08-23 07:10:00+00:00,none,none,0.0
AWS-IND-HP-001,2026-08-23 07:15:00+00:00,none,none,0.0
AWS-IND-HP-001,2026-08-23 07:20:00+00:00,none,none,0.0
AWS-IND-HP-001,2026-08-23 07:25:00+00:00,none,none,0.0
AWS-IND-HP-001,2026-08-23 07:30:00+00:00,none,none,0.0
AWS-IND-HP-001,2026-08-23 07:35:00+00:00,none,none,0.0
AWS-IND-HP-001,2026-08-23 07:40:00+00:00,none,none,0.0
AWS-IND-HP-001,2026-08-23 07:45:00+00:00,none,none,0.0
AWS-IND-HP-001,2026-08-23 07:50:00+00:00,none,none,0.0
AWS-IND-HP-001,2026-08-23 07:55:00+00:00,none,none,0.0
AWS-IND-HP-001,2026-08-23 08:00:00+00:00,none,none,0.0
AWS-IND-HP-001,2026-08-23 08:05:00+00:00,none,none,0.0
AWS-IND-HP-001,2026-08-23 08:10:00+00:00,none,none,0.0
AWS-IND-HP-001,2026-08-23 08:15:00+00:00,none,none,0.0
AWS-IND-HP-001,2026-08-23 08:20:00+00:00,none,none,0.0
AWS-IND-HP-001,2026-08-23 08:25:00+00:00,none,none,0.0
AWS-IND-HP-001,2026-08-23 08:30:00+00:00,none,none,0.0
AWS-IND-HP-001,2026-08-23 08:35:00+00:00,none,none,0.0
AWS-IND-HP-001,2026-08-23 08:40:00+00:00,none,none,0.0
AWS-IND-HP-001,2026-08-23 08:45:00+00:00,none,none,0.0
AWS-IND-HP-001,2026-08-23 08:50:00+00:00,none,none,0.0
AWS-IND-HP-001,2026-08-23 08:55:00+00:00,none,none,0.0
AWS-IND-HP-001,2026-08-23 09:00:00+00:00,none,none,0.0
AWS-IND-HP-001,2026-08-23 09:05:00+00:00,none,none,0.0
AWS-IND-HP-001,2026-08-23 09:10:00+00:00,none,none,0.0
AWS-IND-HP-001,2026-08-23 09:15:00+00:00,none,none,0.0
AWS-IND-HP-001,2026-08-23 09:20:00+00:00,none,none,0.0
AWS-IND-HP-001,2026-08-23 09:25:00+00:00,none,none,0.0
AWS-IND-HP-001,2026-08-23 09:30:00+00:00,none,none,0.0
AWS-IND-HP-001,2026-08-23 09:35:00+00:00,none,none,0.0
AWS-IND-HP-001,2026-08-23 09:40:00+00:00,none,none,0.0
AWS-IND-HP-001,2026-08-23 09:45:00+00:00,none,none,0.0
AWS-IND-HP-001,2026-08-23 09:50:00+00:00,none,none,0.0
AWS-IND-HP-001,2026-08-23 09:55:00+00:00,none,none,0.0
AWS-IND-HP-001,2026-08-23 10:00:00+00:00,none,none,0.0
AWS-IND-HP-001,2026-08-23 10:05:00+00:00,none,none,0.0
AWS-IND-HP-001,2026-08-23 10:10:00+00:00,none,none,0.0
AWS-IND-HP-001,2026-08-23 10:15:00+00:00,none,none,0.0
AWS-IND-HP-001,2026-08-23 10:20:00+00:00,none,none,0.0
AWS-IND-HP-001,2026-08-23 10:25:00+00:00,none,none,0.0
AWS-IND-HP-001,2026-08-23 10:30:00+00:00,none,none,0.0
AWS-IND-HP-001,2026-08-23 10:35:00+00:00,none,none,0.0
AWS-IND-HP-001,2026-08-23 10:40:00+00:00,none,none,0.0
AWS-IND-HP-001,2026-08-23 10:45:00+00:00,none,none,0.0
AWS-IND-HP-001,2026-08-23 10:50:00+00:00,none,none,0.0
AWS-IND-HP-001,2026-08-23 10:55:00+00:00,none,none,0.0
AWS-IND-HP-001,2026-08-23 11:00:00+00:00,none,none,0.0
AWS-IND-HP-001,2026-08-23 11:05:00+00:00,none,none,0.0
AWS-IND-HP-001,2026-08-23 11:10:00+00:00,none,none,0.0
AWS-IND-HP-001,2026-08-23 11:15:00+00:00,none,none,0.0
AWS-IND-HP-001,2026-08-23 11:20:00+00:00,none,none,0.0
AWS-IND-HP-001,2026-08-23 11:25:00+00:00,none,none,0.0
AWS-IND-HP-001,2026-08-23 11:30:00+00:00,none,none,0.0
AWS-IND-HP-001,2026-08-23 11:35:00+00:00,none,none,0.0
AWS-IND-HP-001,2026-08-23 11:40:00+00:00,none,none,0.0
AWS-IND-HP-001,2026-08-23 11:45:00+00:00,none,none,0.0
AWS-IND-HP-001,2026-08-23 11:50:00+00:00,none,none,0.0
AWS-IND-HP-001,2026-08-23 11:55:00+00:00,none,none,0.0
AWS-IND-HP-001,2026-08-23 12:00:00+00:00,none,none,0.0
AWS-IND-HP-001,2026-08-23 12:05:00+00:00,none,none,0.0
AWS-IND-HP-001,2026-08-23 12:10:00+00:00,none,none,0.0
AWS-IND-HP-001,2026-08-23 12:15:00+00:00,none,none,0.0
AWS-IND-HP-001,2026-08-23 12:20:00+00:00,none,none,0.0
AWS-IND-HP-001,2026-08-23 12:25:00+00:00,none,none,0.0
AWS-IND-HP-001,2026-08-23 12:30:00+00:00,none,none,0.0
AWS-IND-HP-001,2026-08-23 12:35:00+00:00,none,none,0.0
AWS-IND-HP-001,2026-08-23 12:40:00+00:00,none,none,0.0
AWS-IND-HP-001,2026-08-23 12:45:00+00:00,none,none,0.0
AWS-IND-HP-001,2026-08-23 12:50:00+00:00,none,none,0.0
AWS-IND-HP-001,2026-08-23 12:55:00+00:00,none,none,0.0
AWS-IND-HP-001,2026-08-23 13:00:00+00:00,none,none,0.0
AWS-IND-HP-001,2026-08-23 13:05:00+00:00,none,none,0.0
AWS-IND-HP-001,2026-08-23 13:10:00+00:00,none,none,0.0
AWS-IND-HP-001,2026-08-23 13:15:00+00:00,none,none,0.0
AWS-IND-HP-001,2026-08-23 13:20:00+00:00,none,none,0.0
AWS-IND-HP-001,2026-08-23 13:25:00+00:00,none,none,0.0
AWS-IND-HP-001,2026-08-23 13:30:00+00:00,none,none,0.0
AWS-IND-HP-001,2026-08-23 13:35:00+00:00,none,none,0.0
AWS-IND-HP-001,2026-08-23 13:40:00+00:00,none,none,0.0
AWS-IND-HP-001,2026-08-23 13:45:00+00:00,none,none,0.0
AWS-IND-HP-001,2026-08-23 13:50:00+00:00,none,none,0.0
AWS-IND-HP-001,2026-08-23 13:55:00+00:00,none,none,0.0
AWS-IND-HP-001,2026-08-23 14:00:00+00:00,none,none,0.0
AWS-IND-HP-001,2026-08-23 14:05:00+00:00,none,none,0.0
AWS-IND-HP-001,2026-08-23 14:10:00+00:00,none,none,0.0
AWS-IND-HP-001,2026-08-23 14:15:00+00:00,none,none,0.0
AWS-IND-HP-001,2026-08-23 14:20:00+00:00,none,none,0.0
AWS-IND-HP-001,2026-08-23 14:25:00+00:00,none,none,0.0
AWS-IND-HP-001,2026-08-23 14:30:00+00:00,none,none,0.0
AWS-IND-HP-001,2026-08-23 14:35:00+00:00,none,none,0.0
AWS-IND-HP-001,2026-08-23 14:40:00+00:00,none,none,0.0
AWS-IND-HP-001,2026-08-23 14:45:00+00:00,none,none,0.0
AWS-IND-HP-001,2026-08-23 14:50:00+00:00,none,none,0.0
AWS-IND-HP-001,2026-08-23 14:55:00+00:00,none,none,0.0
AWS-IND-HP-001,2026-08-23 15:00:00+00:00,none,none,0.0
AWS-IND-HP-001,2026-08-23 15:05:00+00:00,none,none,0.0
AWS-IND-HP-001,2026-08-23 15:10:00+00:00,none,none,0.0
AWS-IND-HP-001,2026-08-23 15:15:00+00:00,none,none,0.0
AWS-IND-HP-001,2026-08-23 15:20:00+00:00,none,none,0.0
AWS-IND-HP-001,2026-08-23 15:25:00+00:00,none,none,0.0
AWS-IND-HP-001,2026-08-23 15:30:00+00:00,none,none,0.0
AWS-IND-HP-001,2026-08-23 15:35:00+00:00,none,none,0.0
AWS-IND-HP-001,2026-08-23 15:40:00+00:00,none,none,0.0
AWS-IND-HP-001,2026-08-23 15:45:00+00:00,none,none,0.0
AWS-IND-HP-001,2026-08-23 15:50:00+00:00,none,none,0.0
AWS-IND-HP-001,2026-08-23 15:55:00+00:00,none,none,0.0
AWS-IND-HP-001,2026-08-23 16:00:00+00:00,none,none,0.0
AWS-IND-HP-001,2026-08-23 16:05:00+00:00,none,none,0.0
AWS-IND-HP-001,2026-08-23 16:10:00+00:00,none,none,0.0
AWS-IND-HP-001,2026-08-23 16:15:00+00:00,none,none,0.0
AWS-IND-HP-001,2026-08-23 16:20:00+00:00,none,none,0.0
AWS-IND-HP-001,2026-08-23 16:25:00+00:00,none,none,0.0
AWS-IND-HP-001,2026-08-23 16:30:00+00:00,none,none,0.0
AWS-IND-HP-001,2026-08-23 16:35:00+00:00,none,none,0.0
AWS-IND-HP-001,2026-08-23 16:40:00+00:00,none,none,0.0
AWS-IND-HP-001,2026-08-23 16:45:00+00:00,none,none,0.0
AWS-IND-HP-001,2026-08-23 16:50:00+00:00,none,none,0.0
AWS-IND-HP-001,2026-08-23 16:55:00+00:00,spike,pressure_hpa,-36.474568737866576
AWS-IND-HP-001,2026-08-23 17:00:00+00:00,none,none,0.0
AWS-IND-HP-001,2026-08-23 17:05:00+00:00,none,none,0.0
AWS-IND-HP-001,2026-08-23 17:10:00+00:00,none,none,0.0
AWS-IND-HP-001,2026-08-23 17:15:00+00:00,none,none,0.0
AWS-IND-HP-001,2026-08-23 17:20:00+00:00,none,none,0.0
AWS-IND-HP-001,2026-08-23 17:25:00+00:00,none,none,0.0
AWS-IND-HP-001,2026-08-23 17:30:00+00:00,none,none,0.0
AWS-IND-HP-001,2026-08-23 17:35:00+00:00,none,none,0.0
AWS-IND-HP-001,2026-08-23 17:40:00+00:00,none,none,0.0
AWS-IND-HP-001,2026-08-23 17:45:00+00:00,none,none,0.0
AWS-IND-HP-001,2026-08-23 17:50:00+00:00,none,none,0.0
AWS-IND-HP-001,2026-08-23 17:55:00+00:00,none,none,0.0
AWS-IND-HP-001,2026-08-23 18:00:00+00:00,none,none,0.0
AWS-IND-HP-001,2026-08-23 18:05:00+00:00,none,none,0.0
AWS-IND-HP-001,2026-08-23 18:10:00+00:00,none,none,0.0
AWS-IND-HP-001,2026-08-23 18:15:00+00:00,none,none,0.0
AWS-IND-HP-001,2026-08-23 18:20:00+00:00,none,none,0.0
AWS-IND-HP-001,2026-08-23 18:25:00+00:00,none,none,0.0
AWS-IND-HP-001,2026-08-23 18:30:00+00:00,none,none,0.0
AWS-IND-HP-001,2026-08-23 18:35:00+00:00,none,none,0.0
AWS-IND-HP-001,2026-08-23 18:40:00+00:00,none,none,0.0
AWS-IND-HP-001,2026-08-23 18:45:00+00:00,none,none,0.0
AWS-IND-HP-001,2026-08-23 18:50:00+00:00,none,none,0.0
AWS-IND-HP-001,2026-08-23 18:55:00+00:00,none,none,0.0
AWS-IND-HP-001,2026-08-23 19:00:00+00:00,none,none,0.0
AWS-IND-HP-001,2026-08-23 19:05:00+00:00,none,none,0.0
AWS-IND-HP-001,2026-08-23 19:10:00+00:00,none,none,0.0
AWS-IND-HP-001,2026-08-23 19:15:00+00:00,none,none,0.0
AWS-IND-HP-001,2026-08-23 19:20:00+00:00,none,none,0.0
AWS-IND-HP-001,2026-08-23 19:25:00+00:00,none,none,0.0
AWS-IND-HP-001,2026-08-23 19:30:00+00:00,none,none,0.0
AWS-IND-HP-001,2026-08-23 19:35:00+00:00,none,none,0.0
AWS-IND-HP-001,2026-08-23 19:40:00+00:00,none,none,0.0
AWS-IND-HP-001,2026-08-23 19:45:00+00:00,none,none,0.0
AWS-IND-HP-001,2026-08-23 19:50:00+00:00,none,none,0.0
AWS-IND-HP-001,2026-08-23 19:55:00+00:00,none,none,0.0
AWS-IND-HP-001,2026-08-23 20:00:00+00:00,none,none,0.0
AWS-IND-HP-001,2026-08-23 20:05:00+00:00,none,none,0.0
AWS-IND-HP-001,2026-08-23 20:10:00+00:00,none,none,0.0
AWS-IND-HP-001,2026-08-23 20:15:00+00:00,none,none,0.0
AWS-IND-HP-001,2026-08-23 20:20:00+00:00,none,none,0.0
AWS-IND-HP-001,2026-08-23 20:25:00+00:00,none,none,0.0
AWS-IND-HP-001,2026-08-23 20:30:00+00:00,none,none,0.0
AWS-IND-HP-001,2026-08-23 20:35:00+00:00,none,none,0.0
AWS-IND-HP-001,2026-08-23 20:40:00+00:00,none,none,0.0
AWS-IND-HP-001,2026-08-23 20:45:00+00:00,none,none,0.0
AWS-IND-HP-001,2026-08-23 20:50:00+00:00,none,none,0.0
AWS-IND-HP-001,2026-08-23 20:55:00+00:00,none,none,0.0
AWS-IND-HP-001,2026-08-23 21:00:00+00:00,none,none,0.0
AWS-IND-HP-001,2026-08-23 21:05:00+00:00,none,none,0.0
AWS-IND-HP-001,2026-08-23 21:10:00+00:00,none,none,0.0
AWS-IND-HP-001,2026-08-23 21:15:00+00:00,none,none,0.0
AWS-IND-HP-001,2026-08-23 21:20:00+00:00,none,none,0.0
AWS-IND-HP-001,2026-08-23 21:25:00+00:00,none,none,0.0
AWS-IND-HP-001,2026-08-23 21:30:00+00:00,none,none,0.0
AWS-IND-HP-001,2026-08-23 21:35:00+00:00,none,none,0.0
AWS-IND-HP-001,2026-08-23 21:40:00+00:00,none,none,0.0
AWS-IND-HP-001,2026-08-23 21:45:00+00:00,none,none,0.0
AWS-IND-HP-001,2026-08-23 21:50:00+00:00,none,none,0.0
AWS-IND-HP-001,2026-08-23 21:55:00+00:00,none,none,0.0
AWS-IND-HP-001,2026-08-23 22:00:00+00:00,none,none,0.0
AWS-IND-HP-001,2026-08-23 22:05:00+00:00,none,none,0.0
AWS-IND-HP-001,2026-08-23 22:10:00+00:00,none,none,0.0
AWS-IND-HP-001,2026-08-23 22:15:00+00:00,none,none,0.0
AWS-IND-HP-001,2026-08-23 22:20:00+00:00,none,none,0.0
AWS-IND-HP-001,2026-08-23 22:25:00+00:00,none,none,0.0
AWS-IND-HP-001,2026-08-23 22:30:00+00:00,none,none,0.0
AWS-IND-HP-001,2026-08-23 22:35:00+00:00,none,none,0.0
AWS-IND-HP-001,2026-08-23 22:40:00+00:00,none,none,0.0
AWS-IND-HP-001,2026-08-23 22:45:00+00:00,none,none,0.0
AWS-IND-HP-001,2026-08-23 22:50:00+00:00,none,none,0.0
AWS-IND-HP-001,2026-08-23 22:55:00+00:00,none,none,0.0
AWS-IND-HP-001,2026-08-23 23:00:00+00:00,none,none,0.0
AWS-IND-HP-001,2026-08-23 23:05:00+00:00,none,none,0.0
AWS-IND-HP-001,2026-08-23 23:10:00+00:00,none,none,0.0
AWS-IND-HP-001,2026-08-23 23:15:00+00:00,none,none,0.0
AWS-IND-HP-001,2026-08-23 23:20:00+00:00,none,none,0.0
AWS-IND-HP-001,2026-08-23 23:25:00+00:00,none,none,0.0
AWS-IND-HP-001,2026-08-23 23:30:00+00:00,none,none,0.0
AWS-IND-HP-001,2026-08-23 23:35:00+00:00,none,none,0.0
AWS-IND-HP-001,2026-08-23 23:40:00+00:00,none,none,0.0
AWS-IND-HP-001,2026-08-23 23:45:00+00:00,none,none,0.0
AWS-IND-HP-001,2026-08-23 23:50:00+00:00,none,none,0.0
AWS-IND-HP-001,2026-08-23 23:55:00+00:00,none,none,0.0
AWS-IND-HP-001,2026-08-24 00:00:00+00:00,none,none,0.0
AWS-IND-HP-001,2026-08-24 00:05:00+00:00,none,none,0.0
AWS-IND-HP-001,2026-08-24 00:10:00+00:00,none,none,0.0
AWS-IND-HP-001,2026-08-24 00:15:00+00:00,none,none,0.0
AWS-IND-HP-001,2026-08-24 00:20:00+00:00,none,none,0.0
AWS-IND-HP-001,2026-08-24 00:25:00+00:00,none,none,0.0
AWS-IND-HP-001,2026-08-24 00:30:00+00:00,none,none,0.0
AWS-IND-HP-001,2026-08-24 00:35:00+00:00,none,none,0.0
AWS-IND-HP-001,2026-08-24 00:40:00+00:00,none,none,0.0
AWS-IND-HP-001,2026-08-24 00:45:00+00:00,none,none,0.0
AWS-IND-HP-001,2026-08-24 00:50:00+00:00,none,none,0.0
AWS-IND-HP-001,2026-08-24 00:55:00+00:00,none,none,0.0
AWS-IND-HP-001,2026-08-24 01:00:00+00:00,none,none,0.0
AWS-IND-HP-001,2026-08-24 01:05:00+00:00,none,none,0.0
AWS-IND-HP-001,2026-08-24 01:10:00+00:00,none,none,0.0
AWS-IND-HP-001,2026-08-24 01:15:00+00:00,none,none,0.0
AWS-IND-HP-001,2026-08-24 01:20:00+00:00,none,none,0.0
AWS-IND-HP-001,2026-08-24 01:25:00+00:00,none,none,0.0
AWS-IND-HP-001,2026-08-24 01:30:00+00:00,none,none,0.0
AWS-IND-HP-001,2026-08-24 01:35:00+00:00,none,none,0.0
AWS-IND-HP-001,2026-08-24 01:40:00+00:00,none,none,0.0
AWS-IND-HP-001,2026-08-24 01:45:00+00:00,none,none,0.0
AWS-IND-HP-001,2026-08-24 01:50:00+00:00,none,none,0.0
AWS-IND-HP-001,2026-08-24 01:55:00+00:00,none,none,0.0
AWS-IND-HP-001,2026-08-24 02:00:00+00:00,none,none,0.0
AWS-IND-HP-001,2026-08-24 02:05:00+00:00,none,none,0.0
AWS-IND-HP-001,2026-08-24 02:10:00+00:00,none,none,0.0
AWS-IND-HP-001,2026-08-24 02:15:00+00:00,none,none,0.0
AWS-IND-HP-001,2026-08-24 02:20:00+00:00,none,none,0.0
AWS-IND-HP-001,2026-08-24 02:25:00+00:00,none,none,0.0
AWS-IND-HP-001,2026-08-24 02:30:00+00:00,none,none,0.0
AWS-IND-HP-001,2026-08-24 02:35:00+00:00,none,none,0.0
AWS-IND-HP-001,2026-08-24 02:40:00+00:00,none,none,0.0
AWS-IND-HP-001,2026-08-24 02:45:00+00:00,none,none,0.0
AWS-IND-HP-001,2026-08-24 02:50:00+00:00,none,none,0.0
AWS-IND-HP-001,2026-08-24 02:55:00+00:00,none,none,0.0
AWS-IND-HP-001,2026-08-24 03:00:00+00:00,none,none,0.0
AWS-IND-HP-001,2026-08-24 03:05:00+00:00,none,none,0.0
AWS-IND-HP-001,2026-08-24 03:10:00+00:00,none,none,0.0
AWS-IND-HP-001,2026-08-24 03:15:00+00:00,none,none,0.0
AWS-IND-HP-001,2026-08-24 03:20:00+00:00,none,none,0.0
AWS-IND-HP-001,2026-08-24 03:25:00+00:00,none,none,0.0
AWS-IND-HP-001,2026-08-24 03:30:00+00:00,none,none,0.0
AWS-IND-HP-001,2026-08-24 03:35:00+00:00,none,none,0.0
AWS-IND-HP-001,2026-08-24 03:40:00+00:00,none,none,0.0
AWS-IND-HP-001,2026-08-24 03:45:00+00:00,none,none,0.0
AWS-IND-HP-001,2026-08-24 03:50:00+00:00,none,none,0.0
AWS-IND-HP-001,2026-08-24 03:55:00+00:00,none,none,0.0
AWS-IND-HP-001,2026-08-24 04:00:00+00:00,none,none,0.0
AWS-IND-HP-001,2026-08-24 04:05:00+00:00,none,none,0.0
AWS-IND-HP-001,2026-08-24 04:10:00+00:00,none,none,0.0
AWS-IND-HP-001,2026-08-24 04:15:00+00:00,none,none,0.0
AWS-IND-HP-001,2026-08-24 04:20:00+00:00,none,none,0.0
AWS-IND-HP-001,2026-08-24 04:25:00+00:00,none,none,0.0
AWS-IND-HP-001,2026-08-24 04:30:00+00:00,none,none,0.0
AWS-IND-HP-001,2026-08-24 04:35:00+00:00,none,none,0.0
AWS-IND-HP-001,2026-08-24 04:40:00+00:00,none,none,0.0
AWS-IND-HP-001,2026-08-24 04:45:00+00:00,none,none,0.0
AWS-IND-HP-001,2026-08-24 04:50:00+00:00,none,none,0.0
AWS-IND-HP-001,2026-08-24 04:55:00+00:00,noise,pressure_hpa,4.136919356930749
AWS-IND-HP-001,2026-08-24 05:00:00+00:00,noise,pressure_hpa,4.136919356930749
AWS-IND-HP-001,2026-08-24 05:05:00+00:00,noise,pressure_hpa,4.136919356930749
AWS-IND-HP-001,2026-08-24 05:10:00+00:00,noise,pressure_hpa,4.136919356930749
AWS-IND-HP-001,2026-08-24 05:15:00+00:00,noise,pressure_hpa,4.136919356930749
AWS-IND-HP-001,2026-08-24 05:20:00+00:00,noise,pressure_hpa,4.136919356930749
AWS-IND-HP-001,2026-08-24 05:25:00+00:00,noise,pressure_hpa,4.136919356930749
AWS-IND-HP-001,2026-08-24 05:30:00+00:00,noise,pressure_hpa,4.136919356930749
AWS-IND-HP-001,2026-08-24 05:35:00+00:00,noise,pressure_hpa,4.136919356930749
AWS-IND-HP-001,2026-08-24 05:40:00+00:00,noise,pressure_hpa,4.136919356930749
AWS-IND-HP-001,2026-08-24 05:45:00+00:00,noise,pressure_hpa,4.136919356930749
AWS-IND-HP-001,2026-08-24 05:50:00+00:00,noise,pressure_hpa,4.136919356930749
AWS-IND-HP-001,2026-08-24 05:55:00+00:00,noise,pressure_hpa,4.136919356930749
AWS-IND-HP-001,2026-08-24 06:00:00+00:00,noise,pressure_hpa,4.136919356930749
AWS-IND-HP-001,2026-08-24 06:05:00+00:00,noise,pressure_hpa,4.136919356930749
AWS-IND-HP-001,2026-08-24 06:10:00+00:00,none,none,0.0
AWS-IND-HP-001,2026-08-24 06:15:00+00:00,none,none,0.0
AWS-IND-HP-001,2026-08-24 06:20:00+00:00,none,none,0.0
AWS-IND-HP-001,2026-08-24 06:25:00+00:00,none,none,0.0
AWS-IND-HP-001,2026-08-24 06:30:00+00:00,none,none,0.0
AWS-IND-HP-001,2026-08-24 06:35:00+00:00,none,none,0.0
AWS-IND-HP-001,2026-08-24 06:40:00+00:00,none,none,0.0
AWS-IND-HP-001,2026-08-24 06:45:00+00:00,none,none,0.0
AWS-IND-HP-001,2026-08-24 06:50:00+00:00,none,none,0.0
AWS-IND-HP-001,2026-08-24 06:55:00+00:00,none,none,0.0
AWS-IND-HP-001,2026-08-24 07:00:00+00:00,none,none,0.0
AWS-IND-HP-001,2026-08-24 07:05:00+00:00,none,none,0.0
AWS-IND-HP-001,2026-08-24 07:10:00+00:00,none,none,0.0
AWS-IND-HP-001,2026-08-24 07:15:00+00:00,none,none,0.0
AWS-IND-HP-001,2026-08-24 07:20:00+00:00,none,none,0.0
AWS-IND-HP-001,2026-08-24 07:25:00+00:00,none,none,0.0
AWS-IND-HP-001,2026-08-24 07:30:00+00:00,none,none,0.0
AWS-IND-HP-001,2026-08-24 07:35:00+00:00,none,none,0.0
AWS-IND-HP-001,2026-08-24 07:40:00+00:00,none,none,0.0
AWS-IND-HP-001,2026-08-24 07:45:00+00:00,none,none,0.0
AWS-IND-HP-001,2026-08-24 07:50:00+00:00,none,none,0.0
AWS-IND-HP-001,2026-08-24 07:55:00+00:00,none,none,0.0
AWS-IND-HP-001,2026-08-24 08:00:00+00:00,none,none,0.0
AWS-IND-HP-001,2026-08-24 08:05:00+00:00,none,none,0.0
AWS-IND-HP-001,2026-08-24 08:10:00+00:00,none,none,0.0
AWS-IND-HP-001,2026-08-24 08:15:00+00:00,none,none,0.0
AWS-IND-HP-001,2026-08-24 08:20:00+00:00,none,none,0.0
AWS-IND-HP-001,2026-08-24 08:25:00+00:00,none,none,0.0
AWS-IND-HP-001,2026-08-24 08:30:00+00:00,none,none,0.0
AWS-IND-HP-001,2026-08-24 08:35:00+00:00,none,none,0.0
AWS-IND-HP-001,2026-08-24 08:40:00+00:00,none,none,0.0
AWS-IND-HP-001,2026-08-24 08:45:00+00:00,none,none,0.0
AWS-IND-HP-001,2026-08-24 08:50:00+00:00,none,none,0.0
AWS-IND-HP-001,2026-08-24 08:55:00+00:00,none,none,0.0
AWS-IND-HP-001,2026-08-24 09:00:00+00:00,none,none,0.0
AWS-IND-HP-001,2026-08-24 09:05:00+00:00,none,none,0.0
AWS-IND-HP-001,2026-08-24 09:10:00+00:00,none,none,0.0
AWS-IND-HP-001,2026-08-24 09:15:00+00:00,none,none,0.0
AWS-IND-HP-001,2026-08-24 09:20:00+00:00,none,none,0.0
AWS-IND-HP-001,2026-08-24 09:25:00+00:00,none,none,0.0
AWS-IND-HP-001,2026-08-24 09:30:00+00:00,none,none,0.0
AWS-IND-HP-001,2026-08-24 09:35:00+00:00,none,none,0.0
AWS-IND-HP-001,2026-08-24 09:40:00+00:00,none,none,0.0
AWS-IND-HP-001,2026-08-24 09:45:00+00:00,none,none,0.0
AWS-IND-HP-001,2026-08-24 09:50:00+00:00,none,none,0.0
AWS-IND-HP-001,2026-08-24 09:55:00+00:00,none,none,0.0
AWS-IND-HP-001,2026-08-24 10:00:00+00:00,none,none,0.0
AWS-IND-HP-001,2026-08-24 10:05:00+00:00,none,none,0.0
AWS-IND-HP-001,2026-08-24 10:10:00+00:00,none,none,0.0
AWS-IND-HP-001,2026-08-24 10:15:00+00:00,none,none,0.0
AWS-IND-HP-001,2026-08-24 10:20:00+00:00,none,none,0.0
AWS-IND-HP-001,2026-08-24 10:25:00+00:00,none,none,0.0
AWS-IND-HP-001,2026-08-24 10:30:00+00:00,none,none,0.0
AWS-IND-HP-001,2026-08-24 10:35:00+00:00,none,none,0.0
AWS-IND-HP-001,2026-08-24 10:40:00+00:00,none,none,0.0
AWS-IND-HP-001,2026-08-24 10:45:00+00:00,none,none,0.0
AWS-IND-HP-001,2026-08-24 10:50:00+00:00,none,none,0.0
AWS-IND-HP-001,2026-08-24 10:55:00+00:00,none,none,0.0
AWS-IND-HP-001,2026-08-24 11:00:00+00:00,none,none,0.0
AWS-IND-HP-001,2026-08-24 11:05:00+00:00,none,none,0.0
AWS-IND-HP-001,2026-08-24 11:10:00+00:00,none,none,0.0
AWS-IND-HP-001,2026-08-24 11:15:00+00:00,none,none,0.0
AWS-IND-HP-001,2026-08-24 11:20:00+00:00,none,none,0.0
AWS-IND-HP-001,2026-08-24 11:25:00+00:00,none,none,0.0
AWS-IND-HP-001,2026-08-24 11:30:00+00:00,none,none,0.0
AWS-IND-HP-001,2026-08-24 11:35:00+00:00,none,none,0.0
AWS-IND-HP-001,2026-08-24 11:40:00+00:00,none,none,0.0
AWS-IND-HP-001,2026-08-24 11:45:00+00:00,none,none,0.0
AWS-IND-HP-001,2026-08-24 11:50:00+00:00,none,none,0.0
AWS-IND-HP-001,2026-08-24 11:55:00+00:00,none,none,0.0
AWS-IND-HP-001,2026-08-24 12:00:00+00:00,none,none,0.0
AWS-IND-HP-001,2026-08-24 12:05:00+00:00,none,none,0.0
AWS-IND-HP-001,2026-08-24 12:10:00+00:00,none,none,0.0
AWS-IND-HP-001,2026-08-24 12:15:00+00:00,none,none,0.0
AWS-IND-HP-001,2026-08-24 12:20:00+00:00,none,none,0.0
AWS-IND-HP-001,2026-08-24 12:25:00+00:00,none,none,0.0
AWS-IND-HP-001,2026-08-24 12:30:00+00:00,none,none,0.0
AWS-IND-HP-001,2026-08-24 12:35:00+00:00,none,none,0.0
AWS-IND-HP-001,2026-08-24 12:40:00+00:00,none,none,0.0
AWS-IND-HP-001,2026-08-24 12:45:00+00:00,none,none,0.0
AWS-IND-HP-001,2026-08-24 12:50:00+00:00,none,none,0.0
AWS-IND-HP-001,2026-08-24 12:55:00+00:00,none,none,0.0
AWS-IND-HP-001,2026-08-24 13:00:00+00:00,none,none,0.0
AWS-IND-HP-001,2026-08-24 13:05:00+00:00,none,none,0.0
AWS-IND-HP-001,2026-08-24 13:10:00+00:00,none,none,0.0
AWS-IND-HP-001,2026-08-24 13:15:00+00:00,none,none,0.0
AWS-IND-HP-001,2026-08-24 13:20:00+00:00,none,none,0.0
AWS-IND-HP-001,2026-08-24 13:25:00+00:00,none,none,0.0
AWS-IND-HP-001,2026-08-24 13:30:00+00:00,none,none,0.0
AWS-IND-HP-001,2026-08-24 13:35:00+00:00,none,none,0.0
AWS-IND-HP-001,2026-08-24 13:40:00+00:00,none,none,0.0
AWS-IND-HP-001,2026-08-24 13:45:00+00:00,none,none,0.0
AWS-IND-HP-001,2026-08-24 13:50:00+00:00,none,none,0.0
AWS-IND-HP-001,2026-08-24 13:55:00+00:00,none,none,0.0
AWS-IND-HP-001,2026-08-24 14:00:00+00:00,none,none,0.0
AWS-IND-HP-001,2026-08-24 14:05:00+00:00,none,none,0.0
AWS-IND-HP-001,2026-08-24 14:10:00+00:00,none,none,0.0
AWS-IND-HP-001,2026-08-24 14:15:00+00:00,none,none,0.0
AWS-IND-HP-001,2026-08-24 14:20:00+00:00,none,none,0.0
AWS-IND-HP-001,2026-08-24 14:25:00+00:00,none,none,0.0
AWS-IND-HP-001,2026-08-24 14:30:00+00:00,none,none,0.0
AWS-IND-HP-001,2026-08-24 14:35:00+00:00,none,none,0.0
AWS-IND-HP-001,2026-08-24 14:40:00+00:00,none,none,0.0
AWS-IND-HP-001,2026-08-24 14:45:00+00:00,none,none,0.0
AWS-IND-HP-001,2026-08-24 14:50:00+00:00,none,none,0.0
AWS-IND-HP-001,2026-08-24 14:55:00+00:00,none,none,0.0
AWS-IND-HP-001,2026-08-24 15:00:00+00:00,none,none,0.0
AWS-IND-HP-001,2026-08-24 15:05:00+00:00,none,none,0.0
AWS-IND-HP-001,2026-08-24 15:10:00+00:00,none,none,0.0
AWS-IND-HP-001,2026-08-24 15:15:00+00:00,none,none,0.0
AWS-IND-HP-001,2026-08-24 15:20:00+00:00,none,none,0.0
AWS-IND-HP-001,2026-08-24 15:25:00+00:00,none,none,0.0
AWS-IND-HP-001,2026-08-24 15:30:00+00:00,none,none,0.0
AWS-IND-HP-001,2026-08-24 15:35:00+00:00,none,none,0.0
AWS-IND-HP-001,2026-08-24 15:40:00+00:00,none,none,0.0
AWS-IND-HP-001,2026-08-24 15:45:00+00:00,none,none,0.0
AWS-IND-HP-001,2026-08-24 15:50:00+00:00,none,none,0.0
AWS-IND-HP-001,2026-08-24 15:55:00+00:00,none,none,0.0
AWS-IND-HP-001,2026-08-24 16:00:00+00:00,none,none,0.0
AWS-IND-HP-001,2026-08-24 16:05:00+00:00,drift,humidity_pct,-20.143816779701872
AWS-IND-HP-001,2026-08-24 16:10:00+00:00,drift,humidity_pct,-20.143816779701872
AWS-IND-HP-001,2026-08-24 16:15:00+00:00,drift,humidity_pct,-20.143816779701872
AWS-IND-HP-001,2026-08-24 16:20:00+00:00,drift,humidity_pct,-20.143816779701872
AWS-IND-HP-001,2026-08-24 16:25:00+00:00,drift,humidity_pct,-20.143816779701872
AWS-IND-HP-001,2026-08-24 16:30:00+00:00,drift,humidity_pct,-20.143816779701872
AWS-IND-HP-001,2026-08-24 16:35:00+00:00,drift,humidity_pct,-20.143816779701872
AWS-IND-HP-001,2026-08-24 16:40:00+00:00,drift,humidity_pct,-20.143816779701872
AWS-IND-HP-001,2026-08-24 16:45:00+00:00,drift,humidity_pct,-20.143816779701872
AWS-IND-HP-001,2026-08-24 16:50:00+00:00,drift,humidity_pct,-20.143816779701872
AWS-IND-HP-001,2026-08-24 16:55:00+00:00,drift,humidity_pct,-20.143816779701872
AWS-IND-HP-001,2026-08-24 17:00:00+00:00,drift,humidity_pct,-20.143816779701872
AWS-IND-HP-001,2026-08-24 17:05:00+00:00,drift,humidity_pct,-20.143816779701872
AWS-IND-HP-001,2026-08-24 17:10:00+00:00,drift,humidity_pct,-20.143816779701872
AWS-IND-HP-001,2026-08-24 17:15:00+00:00,drift,humidity_pct,-20.143816779701872
AWS-IND-HP-001,2026-08-24 17:20:00+00:00,drift,humidity_pct,-20.143816779701872
AWS-IND-HP-001,2026-08-24 17:25:00+00:00,drift,humidity_pct,-20.143816779701872
AWS-IND-HP-001,2026-08-24 17:30:00+00:00,drift,humidity_pct,-20.143816779701872
AWS-IND-HP-001,2026-08-24 17:35:00+00:00,drift,humidity_pct,-20.143816779701872
AWS-IND-HP-001,2026-08-24 17:40:00+00:00,drift,humidity_pct,-20.143816779701872
AWS-IND-HP-001,2026-08-24 17:45:00+00:00,drift,humidity_pct,-20.143816779701872
AWS-IND-HP-001,2026-08-24 17:50:00+00:00,drift,humidity_pct,-20.143816779701872
AWS-IND-HP-001,2026-08-24 17:55:00+00:00,drift,humidity_pct,-20.143816779701872
AWS-IND-HP-001,2026-08-24 18:00:00+00:00,drift,humidity_pct,-20.143816779701872
AWS-IND-HP-001,2026-08-24 18:05:00+00:00,drift,humidity_pct,-20.143816779701872
AWS-IND-HP-001,2026-08-24 18:10:00+00:00,drift,humidity_pct,-20.143816779701872
AWS-IND-HP-001,2026-08-24 18:15:00+00:00,drift,humidity_pct,-20.143816779701872
AWS-IND-HP-001,2026-08-24 18:20:00+00:00,drift,humidity_pct,-20.143816779701872
AWS-IND-HP-001,2026-08-24 18:25:00+00:00,drift,humidity_pct,-20.143816779701872
AWS-IND-HP-001,2026-08-24 18:30:00+00:00,drift,humidity_pct,-20.143816779701872
AWS-IND-HP-001,2026-08-24 18:35:00+00:00,drift,humidity_pct,-20.143816779701872
AWS-IND-HP-001,2026-08-24 18:40:00+00:00,drift,humidity_pct,-20.143816779701872
AWS-IND-HP-001,2026-08-24 18:45:00+00:00,drift,humidity_pct,-20.143816779701872
AWS-IND-HP-001,2026-08-24 18:50:00+00:00,drift,humidity_pct,-20.143816779701872
AWS-IND-HP-001,2026-08-24 18:55:00+00:00,drift,humidity_pct,-20.143816779701872
AWS-IND-HP-001,2026-08-24 19:00:00+00:00,drift,humidity_pct,-20.143816779701872
AWS-IND-HP-001,2026-08-24 19:05:00+00:00,drift,humidity_pct,-20.143816779701872
AWS-IND-HP-001,2026-08-24 19:10:00+00:00,drift,humidity_pct,-20.143816779701872
AWS-IND-HP-001,2026-08-24 19:15:00+00:00,drift,humidity_pct,-20.143816779701872
AWS-IND-HP-001,2026-08-24 19:20:00+00:00,drift,humidity_pct,-20.143816779701872
AWS-IND-HP-001,2026-08-24 19:25:00+00:00,drift,humidity_pct,-20.143816779701872
AWS-IND-HP-001,2026-08-24 19:30:00+00:00,drift,humidity_pct,-20.143816779701872
AWS-IND-HP-001,2026-08-24 19:35:00+00:00,drift,humidity_pct,-20.143816779701872
AWS-IND-HP-001,2026-08-24 19:40:00+00:00,drift,humidity_pct,-20.143816779701872
AWS-IND-HP-001,2026-08-24 19:45:00+00:00,drift,humidity_pct,-20.143816779701872
AWS-IND-HP-001,2026-08-24 19:50:00+00:00,drift,humidity_pct,-20.143816779701872
AWS-IND-HP-001,2026-08-24 19:55:00+00:00,drift,humidity_pct,-20.143816779701872
AWS-IND-HP-001,2026-08-24 20:00:00+00:00,drift,humidity_pct,-20.143816779701872
AWS-IND-HP-001,2026-08-24 20:05:00+00:00,drift,humidity_pct,-20.143816779701872
AWS-IND-HP-001,2026-08-24 20:10:00+00:00,drift,humidity_pct,-20.143816779701872
AWS-IND-HP-001,2026-08-24 20:15:00+00:00,drift,humidity_pct,-20.143816779701872
AWS-IND-HP-001,2026-08-24 20:20:00+00:00,drift,humidity_pct,-20.143816779701872
AWS-IND-HP-001,2026-08-24 20:25:00+00:00,drift,humidity_pct,-20.143816779701872
AWS-IND-HP-001,2026-08-24 20:30:00+00:00,drift,humidity_pct,-20.143816779701872
AWS-IND-HP-001,2026-08-24 20:35:00+00:00,drift,humidity_pct,-20.143816779701872
AWS-IND-HP-001,2026-08-24 20:40:00+00:00,drift,humidity_pct,-20.143816779701872
AWS-IND-HP-001,2026-08-24 20:45:00+00:00,drift,humidity_pct,-20.143816779701872
AWS-IND-HP-001,2026-08-24 20:50:00+00:00,drift,humidity_pct,-20.143816779701872
AWS-IND-HP-001,2026-08-24 20:55:00+00:00,drift,humidity_pct,-20.143816779701872
AWS-IND-HP-001,2026-08-24 21:00:00+00:00,drift,humidity_pct,-20.143816779701872
AWS-IND-HP-001,2026-08-24 21:05:00+00:00,drift,humidity_pct,-20.143816779701872
AWS-IND-HP-001,2026-08-24 21:10:00+00:00,drift,humidity_pct,-20.143816779701872
AWS-IND-HP-001,2026-08-24 21:15:00+00:00,drift,humidity_pct,-20.143816779701872
AWS-IND-HP-001,2026-08-24 21:20:00+00:00,drift,humidity_pct,-20.143816779701872
AWS-IND-HP-001,2026-08-24 21:25:00+00:00,drift,humidity_pct,-20.143816779701872
AWS-IND-HP-001,2026-08-24 21:30:00+00:00,drift,humidity_pct,-20.143816779701872
AWS-IND-HP-001,2026-08-24 21:35:00+00:00,drift,humidity_pct,-20.143816779701872
AWS-IND-HP-001,2026-08-24 21:40:00+00:00,drift,humidity_pct,-20.143816779701872
AWS-IND-HP-001,2026-08-24 21:45:00+00:00,drift,humidity_pct,-20.143816779701872
AWS-IND-HP-001,2026-08-24 21:50:00+00:00,drift,humidity_pct,-20.143816779701872
AWS-IND-HP-001,2026-08-24 21:55:00+00:00,drift,humidity_pct,-20.143816779701872
AWS-IND-HP-001,2026-08-24 22:00:00+00:00,drift,humidity_pct,-20.143816779701872
AWS-IND-HP-001,2026-08-24 22:05:00+00:00,drift,humidity_pct,-20.143816779701872
AWS-IND-HP-001,2026-08-24 22:10:00+00:00,drift,humidity_pct,-20.143816779701872
AWS-IND-HP-001,2026-08-24 22:15:00+00:00,drift,humidity_pct,-20.143816779701872
AWS-IND-HP-001,2026-08-24 22:20:00+00:00,drift,humidity_pct,-20.143816779701872
AWS-IND-HP-001,2026-08-24 22:25:00+00:00,drift,humidity_pct,-20.143816779701872
AWS-IND-HP-001,2026-08-24 22:30:00+00:00,drift,humidity_pct,-20.143816779701872
AWS-IND-HP-001,2026-08-24 22:35:00+00:00,drift,humidity_pct,-20.143816779701872
AWS-IND-HP-001,2026-08-24 22:40:00+00:00,drift,humidity_pct,-20.143816779701872
AWS-IND-HP-001,2026-08-24 22:45:00+00:00,drift,humidity_pct,-20.143816779701872
AWS-IND-HP-001,2026-08-24 22:50:00+00:00,drift,humidity_pct,-20.143816779701872
AWS-IND-HP-001,2026-08-24 22:55:00+00:00,drift,humidity_pct,-20.143816779701872
AWS-IND-HP-001,2026-08-24 23:00:00+00:00,drift,humidity_pct,-20.143816779701872
AWS-IND-HP-001,2026-08-24 23:05:00+00:00,drift,humidity_pct,-20.143816779701872
AWS-IND-HP-001,2026-08-24 23:10:00+00:00,drift,humidity_pct,-20.143816779701872
AWS-IND-HP-001,2026-08-24 23:15:00+00:00,drift,humidity_pct,-20.143816779701872
AWS-IND-HP-001,2026-08-24 23:20:00+00:00,drift,humidity_pct,-20.143816779701872
AWS-IND-HP-001,2026-08-24 23:25:00+00:00,drift,humidity_pct,-20.143816779701872
AWS-IND-HP-001,2026-08-24 23:30:00+00:00,drift,humidity_pct,-20.143816779701872
AWS-IND-HP-001,2026-08-24 23:35:00+00:00,drift,humidity_pct,-20.143816779701872
AWS-IND-HP-001,2026-08-24 23:40:00+00:00,drift,humidity_pct,-20.143816779701872
AWS-IND-HP-001,2026-08-24 23:45:00+00:00,drift,humidity_pct,-20.143816779701872
AWS-IND-HP-001,2026-08-24 23:50:00+00:00,drift,humidity_pct,-20.143816779701872
AWS-IND-HP-001,2026-08-24 23:55:00+00:00,drift,humidity_pct,-20.143816779701872
AWS-IND-HP-001,2026-08-25 00:00:00+00:00,drift,humidity_pct,-20.143816779701872
AWS-IND-HP-001,2026-08-25 00:05:00+00:00,drift,humidity_pct,-20.143816779701872
AWS-IND-HP-001,2026-08-25 00:10:00+00:00,drift,humidity_pct,-20.143816779701872
AWS-IND-HP-001,2026-08-25 00:15:00+00:00,drift,humidity_pct,-20.143816779701872
AWS-IND-HP-001,2026-08-25 00:20:00+00:00,drift,humidity_pct,-20.143816779701872
AWS-IND-HP-001,2026-08-25 00:25:00+00:00,drift,humidity_pct,-20.143816779701872
AWS-IND-HP-001,2026-08-25 00:30:00+00:00,drift,humidity_pct,-20.143816779701872
AWS-IND-HP-001,2026-08-25 00:35:00+00:00,drift,humidity_pct,-20.143816779701872
AWS-IND-HP-001,2026-08-25 00:40:00+00:00,drift,humidity_pct,-20.143816779701872
AWS-IND-HP-001,2026-08-25 00:45:00+00:00,drift,humidity_pct,-20.143816779701872
AWS-IND-HP-001,2026-08-25 00:50:00+00:00,drift,humidity_pct,-20.143816779701872
AWS-IND-HP-001,2026-08-25 00:55:00+00:00,none,none,0.0
AWS-IND-HP-001,2026-08-25 01:00:00+00:00,none,none,0.0
AWS-IND-HP-001,2026-08-25 01:05:00+00:00,none,none,0.0
AWS-IND-HP-001,2026-08-25 01:10:00+00:00,none,none,0.0
AWS-IND-HP-001,2026-08-25 01:15:00+00:00,none,none,0.0
AWS-IND-HP-001,2026-08-25 01:20:00+00:00,none,none,0.0
AWS-IND-HP-001,2026-08-25 01:25:00+00:00,none,none,0.0
AWS-IND-HP-001,2026-08-25 01:30:00+00:00,none,none,0.0
AWS-IND-HP-001,2026-08-25 01:35:00+00:00,none,none,0.0
AWS-IND-HP-001,2026-08-25 01:40:00+00:00,none,none,0.0
AWS-IND-HP-001,2026-08-25 01:45:00+00:00,none,none,0.0
AWS-IND-HP-001,2026-08-25 01:50:00+00:00,none,none,0.0
AWS-IND-HP-001,2026-08-25 01:55:00+00:00,none,none,0.0
AWS-IND-HP-001,2026-08-25 02:00:00+00:00,none,none,0.0
AWS-IND-HP-001,2026-08-25 02:05:00+00:00,none,none,0.0
AWS-IND-HP-001,2026-08-25 02:10:00+00:00,none,none,0.0
AWS-IND-HP-001,2026-08-25 02:15:00+00:00,none,none,0.0
AWS-IND-HP-001,2026-08-25 02:20:00+00:00,none,none,0.0
AWS-IND-HP-001,2026-08-25 02:25:00+00:00,none,none,0.0
AWS-IND-HP-001,2026-08-25 02:30:00+00:00,none,none,0.0
AWS-IND-HP-001,2026-08-25 02:35:00+00:00,none,none,0.0
AWS-IND-HP-001,2026-08-25 02:40:00+00:00,none,none,0.0
AWS-IND-HP-001,2026-08-25 02:45:00+00:00,none,none,0.0
AWS-IND-HP-001,2026-08-25 02:50:00+00:00,none,none,0.0
AWS-IND-HP-001,2026-08-25 02:55:00+00:00,none,none,0.0
AWS-IND-HP-001,2026-08-25 03:00:00+00:00,none,none,0.0
AWS-IND-HP-001,2026-08-25 03:05:00+00:00,none,none,0.0
AWS-IND-HP-001,2026-08-25 03:10:00+00:00,none,none,0.0
AWS-IND-HP-001,2026-08-25 03:15:00+00:00,none,none,0.0
AWS-IND-HP-001,2026-08-25 03:20:00+00:00,none,none,0.0
AWS-IND-HP-001,2026-08-25 03:25:00+00:00,none,none,0.0
AWS-IND-HP-001,2026-08-25 03:30:00+00:00,none,none,0.0
AWS-IND-HP-001,2026-08-25 03:35:00+00:00,none,none,0.0
AWS-IND-HP-001,2026-08-25 03:40:00+00:00,none,none,0.0
AWS-IND-HP-001,2026-08-25 03:45:00+00:00,none,none,0.0
AWS-IND-HP-001,2026-08-25 03:50:00+00:00,none,none,0.0
AWS-IND-HP-001,2026-08-25 03:55:00+00:00,none,none,0.0
AWS-IND-HP-001,2026-08-25 04:00:00+00:00,none,none,0.0
AWS-IND-HP-001,2026-08-25 04:05:00+00:00,none,none,0.0
AWS-IND-HP-001,2026-08-25 04:10:00+00:00,none,none,0.0
AWS-IND-HP-001,2026-08-25 04:15:00+00:00,none,none,0.0
AWS-IND-HP-001,2026-08-25 04:20:00+00:00,none,none,0.0
AWS-IND-HP-001,2026-08-25 04:25:00+00:00,none,none,0.0
AWS-IND-HP-001,2026-08-25 04:30:00+00:00,none,none,0.0
AWS-IND-HP-001,2026-08-25 04:35:00+00:00,none,none,0.0
AWS-IND-HP-001,2026-08-25 04:40:00+00:00,none,none,0.0
AWS-IND-HP-001,2026-08-25 04:45:00+00:00,none,none,0.0
AWS-IND-HP-001,2026-08-25 04:50:00+00:00,none,none,0.0
AWS-IND-HP-001,2026-08-25 04:55:00+00:00,none,none,0.0
AWS-IND-HP-001,2026-08-25 05:00:00+00:00,none,none,0.0
AWS-IND-HP-001,2026-08-25 05:05:00+00:00,none,none,0.0
AWS-IND-HP-001,2026-08-25 05:10:00+00:00,none,none,0.0
AWS-IND-HP-001,2026-08-25 05:15:00+00:00,none,none,0.0
AWS-IND-HP-001,2026-08-25 05:20:00+00:00,none,none,0.0
AWS-IND-HP-001,2026-08-25 05:25:00+00:00,none,none,0.0
AWS-IND-HP-001,2026-08-25 05:30:00+00:00,none,none,0.0
AWS-IND-HP-001,2026-08-25 05:35:00+00:00,none,none,0.0
AWS-IND-HP-001,2026-08-25 05:40:00+00:00,none,none,0.0
AWS-IND-HP-001,2026-08-25 05:45:00+00:00,none,none,0.0
AWS-IND-HP-001,2026-08-25 05:50:00+00:00,none,none,0.0
AWS-IND-HP-001,2026-08-25 05:55:00+00:00,none,none,0.0
AWS-IND-HP-001,2026-08-25 06:00:00+00:00,none,none,0.0
AWS-IND-HP-001,2026-08-25 06:05:00+00:00,none,none,0.0
AWS-IND-HP-001,2026-08-25 06:10:00+00:00,none,none,0.0
AWS-IND-HP-001,2026-08-25 06:15:00+00:00,none,none,0.0
AWS-IND-HP-001,2026-08-25 06:20:00+00:00,none,none,0.0
AWS-IND-HP-001,2026-08-25 06:25:00+00:00,none,none,0.0
AWS-IND-HP-001,2026-08-25 06:30:00+00:00,none,none,0.0
AWS-IND-HP-001,2026-08-25 06:35:00+00:00,none,none,0.0
AWS-IND-HP-001,2026-08-25 06:40:00+00:00,none,none,0.0
AWS-IND-HP-001,2026-08-25 06:45:00+00:00,none,none,0.0
AWS-IND-HP-001,2026-08-25 06:50:00+00:00,none,none,0.0
AWS-IND-HP-001,2026-08-25 06:55:00+00:00,none,none,0.0
AWS-IND-HP-001,2026-08-25 07:00:00+00:00,none,none,0.0
AWS-IND-HP-001,2026-08-25 07:05:00+00:00,none,none,0.0
AWS-IND-HP-001,2026-08-25 07:10:00+00:00,none,none,0.0
AWS-IND-HP-001,2026-08-25 07:15:00+00:00,none,none,0.0
AWS-IND-HP-001,2026-08-25 07:20:00+00:00,none,none,0.0
AWS-IND-HP-001,2026-08-25 07:25:00+00:00,none,none,0.0
AWS-IND-HP-001,2026-08-25 07:30:00+00:00,none,none,0.0
AWS-IND-HP-001,2026-08-25 07:35:00+00:00,none,none,0.0
AWS-IND-HP-001,2026-08-25 07:40:00+00:00,none,none,0.0
AWS-IND-HP-001,2026-08-25 07:45:00+00:00,none,none,0.0
AWS-IND-HP-001,2026-08-25 07:50:00+00:00,none,none,0.0
AWS-IND-HP-001,2026-08-25 07:55:00+00:00,none,none,0.0
AWS-IND-HP-001,2026-08-25 08:00:00+00:00,none,none,0.0
AWS-IND-HP-001,2026-08-25 08:05:00+00:00,none,none,0.0
AWS-IND-HP-001,2026-08-25 08:10:00+00:00,none,none,0.0
AWS-IND-HP-001,2026-08-25 08:15:00+00:00,none,none,0.0
AWS-IND-HP-001,2026-08-25 08:20:00+00:00,none,none,0.0
AWS-IND-HP-001,2026-08-25 08:25:00+00:00,none,none,0.0
AWS-IND-HP-001,2026-08-25 08:30:00+00:00,none,none,0.0
AWS-IND-HP-001,2026-08-25 08:35:00+00:00,none,none,0.0
AWS-IND-HP-001,2026-08-25 08:40:00+00:00,none,none,0.0
AWS-IND-HP-001,2026-08-25 08:45:00+00:00,none,none,0.0
AWS-IND-HP-001,2026-08-25 08:50:00+00:00,none,none,0.0
AWS-IND-HP-001,2026-08-25 08:55:00+00:00,none,none,0.0
AWS-IND-HP-001,2026-08-25 09:00:00+00:00,none,none,0.0
AWS-IND-HP-001,2026-08-25 09:05:00+00:00,none,none,0.0
AWS-IND-HP-001,2026-08-25 09:10:00+00:00,none,none,0.0
AWS-IND-HP-001,2026-08-25 09:15:00+00:00,none,none,0.0
AWS-IND-HP-001,2026-08-25 09:20:00+00:00,none,none,0.0
AWS-IND-HP-001,2026-08-25 09:25:00+00:00,none,none,0.0
AWS-IND-HP-001,2026-08-25 09:30:00+00:00,none,none,0.0
AWS-IND-HP-001,2026-08-25 09:35:00+00:00,none,none,0.0
AWS-IND-HP-001,2026-08-25 09:40:00+00:00,none,none,0.0
AWS-IND-HP-001,2026-08-25 09:45:00+00:00,none,none,0.0
AWS-IND-HP-001,2026-08-25 09:50:00+00:00,none,none,0.0
AWS-IND-HP-001,2026-08-25 09:55:00+00:00,none,none,0.0
AWS-IND-HP-001,2026-08-25 10:00:00+00:00,none,none,0.0
AWS-IND-HP-001,2026-08-25 10:05:00+00:00,none,none,0.0
AWS-IND-HP-001,2026-08-25 10:10:00+00:00,none,none,0.0
AWS-IND-HP-001,2026-08-25 10:15:00+00:00,none,none,0.0
AWS-IND-HP-001,2026-08-25 10:20:00+00:00,none,none,0.0
AWS-IND-HP-001,2026-08-25 10:25:00+00:00,none,none,0.0
AWS-IND-HP-001,2026-08-25 10:30:00+00:00,none,none,0.0
AWS-IND-HP-001,2026-08-25 10:35:00+00:00,none,none,0.0
AWS-IND-HP-001,2026-08-25 10:40:00+00:00,none,none,0.0
AWS-IND-HP-001,2026-08-25 10:45:00+00:00,none,none,0.0
AWS-IND-HP-001,2026-08-25 10:50:00+00:00,none,none,0.0
AWS-IND-HP-001,2026-08-25 10:55:00+00:00,none,none,0.0
AWS-IND-HP-001,2026-08-25 11:00:00+00:00,none,none,0.0
AWS-IND-HP-001,2026-08-25 11:05:00+00:00,none,none,0.0
AWS-IND-HP-001,2026-08-25 11:10:00+00:00,none,none,0.0
AWS-IND-HP-001,2026-08-25 11:15:00+00:00,none,none,0.0
AWS-IND-HP-001,2026-08-25 11:20:00+00:00,none,none,0.0
AWS-IND-HP-001,2026-08-25 11:25:00+00:00,none,none,0.0
AWS-IND-HP-001,2026-08-25 11:30:00+00:00,none,none,0.0
AWS-IND-HP-001,2026-08-25 11:35:00+00:00,none,none,0.0
AWS-IND-HP-001,2026-08-25 11:40:00+00:00,none,none,0.0
AWS-IND-HP-001,2026-08-25 11:45:00+00:00,none,none,0.0
AWS-IND-HP-001,2026-08-25 11:50:00+00:00,none,none,0.0
AWS-IND-HP-001,2026-08-25 11:55:00+00:00,none,none,0.0
AWS-IND-HP-001,2026-08-25 12:00:00+00:00,none,none,0.0
AWS-IND-HP-001,2026-08-25 12:05:00+00:00,none,none,0.0
AWS-IND-HP-001,2026-08-25 12:10:00+00:00,none,none,0.0
AWS-IND-HP-001,2026-08-25 12:15:00+00:00,none,none,0.0
AWS-IND-HP-001,2026-08-25 12:20:00+00:00,none,none,0.0
AWS-IND-HP-001,2026-08-25 12:25:00+00:00,none,none,0.0
AWS-IND-HP-001,2026-08-25 12:30:00+00:00,none,none,0.0
AWS-IND-HP-001,2026-08-25 12:35:00+00:00,none,none,0.0
AWS-IND-HP-001,2026-08-25 12:40:00+00:00,none,none,0.0
AWS-IND-HP-001,2026-08-25 12:45:00+00:00,none,none,0.0
AWS-IND-HP-001,2026-08-25 12:50:00+00:00,none,none,0.0
AWS-IND-HP-001,2026-08-25 12:55:00+00:00,none,none,0.0
AWS-IND-HP-001,2026-08-25 13:00:00+00:00,none,none,0.0
AWS-IND-HP-001,2026-08-25 13:05:00+00:00,none,none,0.0
AWS-IND-HP-001,2026-08-25 13:10:00+00:00,none,none,0.0
AWS-IND-HP-001,2026-08-25 13:15:00+00:00,none,none,0.0
AWS-IND-HP-001,2026-08-25 13:20:00+00:00,none,none,0.0
AWS-IND-HP-001,2026-08-25 13:25:00+00:00,none,none,0.0
AWS-IND-HP-001,2026-08-25 13:30:00+00:00,none,none,0.0
AWS-IND-HP-001,2026-08-25 13:35:00+00:00,none,none,0.0
AWS-IND-HP-001,2026-08-25 13:40:00+00:00,none,none,0.0
AWS-IND-HP-001,2026-08-25 13:45:00+00:00,none,none,0.0
AWS-IND-HP-001,2026-08-25 13:50:00+00:00,none,none,0.0
AWS-IND-HP-001,2026-08-25 13:55:00+00:00,none,none,0.0
AWS-IND-HP-001,2026-08-25 14:00:00+00:00,none,none,0.0
AWS-IND-HP-001,2026-08-25 14:05:00+00:00,none,none,0.0
AWS-IND-HP-001,2026-08-25 14:10:00+00:00,none,none,0.0
AWS-IND-HP-001,2026-08-25 14:15:00+00:00,none,none,0.0
AWS-IND-HP-001,2026-08-25 14:20:00+00:00,none,none,0.0
AWS-IND-HP-001,2026-08-25 14:25:00+00:00,none,none,0.0
AWS-IND-HP-001,2026-08-25 14:30:00+00:00,none,none,0.0
AWS-IND-HP-001,2026-08-25 14:35:00+00:00,none,none,0.0
AWS-IND-HP-001,2026-08-25 14:40:00+00:00,none,none,0.0
AWS-IND-HP-001,2026-08-25 14:45:00+00:00,none,none,0.0
AWS-IND-HP-001,2026-08-25 14:50:00+00:00,none,none,0.0
AWS-IND-HP-001,2026-08-25 14:55:00+00:00,none,none,0.0
AWS-IND-HP-001,2026-08-25 15:00:00+00:00,none,none,0.0
AWS-IND-HP-001,2026-08-25 15:05:00+00:00,none,none,0.0
AWS-IND-HP-001,2026-08-25 15:10:00+00:00,none,none,0.0
AWS-IND-HP-001,2026-08-25 15:15:00+00:00,none,none,0.0
AWS-IND-HP-001,2026-08-25 15:20:00+00:00,none,none,0.0
AWS-IND-HP-001,2026-08-25 15:25:00+00:00,none,none,0.0
AWS-IND-HP-001,2026-08-25 15:30:00+00:00,none,none,0.0
AWS-IND-HP-001,2026-08-25 15:35:00+00:00,none,none,0.0
AWS-IND-HP-001,2026-08-25 15:40:00+00:00,none,none,0.0
AWS-IND-HP-001,2026-08-25 15:45:00+00:00,none,none,0.0
AWS-IND-HP-001,2026-08-25 15:50:00+00:00,none,none,0.0
AWS-IND-HP-001,2026-08-25 15:55:00+00:00,none,none,0.0
AWS-IND-HP-001,2026-08-25 16:00:00+00:00,none,none,0.0
AWS-IND-HP-001,2026-08-25 16:05:00+00:00,none,none,0.0
AWS-IND-HP-001,2026-08-25 16:10:00+00:00,none,none,0.0
AWS-IND-HP-001,2026-08-25 16:15:00+00:00,none,none,0.0
AWS-IND-HP-001,2026-08-25 16:20:00+00:00,none,none,0.0
AWS-IND-HP-001,2026-08-25 16:25:00+00:00,none,none,0.0
AWS-IND-HP-001,2026-08-25 16:30:00+00:00,none,none,0.0
AWS-IND-HP-001,2026-08-25 16:35:00+00:00,none,none,0.0
AWS-IND-HP-001,2026-08-25 16:40:00+00:00,none,none,0.0
AWS-IND-HP-001,2026-08-25 16:45:00+00:00,none,none,0.0
AWS-IND-HP-001,2026-08-25 16:50:00+00:00,none,none,0.0
AWS-IND-HP-001,2026-08-25 16:55:00+00:00,none,none,0.0
AWS-IND-HP-001,2026-08-25 17:00:00+00:00,none,none,0.0
AWS-IND-HP-001,2026-08-25 17:05:00+00:00,none,none,0.0
AWS-IND-HP-001,2026-08-25 17:10:00+00:00,none,none,0.0
AWS-IND-HP-001,2026-08-25 17:15:00+00:00,none,none,0.0
AWS-IND-HP-001,2026-08-25 17:20:00+00:00,none,none,0.0
AWS-IND-HP-001,2026-08-25 17:25:00+00:00,none,none,0.0
AWS-IND-HP-001,2026-08-25 17:30:00+00:00,none,none,0.0
AWS-IND-HP-001,2026-08-25 17:35:00+00:00,none,none,0.0
AWS-IND-HP-001,2026-08-25 17:40:00+00:00,none,none,0.0
AWS-IND-HP-001,2026-08-25 17:45:00+00:00,none,none,0.0
AWS-IND-HP-001,2026-08-25 17:50:00+00:00,none,none,0.0
AWS-IND-HP-001,2026-08-25 17:55:00+00:00,none,none,0.0
AWS-IND-HP-001,2026-08-25 18:00:00+00:00,none,none,0.0
AWS-IND-HP-001,2026-08-25 18:05:00+00:00,none,none,0.0
AWS-IND-HP-001,2026-08-25 18:10:00+00:00,none,none,0.0
AWS-IND-HP-001,2026-08-25 18:15:00+00:00,none,none,0.0
AWS-IND-HP-001,2026-08-25 18:20:00+00:00,none,none,0.0
AWS-IND-HP-001,2026-08-25 18:25:00+00:00,none,none,0.0
AWS-IND-HP-001,2026-08-25 18:30:00+00:00,none,none,0.0
AWS-IND-HP-001,2026-08-25 18:35:00+00:00,none,none,0.0
AWS-IND-HP-001,2026-08-25 18:40:00+00:00,none,none,0.0
AWS-IND-HP-001,2026-08-25 18:45:00+00:00,none,none,0.0
AWS-IND-HP-001,2026-08-25 18:50:00+00:00,none,none,0.0
AWS-IND-HP-001,2026-08-25 18:55:00+00:00,none,none,0.0
AWS-IND-HP-001,2026-08-25 19:00:00+00:00,none,none,0.0
AWS-IND-HP-001,2026-08-25 19:05:00+00:00,none,none,0.0
AWS-IND-HP-001,2026-08-25 19:10:00+00:00,none,none,0.0
AWS-IND-HP-001,2026-08-25 19:15:00+00:00,none,none,0.0
AWS-IND-HP-001,2026-08-25 19:20:00+00:00,none,none,0.0
AWS-IND-HP-001,2026-08-25 19:25:00+00:00,none,none,0.0
AWS-IND-HP-001,2026-08-25 19:30:00+00:00,none,none,0.0
AWS-IND-HP-001,2026-08-25 19:35:00+00:00,none,none,0.0
AWS-IND-HP-001,2026-08-25 19:40:00+00:00,none,none,0.0
AWS-IND-HP-001,2026-08-25 19:45:00+00:00,none,none,0.0
AWS-IND-HP-001,2026-08-25 19:50:00+00:00,none,none,0.0
AWS-IND-HP-001,2026-08-25 19:55:00+00:00,none,none,0.0
AWS-IND-HP-001,2026-08-25 20:00:00+00:00,none,none,0.0
AWS-IND-HP-001,2026-08-25 20:05:00+00:00,none,none,0.0
AWS-IND-HP-001,2026-08-25 20:10:00+00:00,none,none,0.0
AWS-IND-HP-001,2026-08-25 20:15:00+00:00,none,none,0.0
AWS-IND-HP-001,2026-08-25 20:20:00+00:00,none,none,0.0
AWS-IND-HP-001,2026-08-25 20:25:00+00:00,none,none,0.0
AWS-IND-HP-001,2026-08-25 20:30:00+00:00,none,none,0.0
AWS-IND-HP-001,2026-08-25 20:35:00+00:00,none,none,0.0
AWS-IND-HP-001,2026-08-25 20:40:00+00:00,none,none,0.0
AWS-IND-HP-001,2026-08-25 20:45:00+00:00,none,none,0.0
AWS-IND-HP-001,2026-08-25 20:50:00+00:00,none,none,0.0
AWS-IND-HP-001,2026-08-25 20:55:00+00:00,none,none,0.0
AWS-IND-HP-001,2026-08-25 21:00:00+00:00,none,none,0.0
AWS-IND-HP-001,2026-08-25 21:05:00+00:00,none,none,0.0
AWS-IND-HP-001,2026-08-25 21:10:00+00:00,none,none,0.0
AWS-IND-HP-001,2026-08-25 21:15:00+00:00,none,none,0.0
AWS-IND-HP-001,2026-08-25 21:20:00+00:00,none,none,0.0
AWS-IND-HP-001,2026-08-25 21:25:00+00:00,none,none,0.0
AWS-IND-HP-001,2026-08-25 21:30:00+00:00,none,none,0.0
AWS-IND-HP-001,2026-08-25 21:35:00+00:00,none,none,0.0
AWS-IND-HP-001,2026-08-25 21:40:00+00:00,none,none,0.0
AWS-IND-HP-001,2026-08-25 21:45:00+00:00,none,none,0.0
AWS-IND-HP-001,2026-08-25 21:50:00+00:00,none,none,0.0
AWS-IND-HP-001,2026-08-25 21:55:00+00:00,none,none,0.0
AWS-IND-HP-001,2026-08-25 22:00:00+00:00,none,none,0.0
AWS-IND-HP-001,2026-08-25 22:05:00+00:00,none,none,0.0
AWS-IND-HP-001,2026-08-25 22:10:00+00:00,spike,temperature_c,10.369508925797277
AWS-IND-HP-001,2026-08-25 22:15:00+00:00,none,none,0.0
AWS-IND-HP-001,2026-08-25 22:20:00+00:00,none,none,0.0
AWS-IND-HP-001,2026-08-25 22:25:00+00:00,none,none,0.0
AWS-IND-HP-001,2026-08-25 22:30:00+00:00,none,none,0.0
AWS-IND-HP-001,2026-08-25 22:35:00+00:00,none,none,0.0
AWS-IND-HP-001,2026-08-25 22:40:00+00:00,none,none,0.0
AWS-IND-HP-001,2026-08-25 22:45:00+00:00,none,none,0.0
AWS-IND-HP-001,2026-08-25 22:50:00+00:00,none,none,0.0
AWS-IND-HP-001,2026-08-25 22:55:00+00:00,spike,pressure_hpa,41.59591870924008
AWS-IND-HP-001,2026-08-25 23:00:00+00:00,spike,pressure_hpa,41.59591870924008
AWS-IND-HP-001,2026-08-25 23:05:00+00:00,none,none,0.0
AWS-IND-HP-001,2026-08-25 23:10:00+00:00,none,none,0.0
AWS-IND-HP-001,2026-08-25 23:15:00+00:00,none,none,0.0
AWS-IND-HP-001,2026-08-25 23:20:00+00:00,none,none,0.0
AWS-IND-HP-001,2026-08-25 23:25:00+00:00,none,none,0.0
AWS-IND-HP-001,2026-08-25 23:30:00+00:00,none,none,0.0
AWS-IND-HP-001,2026-08-25 23:35:00+00:00,none,none,0.0
AWS-IND-HP-001,2026-08-25 23:40:00+00:00,none,none,0.0
AWS-IND-HP-001,2026-08-25 23:45:00+00:00,none,none,0.0
AWS-IND-HP-001,2026-08-25 23:50:00+00:00,none,none,0.0
AWS-IND-HP-001,2026-08-25 23:55:00+00:00,none,none,0.0
AWS-IND-HP-001,2026-08-26 00:00:00+00:00,none,none,0.0
AWS-IND-HP-001,2026-08-26 00:05:00+00:00,none,none,0.0
AWS-IND-HP-001,2026-08-26 00:10:00+00:00,none,none,0.0
AWS-IND-HP-001,2026-08-26 00:15:00+00:00,none,none,0.0
AWS-IND-HP-001,2026-08-26 00:20:00+00:00,none,none,0.0
AWS-IND-HP-001,2026-08-26 00:25:00+00:00,none,none,0.0
AWS-IND-HP-001,2026-08-26 00:30:00+00:00,none,none,0.0
AWS-IND-HP-001,2026-08-26 00:35:00+00:00,none,none,0.0
AWS-IND-HP-001,2026-08-26 00:40:00+00:00,none,none,0.0
AWS-IND-HP-001,2026-08-26 00:45:00+00:00,none,none,0.0
AWS-IND-HP-001,2026-08-26 00:50:00+00:00,none,none,0.0
AWS-IND-HP-001,2026-08-26 00:55:00+00:00,none,none,0.0
AWS-IND-HP-001,2026-08-26 01:00:00+00:00,none,none,0.0
AWS-IND-HP-001,2026-08-26 01:05:00+00:00,none,none,0.0
AWS-IND-HP-001,2026-08-26 01:10:00+00:00,none,none,0.0
AWS-IND-HP-001,2026-08-26 01:15:00+00:00,none,none,0.0
AWS-IND-HP-001,2026-08-26 01:20:00+00:00,none,none,0.0
AWS-IND-HP-001,2026-08-26 01:25:00+00:00,none,none,0.0
AWS-IND-HP-001,2026-08-26 01:30:00+00:00,none,none,0.0
AWS-IND-HP-001,2026-08-26 01:35:00+00:00,none,none,0.0
AWS-IND-HP-001,2026-08-26 01:40:00+00:00,none,none,0.0
AWS-IND-HP-001,2026-08-26 01:45:00+00:00,none,none,0.0
AWS-IND-HP-001,2026-08-26 01:50:00+00:00,none,none,0.0
AWS-IND-HP-001,2026-08-26 01:55:00+00:00,none,none,0.0
AWS-IND-HP-001,2026-08-26 02:00:00+00:00,none,none,0.0
AWS-IND-HP-001,2026-08-26 02:05:00+00:00,none,none,0.0
AWS-IND-HP-001,2026-08-26 02:10:00+00:00,none,none,0.0
AWS-IND-HP-001,2026-08-26 02:15:00+00:00,none,none,0.0
AWS-IND-HP-001,2026-08-26 02:20:00+00:00,none,none,0.0
AWS-IND-HP-001,2026-08-26 02:25:00+00:00,none,none,0.0
AWS-IND-HP-001,2026-08-26 02:30:00+00:00,none,none,0.0
AWS-IND-HP-001,2026-08-26 02:35:00+00:00,none,none,0.0
AWS-IND-HP-001,2026-08-26 02:40:00+00:00,none,none,0.0
AWS-IND-HP-001,2026-08-26 02:45:00+00:00,none,none,0.0
AWS-IND-HP-001,2026-08-26 02:50:00+00:00,none,none,0.0
AWS-IND-HP-001,2026-08-26 02:55:00+00:00,none,none,0.0
AWS-IND-HP-001,2026-08-26 03:00:00+00:00,none,none,0.0
AWS-IND-HP-001,2026-08-26 03:05:00+00:00,none,none,0.0
AWS-IND-HP-001,2026-08-26 03:10:00+00:00,none,none,0.0
AWS-IND-HP-001,2026-08-26 03:15:00+00:00,none,none,0.0
AWS-IND-HP-001,2026-08-26 03:20:00+00:00,none,none,0.0
AWS-IND-HP-001,2026-08-26 03:25:00+00:00,none,none,0.0
AWS-IND-HP-001,2026-08-26 03:30:00+00:00,none,none,0.0
AWS-IND-HP-001,2026-08-26 03:35:00+00:00,none,none,0.0
AWS-IND-HP-001,2026-08-26 03:40:00+00:00,none,none,0.0
AWS-IND-HP-001,2026-08-26 03:45:00+00:00,none,none,0.0
AWS-IND-HP-001,2026-08-26 03:50:00+00:00,none,none,0.0
AWS-IND-HP-001,2026-08-26 03:55:00+00:00,none,none,0.0
AWS-IND-HP-001,2026-08-26 04:00:00+00:00,none,none,0.0
AWS-IND-HP-001,2026-08-26 04:05:00+00:00,none,none,0.0
AWS-IND-HP-001,2026-08-26 04:10:00+00:00,none,none,0.0
AWS-IND-HP-001,2026-08-26 04:15:00+00:00,none,none,0.0
AWS-IND-HP-001,2026-08-26 04:20:00+00:00,none,none,0.0
AWS-IND-HP-001,2026-08-26 04:25:00+00:00,none,none,0.0
AWS-IND-HP-001,2026-08-26 04:30:00+00:00,none,none,0.0
AWS-IND-HP-001,2026-08-26 04:35:00+00:00,none,none,0.0
AWS-IND-HP-001,2026-08-26 04:40:00+00:00,none,none,0.0
AWS-IND-HP-001,2026-08-26 04:45:00+00:00,none,none,0.0
AWS-IND-HP-001,2026-08-26 04:50:00+00:00,none,none,0.0
AWS-IND-HP-001,2026-08-26 04:55:00+00:00,none,none,0.0
AWS-IND-HP-001,2026-08-26 05:00:00+00:00,none,none,0.0
AWS-IND-HP-001,2026-08-26 05:05:00+00:00,none,none,0.0
AWS-IND-HP-001,2026-08-26 05:10:00+00:00,none,none,0.0
AWS-IND-HP-001,2026-08-26 05:15:00+00:00,none,none,0.0
AWS-IND-HP-001,2026-08-26 05:20:00+00:00,spike,temperature_c,-9.95317147884083
AWS-IND-HP-001,2026-08-26 05:25:00+00:00,spike,temperature_c,-9.95317147884083
AWS-IND-HP-001,2026-08-26 05:30:00+00:00,spike,temperature_c,-9.95317147884083
AWS-IND-HP-001,2026-08-26 05:35:00+00:00,none,none,0.0
AWS-IND-HP-001,2026-08-26 05:40:00+00:00,none,none,0.0
AWS-IND-HP-001,2026-08-26 05:45:00+00:00,none,none,0.0
AWS-IND-HP-001,2026-08-26 05:50:00+00:00,none,none,0.0
AWS-IND-HP-001,2026-08-26 05:55:00+00:00,none,none,0.0
AWS-IND-HP-001,2026-08-26 06:00:00+00:00,none,none,0.0
AWS-IND-HP-001,2026-08-26 06:05:00+00:00,none,none,0.0
AWS-IND-HP-001,2026-08-26 06:10:00+00:00,none,none,0.0
AWS-IND-HP-001,2026-08-26 06:15:00+00:00,none,none,0.0
AWS-IND-HP-001,2026-08-26 06:20:00+00:00,none,none,0.0
AWS-IND-HP-001,2026-08-26 06:25:00+00:00,none,none,0.0
AWS-IND-HP-001,2026-08-26 06:30:00+00:00,none,none,0.0
AWS-IND-HP-001,2026-08-26 06:35:00+00:00,none,none,0.0
AWS-IND-HP-001,2026-08-26 06:40:00+00:00,none,none,0.0
AWS-IND-HP-001,2026-08-26 06:45:00+00:00,none,none,0.0
AWS-IND-HP-001,2026-08-26 06:50:00+00:00,none,none,0.0
AWS-IND-HP-001,2026-08-26 06:55:00+00:00,none,none,0.0
AWS-IND-HP-001,2026-08-26 07:00:00+00:00,none,none,0.0
AWS-IND-HP-001,2026-08-26 07:05:00+00:00,none,none,0.0
AWS-IND-HP-001,2026-08-26 07:10:00+00:00,none,none,0.0
AWS-IND-HP-001,2026-08-26 07:15:00+00:00,none,none,0.0
AWS-IND-HP-001,2026-08-26 07:20:00+00:00,none,none,0.0
AWS-IND-HP-001,2026-08-26 07:25:00+00:00,none,none,0.0
AWS-IND-HP-001,2026-08-26 07:30:00+00:00,none,none,0.0
AWS-IND-HP-001,2026-08-26 07:35:00+00:00,none,none,0.0
AWS-IND-HP-001,2026-08-26 07:40:00+00:00,none,none,0.0
AWS-IND-HP-001,2026-08-26 07:45:00+00:00,none,none,0.0
AWS-IND-HP-001,2026-08-26 07:50:00+00:00,none,none,0.0
AWS-IND-HP-001,2026-08-26 07:55:00+00:00,none,none,0.0
AWS-IND-HP-001,2026-08-26 08:00:00+00:00,none,none,0.0
AWS-IND-HP-001,2026-08-26 08:05:00+00:00,none,none,0.0
AWS-IND-HP-001,2026-08-26 08:10:00+00:00,none,none,0.0
AWS-IND-HP-001,2026-08-26 08:15:00+00:00,none,none,0.0
AWS-IND-HP-001,2026-08-26 08:20:00+00:00,none,none,0.0
AWS-IND-HP-001,2026-08-26 08:25:00+00:00,none,none,0.0
AWS-IND-HP-001,2026-08-26 08:30:00+00:00,none,none,0.0
AWS-IND-HP-001,2026-08-26 08:35:00+00:00,none,none,0.0
AWS-IND-HP-001,2026-08-26 08:40:00+00:00,none,none,0.0
AWS-IND-HP-001,2026-08-26 08:45:00+00:00,none,none,0.0
AWS-IND-HP-001,2026-08-26 08:50:00+00:00,none,none,0.0
AWS-IND-HP-001,2026-08-26 08:55:00+00:00,none,none,0.0
AWS-IND-HP-001,2026-08-26 09:00:00+00:00,none,none,0.0
AWS-IND-HP-001,2026-08-26 09:05:00+00:00,none,none,0.0
AWS-IND-HP-001,2026-08-26 09:10:00+00:00,none,none,0.0
AWS-IND-HP-001,2026-08-26 09:15:00+00:00,none,none,0.0
AWS-IND-HP-001,2026-08-26 09:20:00+00:00,none,none,0.0
AWS-IND-HP-001,2026-08-26 09:25:00+00:00,none,none,0.0
AWS-IND-HP-001,2026-08-26 09:30:00+00:00,spike,humidity_pct,-40.692388485815066
AWS-IND-HP-001,2026-08-26 09:35:00+00:00,spike,humidity_pct,-40.692388485815066
AWS-IND-HP-001,2026-08-26 09:40:00+00:00,spike,humidity_pct,-40.692388485815066
AWS-IND-HP-001,2026-08-26 09:45:00+00:00,none,none,0.0
AWS-IND-HP-001,2026-08-26 09:50:00+00:00,none,none,0.0
AWS-IND-HP-001,2026-08-26 09:55:00+00:00,none,none,0.0
AWS-IND-HP-001,2026-08-26 10:00:00+00:00,none,none,0.0
AWS-IND-HP-001,2026-08-26 10:05:00+00:00,none,none,0.0
AWS-IND-HP-001,2026-08-26 10:10:00+00:00,none,none,0.0
AWS-IND-HP-001,2026-08-26 10:15:00+00:00,none,none,0.0
AWS-IND-HP-001,2026-08-26 10:20:00+00:00,none,none,0.0
AWS-IND-HP-001,2026-08-26 10:25:00+00:00,none,none,0.0
AWS-IND-HP-001,2026-08-26 10:30:00+00:00,none,none,0.0
AWS-IND-HP-001,2026-08-26 10:35:00+00:00,none,none,0.0
AWS-IND-HP-001,2026-08-26 10:40:00+00:00,none,none,0.0
AWS-IND-HP-001,2026-08-26 10:45:00+00:00,none,none,0.0
AWS-IND-HP-001,2026-08-26 10:50:00+00:00,none,none,0.0
AWS-IND-HP-001,2026-08-26 10:55:00+00:00,none,none,0.0
AWS-IND-HP-001,2026-08-26 11:00:00+00:00,none,none,0.0
AWS-IND-HP-001,2026-08-26 11:05:00+00:00,none,none,0.0
AWS-IND-HP-001,2026-08-26 11:10:00+00:00,none,none,0.0
AWS-IND-HP-001,2026-08-26 11:15:00+00:00,none,none,0.0
AWS-IND-HP-001,2026-08-26 11:20:00+00:00,none,none,0.0
AWS-IND-HP-001,2026-08-26 11:25:00+00:00,none,none,0.0
AWS-IND-HP-001,2026-08-26 11:30:00+00:00,none,none,0.0
AWS-IND-HP-001,2026-08-26 11:35:00+00:00,none,none,0.0
AWS-IND-HP-001,2026-08-26 11:40:00+00:00,none,none,0.0
AWS-IND-HP-001,2026-08-26 11:45:00+00:00,none,none,0.0
AWS-IND-HP-001,2026-08-26 11:50:00+00:00,none,none,0.0
AWS-IND-HP-001,2026-08-26 11:55:00+00:00,none,none,0.0
AWS-IND-HP-001,2026-08-26 12:00:00+00:00,none,none,0.0
AWS-IND-HP-001,2026-08-26 12:05:00+00:00,none,none,0.0
AWS-IND-HP-001,2026-08-26 12:10:00+00:00,none,none,0.0
AWS-IND-HP-001,2026-08-26 12:15:00+00:00,none,none,0.0
AWS-IND-HP-001,2026-08-26 12:20:00+00:00,none,none,0.0
AWS-IND-HP-001,2026-08-26 12:25:00+00:00,none,none,0.0
AWS-IND-HP-001,2026-08-26 12:30:00+00:00,none,none,0.0
AWS-IND-HP-001,2026-08-26 12:35:00+00:00,none,none,0.0
AWS-IND-HP-001,2026-08-26 12:40:00+00:00,none,none,0.0
AWS-IND-HP-001,2026-08-26 12:45:00+00:00,none,none,0.0
AWS-IND-HP-001,2026-08-26 12:50:00+00:00,none,none,0.0
AWS-IND-HP-001,2026-08-26 12:55:00+00:00,none,none,0.0
AWS-IND-HP-001,2026-08-26 13:00:00+00:00,none,none,0.0
AWS-IND-HP-001,2026-08-26 13:05:00+00:00,none,none,0.0
AWS-IND-HP-001,2026-08-26 13:10:00+00:00,none,none,0.0
AWS-IND-HP-001,2026-08-26 13:15:00+00:00,none,none,0.0
AWS-IND-HP-001,2026-08-26 13:20:00+00:00,none,none,0.0
AWS-IND-HP-001,2026-08-26 13:25:00+00:00,none,none,0.0
AWS-IND-HP-001,2026-08-26 13:30:00+00:00,none,none,0.0
AWS-IND-HP-001,2026-08-26 13:35:00+00:00,none,none,0.0
AWS-IND-HP-001,2026-08-26 13:40:00+00:00,none,none,0.0
AWS-IND-HP-001,2026-08-26 13:45:00+00:00,none,none,0.0
AWS-IND-HP-001,2026-08-26 13:50:00+00:00,none,none,0.0
AWS-IND-HP-001,2026-08-26 13:55:00+00:00,none,none,0.0
AWS-IND-HP-001,2026-08-26 14:00:00+00:00,none,none,0.0
AWS-IND-HP-001,2026-08-26 14:05:00+00:00,none,none,0.0
AWS-IND-HP-001,2026-08-26 14:10:00+00:00,none,none,0.0
AWS-IND-HP-001,2026-08-26 14:15:00+00:00,none,none,0.0
AWS-IND-HP-001,2026-08-26 14:20:00+00:00,none,none,0.0
AWS-IND-HP-001,2026-08-26 14:25:00+00:00,none,none,0.0
AWS-IND-HP-001,2026-08-26 14:30:00+00:00,none,none,0.0
AWS-IND-HP-001,2026-08-26 14:35:00+00:00,none,none,0.0
AWS-IND-HP-001,2026-08-26 14:40:00+00:00,none,none,0.0
AWS-IND-HP-001,2026-08-26 14:45:00+00:00,none,none,0.0
AWS-IND-HP-001,2026-08-26 14:50:00+00:00,none,none,0.0
AWS-IND-HP-001,2026-08-26 14:55:00+00:00,none,none,0.0
AWS-IND-HP-001,2026-08-26 15:00:00+00:00,none,none,0.0
AWS-IND-HP-001,2026-08-26 15:05:00+00:00,none,none,0.0
AWS-IND-HP-001,2026-08-26 15:10:00+00:00,none,none,0.0
AWS-IND-HP-001,2026-08-26 15:15:00+00:00,none,none,0.0
AWS-IND-HP-001,2026-08-26 15:20:00+00:00,none,none,0.0
AWS-IND-HP-001,2026-08-26 15:25:00+00:00,none,none,0.0
AWS-IND-HP-001,2026-08-26 15:30:00+00:00,none,none,0.0
AWS-IND-HP-001,2026-08-26 15:35:00+00:00,none,none,0.0
AWS-IND-HP-001,2026-08-26 15:40:00+00:00,none,none,0.0
AWS-IND-HP-001,2026-08-26 15:45:00+00:00,none,none,0.0
AWS-IND-HP-001,2026-08-26 15:50:00+00:00,none,none,0.0
AWS-IND-HP-001,2026-08-26 15:55:00+00:00,none,none,0.0
AWS-IND-HP-001,2026-08-26 16:00:00+00:00,none,none,0.0
AWS-IND-HP-001,2026-08-26 16:05:00+00:00,none,none,0.0
AWS-IND-HP-001,2026-08-26 16:10:00+00:00,none,none,0.0
AWS-IND-HP-001,2026-08-26 16:15:00+00:00,none,none,0.0
AWS-IND-HP-001,2026-08-26 16:20:00+00:00,none,none,0.0
AWS-IND-HP-001,2026-08-26 16:25:00+00:00,none,none,0.0
AWS-IND-HP-001,2026-08-26 16:30:00+00:00,spike,pressure_hpa,-26.961931599113676
AWS-IND-HP-001,2026-08-26 16:35:00+00:00,none,none,0.0
AWS-IND-HP-001,2026-08-26 16:40:00+00:00,none,none,0.0
AWS-IND-HP-001,2026-08-26 16:45:00+00:00,none,none,0.0
AWS-IND-HP-001,2026-08-26 16:50:00+00:00,none,none,0.0
AWS-IND-HP-001,2026-08-26 16:55:00+00:00,none,none,0.0
AWS-IND-HP-001,2026-08-26 17:00:00+00:00,none,none,0.0
AWS-IND-HP-001,2026-08-26 17:05:00+00:00,none,none,0.0
AWS-IND-HP-001,2026-08-26 17:10:00+00:00,none,none,0.0
AWS-IND-HP-001,2026-08-26 17:15:00+00:00,none,none,0.0
AWS-IND-HP-001,2026-08-26 17:20:00+00:00,none,none,0.0
AWS-IND-HP-001,2026-08-26 17:25:00+00:00,none,none,0.0
AWS-IND-HP-001,2026-08-26 17:30:00+00:00,none,none,0.0
AWS-IND-HP-001,2026-08-26 17:35:00+00:00,none,none,0.0
AWS-IND-HP-001,2026-08-26 17:40:00+00:00,none,none,0.0
AWS-IND-HP-001,2026-08-26 17:45:00+00:00,none,none,0.0
AWS-IND-HP-001,2026-08-26 17:50:00+00:00,none,none,0.0
AWS-IND-HP-001,2026-08-26 17:55:00+00:00,none,none,0.0
AWS-IND-HP-001,2026-08-26 18:00:00+00:00,none,none,0.0
AWS-IND-HP-001,2026-08-26 18:05:00+00:00,none,none,0.0
AWS-IND-HP-001,2026-08-26 18:10:00+00:00,none,none,0.0
AWS-IND-HP-001,2026-08-26 18:15:00+00:00,none,none,0.0
AWS-IND-HP-001,2026-08-26 18:20:00+00:00,none,none,0.0
AWS-IND-HP-001,2026-08-26 18:25:00+00:00,none,none,0.0
AWS-IND-HP-001,2026-08-26 18:30:00+00:00,none,none,0.0
AWS-IND-HP-001,2026-08-26 18:35:00+00:00,none,none,0.0
AWS-IND-HP-001,2026-08-26 18:40:00+00:00,none,none,0.0
AWS-IND-HP-001,2026-08-26 18:45:00+00:00,none,none,0.0
AWS-IND-HP-001,2026-08-26 18:50:00+00:00,none,none,0.0
AWS-IND-HP-001,2026-08-26 18:55:00+00:00,none,none,0.0
AWS-IND-HP-001,2026-08-26 19:00:00+00:00,none,none,0.0
AWS-IND-HP-001,2026-08-26 19:05:00+00:00,none,none,0.0
AWS-IND-HP-001,2026-08-26 19:10:00+00:00,none,none,0.0
AWS-IND-HP-001,2026-08-26 19:15:00+00:00,none,none,0.0
AWS-IND-HP-001,2026-08-26 19:20:00+00:00,none,none,0.0
AWS-IND-HP-001,2026-08-26 19:25:00+00:00,none,none,0.0
AWS-IND-HP-001,2026-08-26 19:30:00+00:00,none,none,0.0
AWS-IND-HP-001,2026-08-26 19:35:00+00:00,none,none,0.0
AWS-IND-HP-001,2026-08-26 19:40:00+00:00,none,none,0.0
AWS-IND-HP-001,2026-08-26 19:45:00+00:00,none,none,0.0
AWS-IND-HP-001,2026-08-26 19:50:00+00:00,none,none,0.0
AWS-IND-HP-001,2026-08-26 19:55:00+00:00,none,none,0.0
AWS-IND-HP-001,2026-08-26 20:00:00+00:00,none,none,0.0
AWS-IND-HP-001,2026-08-26 20:05:00+00:00,none,none,0.0
AWS-IND-HP-001,2026-08-26 20:10:00+00:00,none,none,0.0
AWS-IND-HP-001,2026-08-26 20:15:00+00:00,none,none,0.0
AWS-IND-HP-001,2026-08-26 20:20:00+00:00,none,none,0.0
AWS-IND-HP-001,2026-08-26 20:25:00+00:00,none,none,0.0
AWS-IND-HP-001,2026-08-26 20:30:00+00:00,none,none,0.0
AWS-IND-HP-001,2026-08-26 20:35:00+00:00,none,none,0.0
AWS-IND-HP-001,2026-08-26 20:40:00+00:00,none,none,0.0
AWS-IND-HP-001,2026-08-26 20:45:00+00:00,none,none,0.0
AWS-IND-HP-001,2026-08-26 20:50:00+00:00,spike,pressure_hpa,-38.08381414702427
AWS-IND-HP-001,2026-08-26 20:55:00+00:00,none,none,0.0
AWS-IND-HP-001,2026-08-26 21:00:00+00:00,none,none,0.0
AWS-IND-HP-001,2026-08-26 21:05:00+00:00,none,none,0.0
AWS-IND-HP-001,2026-08-26 21:10:00+00:00,none,none,0.0
AWS-IND-HP-001,2026-08-26 21:15:00+00:00,none,none,0.0
AWS-IND-HP-001,2026-08-26 21:20:00+00:00,none,none,0.0
AWS-IND-HP-001,2026-08-26 21:25:00+00:00,none,none,0.0
AWS-IND-HP-001,2026-08-26 21:30:00+00:00,none,none,0.0
AWS-IND-HP-001,2026-08-26 21:35:00+00:00,none,none,0.0
AWS-IND-HP-001,2026-08-26 21:40:00+00:00,none,none,0.0
AWS-IND-HP-001,2026-08-26 21:45:00+00:00,none,none,0.0
AWS-IND-HP-001,2026-08-26 21:50:00+00:00,none,none,0.0
AWS-IND-HP-001,2026-08-26 21:55:00+00:00,none,none,0.0
AWS-IND-HP-001,2026-08-26 22:00:00+00:00,none,none,0.0
AWS-IND-HP-001,2026-08-26 22:05:00+00:00,none,none,0.0
AWS-IND-HP-001,2026-08-26 22:10:00+00:00,none,none,0.0
AWS-IND-HP-001,2026-08-26 22:15:00+00:00,none,none,0.0
AWS-IND-HP-001,2026-08-26 22:20:00+00:00,none,none,0.0
AWS-IND-HP-001,2026-08-26 22:25:00+00:00,none,none,0.0
AWS-IND-HP-001,2026-08-26 22:30:00+00:00,none,none,0.0
AWS-IND-HP-001,2026-08-26 22:35:00+00:00,none,none,0.0
AWS-IND-HP-001,2026-08-26 22:40:00+00:00,none,none,0.0
AWS-IND-HP-001,2026-08-26 22:45:00+00:00,none,none,0.0
AWS-IND-HP-001,2026-08-26 22:50:00+00:00,none,none,0.0
AWS-IND-HP-001,2026-08-26 22:55:00+00:00,none,none,0.0
AWS-IND-HP-001,2026-08-26 23:00:00+00:00,none,none,0.0
AWS-IND-HP-001,2026-08-26 23:05:00+00:00,none,none,0.0
AWS-IND-HP-001,2026-08-26 23:10:00+00:00,none,none,0.0
AWS-IND-HP-001,2026-08-26 23:15:00+00:00,none,none,0.0
AWS-IND-HP-001,2026-08-26 23:20:00+00:00,none,none,0.0
AWS-IND-HP-001,2026-08-26 23:25:00+00:00,none,none,0.0
AWS-IND-HP-001,2026-08-26 23:30:00+00:00,none,none,0.0
AWS-IND-HP-001,2026-08-26 23:35:00+00:00,none,none,0.0
AWS-IND-HP-001,2026-08-26 23:40:00+00:00,none,none,0.0
AWS-IND-HP-001,2026-08-26 23:45:00+00:00,none,none,0.0
AWS-IND-HP-001,2026-08-26 23:50:00+00:00,none,none,0.0
AWS-IND-HP-001,2026-08-26 23:55:00+00:00,none,none,0.0
AWS-IND-HP-001,2026-08-27 00:00:00+00:00,none,none,0.0
AWS-IND-HP-001,2026-08-27 00:05:00+00:00,none,none,0.0
AWS-IND-HP-001,2026-08-27 00:10:00+00:00,none,none,0.0
AWS-IND-HP-001,2026-08-27 00:15:00+00:00,none,none,0.0
AWS-IND-HP-001,2026-08-27 00:20:00+00:00,none,none,0.0
AWS-IND-HP-001,2026-08-27 00:25:00+00:00,none,none,0.0
AWS-IND-HP-001,2026-08-27 00:30:00+00:00,none,none,0.0
AWS-IND-HP-001,2026-08-27 00:35:00+00:00,none,none,0.0
AWS-IND-HP-001,2026-08-27 00:40:00+00:00,none,none,0.0
AWS-IND-HP-001,2026-08-27 00:45:00+00:00,none,none,0.0
AWS-IND-HP-001,2026-08-27 00:50:00+00:00,none,none,0.0
AWS-IND-HP-001,2026-08-27 00:55:00+00:00,none,none,0.0
AWS-IND-HP-001,2026-08-27 01:00:00+00:00,none,none,0.0
AWS-IND-HP-001,2026-08-27 01:05:00+00:00,none,none,0.0
AWS-IND-HP-001,2026-08-27 01:10:00+00:00,none,none,0.0
AWS-IND-HP-001,2026-08-27 01:15:00+00:00,none,none,0.0
AWS-IND-HP-001,2026-08-27 01:20:00+00:00,none,none,0.0
AWS-IND-HP-001,2026-08-27 01:25:00+00:00,none,none,0.0
AWS-IND-HP-001,2026-08-27 01:30:00+00:00,none,none,0.0
AWS-IND-HP-001,2026-08-27 01:35:00+00:00,none,none,0.0
AWS-IND-HP-001,2026-08-27 01:40:00+00:00,none,none,0.0
AWS-IND-HP-001,2026-08-27 01:45:00+00:00,none,none,0.0
AWS-IND-HP-001,2026-08-27 01:50:00+00:00,none,none,0.0
AWS-IND-HP-001,2026-08-27 01:55:00+00:00,none,none,0.0
AWS-IND-HP-001,2026-08-27 02:00:00+00:00,none,none,0.0
AWS-IND-HP-001,2026-08-27 02:05:00+00:00,none,none,0.0
AWS-IND-HP-001,2026-08-27 02:10:00+00:00,none,none,0.0
AWS-IND-HP-001,2026-08-27 02:15:00+00:00,none,none,0.0
AWS-IND-HP-001,2026-08-27 02:20:00+00:00,none,none,0.0
AWS-IND-HP-001,2026-08-27 02:25:00+00:00,none,none,0.0
AWS-IND-HP-001,2026-08-27 02:30:00+00:00,none,none,0.0
AWS-IND-HP-001,2026-08-27 02:35:00+00:00,none,none,0.0
AWS-IND-HP-001,2026-08-27 02:40:00+00:00,none,none,0.0
AWS-IND-HP-001,2026-08-27 02:45:00+00:00,none,none,0.0
AWS-IND-HP-001,2026-08-27 02:50:00+00:00,none,none,0.0
AWS-IND-HP-001,2026-08-27 02:55:00+00:00,none,none,0.0
AWS-IND-HP-001,2026-08-27 03:00:00+00:00,none,none,0.0
AWS-IND-HP-001,2026-08-27 03:05:00+00:00,none,none,0.0
AWS-IND-HP-001,2026-08-27 03:10:00+00:00,none,none,0.0
AWS-IND-HP-001,2026-08-27 03:15:00+00:00,none,none,0.0
AWS-IND-HP-001,2026-08-27 03:20:00+00:00,none,none,0.0
AWS-IND-HP-001,2026-08-27 03:25:00+00:00,none,none,0.0
AWS-IND-HP-001,2026-08-27 03:30:00+00:00,none,none,0.0
AWS-IND-HP-001,2026-08-27 03:35:00+00:00,none,none,0.0
AWS-IND-HP-001,2026-08-27 03:40:00+00:00,none,none,0.0
AWS-IND-HP-001,2026-08-27 03:45:00+00:00,none,none,0.0
AWS-IND-HP-001,2026-08-27 03:50:00+00:00,none,none,0.0
AWS-IND-HP-001,2026-08-27 03:55:00+00:00,none,none,0.0
AWS-IND-HP-001,2026-08-27 04:00:00+00:00,none,none,0.0
AWS-IND-HP-001,2026-08-27 04:05:00+00:00,none,none,0.0
AWS-IND-HP-001,2026-08-27 04:10:00+00:00,none,none,0.0
AWS-IND-HP-001,2026-08-27 04:15:00+00:00,none,none,0.0
AWS-IND-HP-001,2026-08-27 04:20:00+00:00,none,none,0.0
AWS-IND-HP-001,2026-08-27 04:25:00+00:00,none,none,0.0
AWS-IND-HP-001,2026-08-27 04:30:00+00:00,none,none,0.0
AWS-IND-HP-001,2026-08-27 04:35:00+00:00,none,none,0.0
AWS-IND-HP-001,2026-08-27 04:40:00+00:00,none,none,0.0
AWS-IND-HP-001,2026-08-27 04:45:00+00:00,none,none,0.0
AWS-IND-HP-001,2026-08-27 04:50:00+00:00,none,none,0.0
AWS-IND-HP-001,2026-08-27 04:55:00+00:00,none,none,0.0
AWS-IND-HP-001,2026-08-27 05:00:00+00:00,none,none,0.0
AWS-IND-HP-001,2026-08-27 05:05:00+00:00,none,none,0.0
AWS-IND-HP-001,2026-08-27 05:10:00+00:00,none,none,0.0
AWS-IND-HP-001,2026-08-27 05:15:00+00:00,none,none,0.0
AWS-IND-HP-001,2026-08-27 05:20:00+00:00,none,none,0.0
AWS-IND-HP-001,2026-08-27 05:25:00+00:00,none,none,0.0
AWS-IND-HP-001,2026-08-27 05:30:00+00:00,none,none,0.0
AWS-IND-HP-001,2026-08-27 05:35:00+00:00,none,none,0.0
AWS-IND-HP-001,2026-08-27 05:40:00+00:00,none,none,0.0
AWS-IND-HP-001,2026-08-27 05:45:00+00:00,none,none,0.0
AWS-IND-HP-001,2026-08-27 05:50:00+00:00,none,none,0.0
AWS-IND-HP-001,2026-08-27 05:55:00+00:00,none,none,0.0
AWS-IND-HP-001,2026-08-27 06:00:00+00:00,none,none,0.0
AWS-IND-HP-001,2026-08-27 06:05:00+00:00,none,none,0.0
AWS-IND-HP-001,2026-08-27 06:10:00+00:00,none,none,0.0
AWS-IND-HP-001,2026-08-27 06:15:00+00:00,none,none,0.0
AWS-IND-HP-001,2026-08-27 06:20:00+00:00,none,none,0.0
AWS-IND-HP-001,2026-08-27 06:25:00+00:00,none,none,0.0
AWS-IND-HP-001,2026-08-27 06:30:00+00:00,none,none,0.0
AWS-IND-HP-001,2026-08-27 06:35:00+00:00,none,none,0.0
AWS-IND-HP-001,2026-08-27 06:40:00+00:00,none,none,0.0
AWS-IND-HP-001,2026-08-27 06:45:00+00:00,none,none,0.0
AWS-IND-HP-001,2026-08-27 06:50:00+00:00,none,none,0.0
AWS-IND-HP-001,2026-08-27 06:55:00+00:00,none,none,0.0
AWS-IND-HP-001,2026-08-27 07:00:00+00:00,none,none,0.0
AWS-IND-HP-001,2026-08-27 07:05:00+00:00,none,none,0.0
AWS-IND-HP-001,2026-08-27 07:10:00+00:00,none,none,0.0
AWS-IND-HP-001,2026-08-27 07:15:00+00:00,none,none,0.0
AWS-IND-HP-001,2026-08-27 07:20:00+00:00,none,none,0.0
AWS-IND-HP-001,2026-08-27 07:25:00+00:00,none,none,0.0
AWS-IND-HP-001,2026-08-27 07:30:00+00:00,none,none,0.0
AWS-IND-HP-001,2026-08-27 07:35:00+00:00,none,none,0.0
AWS-IND-HP-001,2026-08-27 07:40:00+00:00,none,none,0.0
AWS-IND-HP-001,2026-08-27 07:45:00+00:00,none,none,0.0
AWS-IND-HP-001,2026-08-27 07:50:00+00:00,none,none,0.0
AWS-IND-HP-001,2026-08-27 07:55:00+00:00,none,none,0.0
AWS-IND-HP-001,2026-08-27 08:00:00+00:00,none,none,0.0
AWS-IND-HP-001,2026-08-27 08:05:00+00:00,none,none,0.0
AWS-IND-HP-001,2026-08-27 08:10:00+00:00,none,none,0.0
AWS-IND-HP-001,2026-08-27 08:15:00+00:00,none,none,0.0
AWS-IND-HP-001,2026-08-27 08:20:00+00:00,none,none,0.0
AWS-IND-HP-001,2026-08-27 08:25:00+00:00,none,none,0.0
AWS-IND-HP-001,2026-08-27 08:30:00+00:00,none,none,0.0
AWS-IND-HP-001,2026-08-27 08:35:00+00:00,none,none,0.0
AWS-IND-HP-001,2026-08-27 08:40:00+00:00,none,none,0.0
AWS-IND-HP-001,2026-08-27 08:45:00+00:00,none,none,0.0
AWS-IND-HP-001,2026-08-27 08:50:00+00:00,none,none,0.0
AWS-IND-HP-001,2026-08-27 08:55:00+00:00,none,none,0.0
AWS-IND-HP-001,2026-08-27 09:00:00+00:00,none,none,0.0
AWS-IND-HP-001,2026-08-27 09:05:00+00:00,none,none,0.0
AWS-IND-HP-001,2026-08-27 09:10:00+00:00,none,none,0.0
AWS-IND-HP-001,2026-08-27 09:15:00+00:00,none,none,0.0
AWS-IND-HP-001,2026-08-27 09:20:00+00:00,none,none,0.0
AWS-IND-HP-001,2026-08-27 09:25:00+00:00,none,none,0.0
AWS-IND-HP-001,2026-08-27 09:30:00+00:00,none,none,0.0
AWS-IND-HP-001,2026-08-27 09:35:00+00:00,none,none,0.0
AWS-IND-HP-001,2026-08-27 09:40:00+00:00,none,none,0.0
AWS-IND-HP-001,2026-08-27 09:45:00+00:00,none,none,0.0
AWS-IND-HP-001,2026-08-27 09:50:00+00:00,none,none,0.0
AWS-IND-HP-001,2026-08-27 09:55:00+00:00,none,none,0.0
AWS-IND-HP-001,2026-08-27 10:00:00+00:00,none,none,0.0
AWS-IND-HP-001,2026-08-27 10:05:00+00:00,none,none,0.0
AWS-IND-HP-001,2026-08-27 10:10:00+00:00,none,none,0.0
AWS-IND-HP-001,2026-08-27 10:15:00+00:00,none,none,0.0
AWS-IND-HP-001,2026-08-27 10:20:00+00:00,none,none,0.0
AWS-IND-HP-001,2026-08-27 10:25:00+00:00,none,none,0.0
AWS-IND-HP-001,2026-08-27 10:30:00+00:00,none,none,0.0
AWS-IND-HP-001,2026-08-27 10:35:00+00:00,none,none,0.0
AWS-IND-HP-001,2026-08-27 10:40:00+00:00,none,none,0.0
AWS-IND-HP-001,2026-08-27 10:45:00+00:00,none,none,0.0
AWS-IND-HP-001,2026-08-27 10:50:00+00:00,none,none,0.0
AWS-IND-HP-001,2026-08-27 10:55:00+00:00,none,none,0.0
AWS-IND-HP-001,2026-08-27 11:00:00+00:00,none,none,0.0
AWS-IND-HP-001,2026-08-27 11:05:00+00:00,none,none,0.0
AWS-IND-HP-001,2026-08-27 11:10:00+00:00,none,none,0.0
AWS-IND-HP-001,2026-08-27 11:15:00+00:00,none,none,0.0
AWS-IND-HP-001,2026-08-27 11:20:00+00:00,none,none,0.0
AWS-IND-HP-001,2026-08-27 11:25:00+00:00,none,none,0.0
AWS-IND-HP-001,2026-08-27 11:30:00+00:00,none,none,0.0
AWS-IND-HP-001,2026-08-27 11:35:00+00:00,none,none,0.0
AWS-IND-HP-001,2026-08-27 11:40:00+00:00,none,none,0.0
AWS-IND-HP-001,2026-08-27 11:45:00+00:00,none,none,0.0
AWS-IND-HP-001,2026-08-27 11:50:00+00:00,none,none,0.0
AWS-IND-HP-001,2026-08-27 11:55:00+00:00,none,none,0.0
AWS-IND-HP-001,2026-08-27 12:00:00+00:00,none,none,0.0
AWS-IND-HP-001,2026-08-27 12:05:00+00:00,none,none,0.0
AWS-IND-HP-001,2026-08-27 12:10:00+00:00,none,none,0.0
AWS-IND-HP-001,2026-08-27 12:15:00+00:00,none,none,0.0
AWS-IND-HP-001,2026-08-27 12:20:00+00:00,none,none,0.0
AWS-IND-HP-001,2026-08-27 12:25:00+00:00,none,none,0.0
AWS-IND-HP-001,2026-08-27 12:30:00+00:00,none,none,0.0
AWS-IND-HP-001,2026-08-27 12:35:00+00:00,none,none,0.0
AWS-IND-HP-001,2026-08-27 12:40:00+00:00,none,none,0.0
AWS-IND-HP-001,2026-08-27 12:45:00+00:00,none,none,0.0
AWS-IND-HP-001,2026-08-27 12:50:00+00:00,none,none,0.0
AWS-IND-HP-001,2026-08-27 12:55:00+00:00,none,none,0.0
AWS-IND-HP-001,2026-08-27 13:00:00+00:00,none,none,0.0
AWS-IND-HP-001,2026-08-27 13:05:00+00:00,none,none,0.0
AWS-IND-HP-001,2026-08-27 13:10:00+00:00,none,none,0.0
AWS-IND-HP-001,2026-08-27 13:15:00+00:00,none,none,0.0
AWS-IND-HP-001,2026-08-27 13:20:00+00:00,none,none,0.0
AWS-IND-HP-001,2026-08-27 13:25:00+00:00,none,none,0.0
AWS-IND-HP-001,2026-08-27 13:30:00+00:00,none,none,0.0
AWS-IND-HP-001,2026-08-27 13:35:00+00:00,none,none,0.0
AWS-IND-HP-001,2026-08-27 13:40:00+00:00,none,none,0.0
AWS-IND-HP-001,2026-08-27 13:45:00+00:00,none,none,0.0
AWS-IND-HP-001,2026-08-27 13:50:00+00:00,none,none,0.0
AWS-IND-HP-001,2026-08-27 13:55:00+00:00,none,none,0.0
AWS-IND-HP-001,2026-08-27 14:00:00+00:00,none,none,0.0
AWS-IND-HP-001,2026-08-27 14:05:00+00:00,none,none,0.0
AWS-IND-HP-001,2026-08-27 14:10:00+00:00,none,none,0.0
AWS-IND-HP-001,2026-08-27 14:15:00+00:00,none,none,0.0
AWS-IND-HP-001,2026-08-27 14:20:00+00:00,none,none,0.0
AWS-IND-HP-001,2026-08-27 14:25:00+00:00,none,none,0.0
AWS-IND-HP-001,2026-08-27 14:30:00+00:00,none,none,0.0
AWS-IND-HP-001,2026-08-27 14:35:00+00:00,none,none,0.0
AWS-IND-HP-001,2026-08-27 14:40:00+00:00,none,none,0.0
AWS-IND-HP-001,2026-08-27 14:45:00+00:00,none,none,0.0
AWS-IND-HP-001,2026-08-27 14:50:00+00:00,none,none,0.0
AWS-IND-HP-001,2026-08-27 14:55:00+00:00,none,none,0.0
AWS-IND-HP-001,2026-08-27 15:00:00+00:00,none,none,0.0
AWS-IND-HP-001,2026-08-27 15:05:00+00:00,none,none,0.0
AWS-IND-HP-001,2026-08-27 15:10:00+00:00,none,none,0.0
AWS-IND-HP-001,2026-08-27 15:15:00+00:00,none,none,0.0
AWS-IND-HP-001,2026-08-27 15:20:00+00:00,none,none,0.0
AWS-IND-HP-001,2026-08-27 15:25:00+00:00,none,none,0.0
AWS-IND-HP-001,2026-08-27 15:30:00+00:00,none,none,0.0
AWS-IND-HP-001,2026-08-27 15:35:00+00:00,none,none,0.0
AWS-IND-HP-001,2026-08-27 15:40:00+00:00,none,none,0.0
AWS-IND-HP-001,2026-08-27 15:45:00+00:00,none,none,0.0
AWS-IND-HP-001,2026-08-27 15:50:00+00:00,none,none,0.0
AWS-IND-HP-001,2026-08-27 15:55:00+00:00,none,none,0.0
AWS-IND-HP-001,2026-08-27 16:00:00+00:00,none,none,0.0
AWS-IND-HP-001,2026-08-27 16:05:00+00:00,none,none,0.0
AWS-IND-HP-001,2026-08-27 16:10:00+00:00,none,none,0.0
AWS-IND-HP-001,2026-08-27 16:15:00+00:00,none,none,0.0
AWS-IND-HP-001,2026-08-27 16:20:00+00:00,spike,temperature_c,-7.4242887185390956
AWS-IND-HP-001,2026-08-27 16:25:00+00:00,spike,temperature_c,-7.4242887185390956
AWS-IND-HP-001,2026-08-27 16:30:00+00:00,spike,temperature_c,-7.4242887185390956
AWS-IND-HP-001,2026-08-27 16:35:00+00:00,none,none,0.0
AWS-IND-HP-001,2026-08-27 16:40:00+00:00,none,none,0.0
AWS-IND-HP-001,2026-08-27 16:45:00+00:00,none,none,0.0
AWS-IND-HP-001,2026-08-27 16:50:00+00:00,none,none,0.0
AWS-IND-HP-001,2026-08-27 16:55:00+00:00,none,none,0.0
AWS-IND-HP-001,2026-08-27 17:00:00+00:00,none,none,0.0
AWS-IND-HP-001,2026-08-27 17:05:00+00:00,none,none,0.0
AWS-IND-HP-001,2026-08-27 17:10:00+00:00,none,none,0.0
AWS-IND-HP-001,2026-08-27 17:15:00+00:00,none,none,0.0
AWS-IND-HP-001,2026-08-27 17:20:00+00:00,none,none,0.0
AWS-IND-HP-001,2026-08-27 17:25:00+00:00,none,none,0.0
AWS-IND-HP-001,2026-08-27 17:30:00+00:00,none,none,0.0
AWS-IND-HP-001,2026-08-27 17:35:00+00:00,none,none,0.0
AWS-IND-HP-001,2026-08-27 17:40:00+00:00,none,none,0.0
AWS-IND-HP-001,2026-08-27 17:45:00+00:00,none,none,0.0
AWS-IND-HP-001,2026-08-27 17:50:00+00:00,none,none,0.0
AWS-IND-HP-001,2026-08-27 17:55:00+00:00,none,none,0.0
AWS-IND-HP-001,2026-08-27 18:00:00+00:00,none,none,0.0
AWS-IND-HP-001,2026-08-27 18:05:00+00:00,none,none,0.0
AWS-IND-HP-001,2026-08-27 18:10:00+00:00,none,none,0.0
AWS-IND-HP-001,2026-08-27 18:15:00+00:00,none,none,0.0
AWS-IND-HP-001,2026-08-27 18:20:00+00:00,none,none,0.0
AWS-IND-HP-001,2026-08-27 18:25:00+00:00,none,none,0.0
AWS-IND-HP-001,2026-08-27 18:30:00+00:00,none,none,0.0
AWS-IND-HP-001,2026-08-27 18:35:00+00:00,none,none,0.0
AWS-IND-HP-001,2026-08-27 18:40:00+00:00,none,none,0.0
AWS-IND-HP-001,2026-08-27 18:45:00+00:00,none,none,0.0
AWS-IND-HP-001,2026-08-27 18:50:00+00:00,none,none,0.0
AWS-IND-HP-001,2026-08-27 18:55:00+00:00,none,none,0.0
AWS-IND-HP-001,2026-08-27 19:00:00+00:00,none,none,0.0
AWS-IND-HP-001,2026-08-27 19:05:00+00:00,none,none,0.0
AWS-IND-HP-001,2026-08-27 19:10:00+00:00,none,none,0.0
AWS-IND-HP-001,2026-08-27 19:15:00+00:00,none,none,0.0
AWS-IND-HP-001,2026-08-27 19:20:00+00:00,none,none,0.0
AWS-IND-HP-001,2026-08-27 19:25:00+00:00,none,none,0.0
AWS-IND-HP-001,2026-08-27 19:30:00+00:00,none,none,0.0
AWS-IND-HP-001,2026-08-27 19:35:00+00:00,none,none,0.0
AWS-IND-HP-001,2026-08-27 19:40:00+00:00,none,none,0.0
AWS-IND-HP-001,2026-08-27 19:45:00+00:00,none,none,0.0
AWS-IND-HP-001,2026-08-27 19:50:00+00:00,none,none,0.0
AWS-IND-HP-001,2026-08-27 19:55:00+00:00,none,none,0.0
AWS-IND-HP-001,2026-08-27 20:00:00+00:00,none,none,0.0
AWS-IND-HP-001,2026-08-27 20:05:00+00:00,none,none,0.0
AWS-IND-HP-001,2026-08-27 20:10:00+00:00,none,none,0.0
AWS-IND-HP-001,2026-08-27 20:15:00+00:00,none,none,0.0
AWS-IND-HP-001,2026-08-27 20:20:00+00:00,none,none,0.0
AWS-IND-HP-001,2026-08-27 20:25:00+00:00,none,none,0.0
AWS-IND-HP-001,2026-08-27 20:30:00+00:00,none,none,0.0
AWS-IND-HP-001,2026-08-27 20:35:00+00:00,none,none,0.0
AWS-IND-HP-001,2026-08-27 20:40:00+00:00,none,none,0.0
AWS-IND-HP-001,2026-08-27 20:45:00+00:00,none,none,0.0
AWS-IND-HP-001,2026-08-27 20:50:00+00:00,none,none,0.0
AWS-IND-HP-001,2026-08-27 20:55:00+00:00,none,none,0.0
AWS-IND-HP-001,2026-08-27 21:00:00+00:00,none,none,0.0
AWS-IND-HP-001,2026-08-27 21:05:00+00:00,none,none,0.0
AWS-IND-HP-001,2026-08-27 21:10:00+00:00,none,none,0.0
AWS-IND-HP-001,2026-08-27 21:15:00+00:00,none,none,0.0
AWS-IND-HP-001,2026-08-27 21:20:00+00:00,none,none,0.0
AWS-IND-HP-001,2026-08-27 21:25:00+00:00,none,none,0.0
AWS-IND-HP-001,2026-08-27 21:30:00+00:00,none,none,0.0
AWS-IND-HP-001,2026-08-27 21:35:00+00:00,none,none,0.0
AWS-IND-HP-001,2026-08-27 21:40:00+00:00,none,none,0.0
AWS-IND-HP-001,2026-08-27 21:45:00+00:00,none,none,0.0
AWS-IND-HP-001,2026-08-27 21:50:00+00:00,none,none,0.0
AWS-IND-HP-001,2026-08-27 21:55:00+00:00,none,none,0.0
AWS-IND-HP-001,2026-08-27 22:00:00+00:00,none,none,0.0
AWS-IND-HP-001,2026-08-27 22:05:00+00:00,none,none,0.0
AWS-IND-HP-001,2026-08-27 22:10:00+00:00,none,none,0.0
AWS-IND-HP-001,2026-08-27 22:15:00+00:00,none,none,0.0
AWS-IND-HP-001,2026-08-27 22:20:00+00:00,none,none,0.0
AWS-IND-HP-001,2026-08-27 22:25:00+00:00,none,none,0.0
AWS-IND-HP-001,2026-08-27 22:30:00+00:00,none,none,0.0
AWS-IND-HP-001,2026-08-27 22:35:00+00:00,none,none,0.0
AWS-IND-HP-001,2026-08-27 22:40:00+00:00,none,none,0.0
AWS-IND-HP-001,2026-08-27 22:45:00+00:00,none,none,0.0
AWS-IND-HP-001,2026-08-27 22:50:00+00:00,none,none,0.0
AWS-IND-HP-001,2026-08-27 22:55:00+00:00,none,none,0.0
AWS-IND-HP-001,2026-08-27 23:00:00+00:00,none,none,0.0
AWS-IND-HP-001,2026-08-27 23:05:00+00:00,none,none,0.0
AWS-IND-HP-001,2026-08-27 23:10:00+00:00,none,none,0.0
AWS-IND-HP-001,2026-08-27 23:15:00+00:00,none,none,0.0
AWS-IND-HP-001,2026-08-27 23:20:00+00:00,none,none,0.0
AWS-IND-HP-001,2026-08-27 23:25:00+00:00,none,none,0.0
AWS-IND-HP-001,2026-08-27 23:30:00+00:00,none,none,0.0
AWS-IND-HP-001,2026-08-27 23:35:00+00:00,none,none,0.0
AWS-IND-HP-001,2026-08-27 23:40:00+00:00,none,none,0.0
AWS-IND-HP-001,2026-08-27 23:45:00+00:00,none,none,0.0
AWS-IND-HP-001,2026-08-27 23:50:00+00:00,none,none,0.0
AWS-IND-HP-001,2026-08-27 23:55:00+00:00,none,none,0.0
AWS-IND-HP-001,2026-08-28 00:00:00+00:00,none,none,0.0
AWS-IND-HP-001,2026-08-28 00:05:00+00:00,none,none,0.0
AWS-IND-HP-001,2026-08-28 00:10:00+00:00,none,none,0.0
AWS-IND-HP-001,2026-08-28 00:15:00+00:00,none,none,0.0
AWS-IND-HP-001,2026-08-28 00:20:00+00:00,none,none,0.0
AWS-IND-HP-001,2026-08-28 00:25:00+00:00,none,none,0.0
AWS-IND-HP-001,2026-08-28 00:30:00+00:00,none,none,0.0
AWS-IND-HP-001,2026-08-28 00:35:00+00:00,none,none,0.0
AWS-IND-HP-001,2026-08-28 00:40:00+00:00,none,none,0.0
AWS-IND-HP-001,2026-08-28 00:45:00+00:00,none,none,0.0
AWS-IND-HP-001,2026-08-28 00:50:00+00:00,none,none,0.0
AWS-IND-HP-001,2026-08-28 00:55:00+00:00,none,none,0.0
AWS-IND-HP-001,2026-08-28 01:00:00+00:00,none,none,0.0
AWS-IND-HP-001,2026-08-28 01:05:00+00:00,none,none,0.0
AWS-IND-HP-001,2026-08-28 01:10:00+00:00,none,none,0.0
AWS-IND-HP-001,2026-08-28 01:15:00+00:00,none,none,0.0
AWS-IND-HP-001,2026-08-28 01:20:00+00:00,none,none,0.0
AWS-IND-HP-001,2026-08-28 01:25:00+00:00,none,none,0.0
AWS-IND-HP-001,2026-08-28 01:30:00+00:00,none,none,0.0
AWS-IND-HP-001,2026-08-28 01:35:00+00:00,none,none,0.0
AWS-IND-HP-001,2026-08-28 01:40:00+00:00,none,none,0.0
AWS-IND-HP-001,2026-08-28 01:45:00+00:00,none,none,0.0
AWS-IND-HP-001,2026-08-28 01:50:00+00:00,none,none,0.0
AWS-IND-HP-001,2026-08-28 01:55:00+00:00,none,none,0.0
AWS-IND-HP-001,2026-08-28 02:00:00+00:00,none,none,0.0
AWS-IND-HP-001,2026-08-28 02:05:00+00:00,none,none,0.0
AWS-IND-HP-001,2026-08-28 02:10:00+00:00,none,none,0.0
AWS-IND-HP-001,2026-08-28 02:15:00+00:00,none,none,0.0
AWS-IND-HP-001,2026-08-28 02:20:00+00:00,none,none,0.0
AWS-IND-HP-001,2026-08-28 02:25:00+00:00,none,none,0.0
AWS-IND-HP-001,2026-08-28 02:30:00+00:00,none,none,0.0
AWS-IND-HP-001,2026-08-28 02:35:00+00:00,none,none,0.0
AWS-IND-HP-001,2026-08-28 02:40:00+00:00,none,none,0.0
AWS-IND-HP-001,2026-08-28 02:45:00+00:00,none,none,0.0
AWS-IND-HP-001,2026-08-28 02:50:00+00:00,none,none,0.0
AWS-IND-HP-001,2026-08-28 02:55:00+00:00,none,none,0.0
AWS-IND-HP-001,2026-08-28 03:00:00+00:00,none,none,0.0
AWS-IND-HP-001,2026-08-28 03:05:00+00:00,none,none,0.0
AWS-IND-HP-001,2026-08-28 03:10:00+00:00,none,none,0.0
AWS-IND-HP-001,2026-08-28 03:15:00+00:00,none,none,0.0
AWS-IND-HP-001,2026-08-28 03:20:00+00:00,none,none,0.0
AWS-IND-HP-001,2026-08-28 03:25:00+00:00,none,none,0.0
AWS-IND-HP-001,2026-08-28 03:30:00+00:00,none,none,0.0
AWS-IND-HP-001,2026-08-28 03:35:00+00:00,none,none,0.0
AWS-IND-HP-001,2026-08-28 03:40:00+00:00,none,none,0.0
AWS-IND-HP-001,2026-08-28 03:45:00+00:00,none,none,0.0
AWS-IND-HP-001,2026-08-28 03:50:00+00:00,none,none,0.0
AWS-IND-HP-001,2026-08-28 03:55:00+00:00,none,none,0.0
AWS-IND-HP-001,2026-08-28 04:00:00+00:00,none,none,0.0
AWS-IND-HP-001,2026-08-28 04:05:00+00:00,none,none,0.0
AWS-IND-HP-001,2026-08-28 04:10:00+00:00,none,none,0.0
AWS-IND-HP-001,2026-08-28 04:15:00+00:00,none,none,0.0
AWS-IND-HP-001,2026-08-28 04:20:00+00:00,none,none,0.0
AWS-IND-HP-001,2026-08-28 04:25:00+00:00,none,none,0.0
AWS-IND-HP-001,2026-08-28 04:30:00+00:00,none,none,0.0
AWS-IND-HP-001,2026-08-28 04:35:00+00:00,none,none,0.0
AWS-IND-HP-001,2026-08-28 04:40:00+00:00,none,none,0.0
AWS-IND-HP-001,2026-08-28 04:45:00+00:00,none,none,0.0
AWS-IND-HP-001,2026-08-28 04:50:00+00:00,none,none,0.0
AWS-IND-HP-001,2026-08-28 04:55:00+00:00,none,none,0.0
AWS-IND-HP-001,2026-08-28 05:00:00+00:00,none,none,0.0
AWS-IND-HP-001,2026-08-28 05:05:00+00:00,none,none,0.0
AWS-IND-HP-001,2026-08-28 05:10:00+00:00,none,none,0.0
AWS-IND-HP-001,2026-08-28 05:15:00+00:00,none,none,0.0
AWS-IND-HP-001,2026-08-28 05:20:00+00:00,none,none,0.0
AWS-IND-HP-001,2026-08-28 05:25:00+00:00,none,none,0.0
AWS-IND-HP-001,2026-08-28 05:30:00+00:00,none,none,0.0
AWS-IND-HP-001,2026-08-28 05:35:00+00:00,none,none,0.0
AWS-IND-HP-001,2026-08-28 05:40:00+00:00,none,none,0.0
AWS-IND-HP-001,2026-08-28 05:45:00+00:00,none,none,0.0
AWS-IND-HP-001,2026-08-28 05:50:00+00:00,none,none,0.0
AWS-IND-HP-001,2026-08-28 05:55:00+00:00,none,none,0.0
AWS-IND-HP-001,2026-08-28 06:00:00+00:00,none,none,0.0
AWS-IND-HP-001,2026-08-28 06:05:00+00:00,none,none,0.0
AWS-IND-HP-001,2026-08-28 06:10:00+00:00,none,none,0.0
AWS-IND-HP-001,2026-08-28 06:15:00+00:00,none,none,0.0
AWS-IND-HP-001,2026-08-28 06:20:00+00:00,none,none,0.0
AWS-IND-HP-001,2026-08-28 06:25:00+00:00,none,none,0.0
AWS-IND-HP-001,2026-08-28 06:30:00+00:00,none,none,0.0
AWS-IND-HP-001,2026-08-28 06:35:00+00:00,none,none,0.0
AWS-IND-HP-001,2026-08-28 06:40:00+00:00,none,none,0.0
AWS-IND-HP-001,2026-08-28 06:45:00+00:00,none,none,0.0
AWS-IND-HP-001,2026-08-28 06:50:00+00:00,none,none,0.0
AWS-IND-HP-001,2026-08-28 06:55:00+00:00,none,none,0.0
AWS-IND-HP-001,2026-08-28 07:00:00+00:00,none,none,0.0
AWS-IND-HP-001,2026-08-28 07:05:00+00:00,none,none,0.0
AWS-IND-HP-001,2026-08-28 07:10:00+00:00,none,none,0.0
AWS-IND-HP-001,2026-08-28 07:15:00+00:00,none,none,0.0
AWS-IND-HP-001,2026-08-28 07:20:00+00:00,none,none,0.0
AWS-IND-HP-001,2026-08-28 07:25:00+00:00,none,none,0.0
AWS-IND-HP-001,2026-08-28 07:30:00+00:00,none,none,0.0
AWS-IND-HP-001,2026-08-28 07:35:00+00:00,none,none,0.0
AWS-IND-HP-001,2026-08-28 07:40:00+00:00,none,none,0.0
AWS-IND-HP-001,2026-08-28 07:45:00+00:00,none,none,0.0
AWS-IND-HP-001,2026-08-28 07:50:00+00:00,none,none,0.0
AWS-IND-HP-001,2026-08-28 07:55:00+00:00,none,none,0.0
AWS-IND-HP-001,2026-08-28 08:00:00+00:00,none,none,0.0
AWS-IND-HP-001,2026-08-28 08:05:00+00:00,none,none,0.0
AWS-IND-HP-001,2026-08-28 08:10:00+00:00,none,none,0.0
AWS-IND-HP-001,2026-08-28 08:15:00+00:00,none,none,0.0
AWS-IND-HP-001,2026-08-28 08:20:00+00:00,none,none,0.0
AWS-IND-HP-001,2026-08-28 08:25:00+00:00,none,none,0.0
AWS-IND-HP-001,2026-08-28 08:30:00+00:00,none,none,0.0
AWS-IND-HP-001,2026-08-28 08:35:00+00:00,none,none,0.0
AWS-IND-HP-001,2026-08-28 08:40:00+00:00,none,none,0.0
AWS-IND-HP-001,2026-08-28 08:45:00+00:00,none,none,0.0
AWS-IND-HP-001,2026-08-28 08:50:00+00:00,none,none,0.0
AWS-IND-HP-001,2026-08-28 08:55:00+00:00,none,none,0.0
AWS-IND-HP-001,2026-08-28 09:00:00+00:00,none,none,0.0
AWS-IND-HP-001,2026-08-28 09:05:00+00:00,none,none,0.0
AWS-IND-HP-001,2026-08-28 09:10:00+00:00,none,none,0.0
AWS-IND-HP-001,2026-08-28 09:15:00+00:00,none,none,0.0
AWS-IND-HP-001,2026-08-28 09:20:00+00:00,none,none,0.0
AWS-IND-HP-001,2026-08-28 09:25:00+00:00,none,none,0.0
AWS-IND-HP-001,2026-08-28 09:30:00+00:00,none,none,0.0
AWS-IND-HP-001,2026-08-28 09:35:00+00:00,none,none,0.0
AWS-IND-HP-001,2026-08-28 09:40:00+00:00,none,none,0.0
AWS-IND-HP-001,2026-08-28 09:45:00+00:00,none,none,0.0
AWS-IND-HP-001,2026-08-28 09:50:00+00:00,none,none,0.0
AWS-IND-HP-001,2026-08-28 09:55:00+00:00,none,none,0.0
AWS-IND-HP-001,2026-08-28 10:00:00+00:00,none,none,0.0
AWS-IND-HP-001,2026-08-28 10:05:00+00:00,none,none,0.0
AWS-IND-HP-001,2026-08-28 10:10:00+00:00,none,none,0.0
AWS-IND-HP-001,2026-08-28 10:15:00+00:00,none,none,0.0
AWS-IND-HP-001,2026-08-28 10:20:00+00:00,none,none,0.0
AWS-IND-HP-001,2026-08-28 10:25:00+00:00,none,none,0.0
AWS-IND-HP-001,2026-08-28 10:30:00+00:00,none,none,0.0
AWS-IND-HP-001,2026-08-28 10:35:00+00:00,none,none,0.0
AWS-IND-HP-001,2026-08-28 10:40:00+00:00,none,none,0.0
AWS-IND-HP-001,2026-08-28 10:45:00+00:00,none,none,0.0
AWS-IND-HP-001,2026-08-28 10:50:00+00:00,none,none,0.0
AWS-IND-HP-001,2026-08-28 10:55:00+00:00,none,none,0.0
AWS-IND-HP-001,2026-08-28 11:00:00+00:00,none,none,0.0
AWS-IND-HP-001,2026-08-28 11:05:00+00:00,none,none,0.0
AWS-IND-HP-001,2026-08-28 11:10:00+00:00,none,none,0.0
AWS-IND-HP-001,2026-08-28 11:15:00+00:00,none,none,0.0
AWS-IND-HP-001,2026-08-28 11:20:00+00:00,none,none,0.0
AWS-IND-HP-001,2026-08-28 11:25:00+00:00,none,none,0.0
AWS-IND-HP-001,2026-08-28 11:30:00+00:00,none,none,0.0
AWS-IND-HP-001,2026-08-28 11:35:00+00:00,none,none,0.0
AWS-IND-HP-001,2026-08-28 11:40:00+00:00,none,none,0.0
AWS-IND-HP-001,2026-08-28 11:45:00+00:00,none,none,0.0
AWS-IND-HP-001,2026-08-28 11:50:00+00:00,none,none,0.0
AWS-IND-HP-001,2026-08-28 11:55:00+00:00,none,none,0.0
AWS-IND-HP-001,2026-08-28 12:00:00+00:00,none,none,0.0
AWS-IND-HP-001,2026-08-28 12:05:00+00:00,none,none,0.0
AWS-IND-HP-001,2026-08-28 12:10:00+00:00,none,none,0.0
AWS-IND-HP-001,2026-08-28 12:15:00+00:00,none,none,0.0
AWS-IND-HP-001,2026-08-28 12:20:00+00:00,none,none,0.0
AWS-IND-HP-001,2026-08-28 12:25:00+00:00,none,none,0.0
AWS-IND-HP-001,2026-08-28 12:30:00+00:00,none,none,0.0
AWS-IND-HP-001,2026-08-28 12:35:00+00:00,none,none,0.0
AWS-IND-HP-001,2026-08-28 12:40:00+00:00,none,none,0.0
AWS-IND-HP-001,2026-08-28 12:45:00+00:00,none,none,0.0
AWS-IND-HP-001,2026-08-28 12:50:00+00:00,none,none,0.0
AWS-IND-HP-001,2026-08-28 12:55:00+00:00,none,none,0.0
AWS-IND-HP-001,2026-08-28 13:00:00+00:00,none,none,0.0
AWS-IND-HP-001,2026-08-28 13:05:00+00:00,none,none,0.0
AWS-IND-HP-001,2026-08-28 13:10:00+00:00,none,none,0.0
AWS-IND-HP-001,2026-08-28 13:15:00+00:00,none,none,0.0
AWS-IND-HP-001,2026-08-28 13:20:00+00:00,none,none,0.0
AWS-IND-HP-001,2026-08-28 13:25:00+00:00,none,none,0.0
AWS-IND-HP-001,2026-08-28 13:30:00+00:00,none,none,0.0
AWS-IND-HP-001,2026-08-28 13:35:00+00:00,none,none,0.0
AWS-IND-HP-001,2026-08-28 13:40:00+00:00,none,none,0.0
AWS-IND-HP-001,2026-08-28 13:45:00+00:00,none,none,0.0
AWS-IND-HP-001,2026-08-28 13:50:00+00:00,none,none,0.0
AWS-IND-HP-001,2026-08-28 13:55:00+00:00,none,none,0.0
AWS-IND-HP-001,2026-08-28 14:00:00+00:00,none,none,0.0
AWS-IND-HP-001,2026-08-28 14:05:00+00:00,none,none,0.0
AWS-IND-HP-001,2026-08-28 14:10:00+00:00,none,none,0.0
AWS-IND-HP-001,2026-08-28 14:15:00+00:00,none,none,0.0
AWS-IND-HP-001,2026-08-28 14:20:00+00:00,none,none,0.0
AWS-IND-HP-001,2026-08-28 14:25:00+00:00,none,none,0.0
AWS-IND-HP-001,2026-08-28 14:30:00+00:00,none,none,0.0
AWS-IND-HP-001,2026-08-28 14:35:00+00:00,none,none,0.0
AWS-IND-HP-001,2026-08-28 14:40:00+00:00,none,none,0.0
AWS-IND-HP-001,2026-08-28 14:45:00+00:00,none,none,0.0
AWS-IND-HP-001,2026-08-28 14:50:00+00:00,none,none,0.0
AWS-IND-HP-001,2026-08-28 14:55:00+00:00,none,none,0.0
AWS-IND-HP-001,2026-08-28 15:00:00+00:00,none,none,0.0
AWS-IND-HP-001,2026-08-28 15:05:00+00:00,none,none,0.0
AWS-IND-HP-001,2026-08-28 15:10:00+00:00,none,none,0.0
AWS-IND-HP-001,2026-08-28 15:15:00+00:00,none,none,0.0
AWS-IND-HP-001,2026-08-28 15:20:00+00:00,none,none,0.0
AWS-IND-HP-001,2026-08-28 15:25:00+00:00,none,none,0.0
AWS-IND-HP-001,2026-08-28 15:30:00+00:00,none,none,0.0
AWS-IND-HP-001,2026-08-28 15:35:00+00:00,none,none,0.0
AWS-IND-HP-001,2026-08-28 15:40:00+00:00,none,none,0.0
AWS-IND-HP-001,2026-08-28 15:45:00+00:00,none,none,0.0
AWS-IND-HP-001,2026-08-28 15:50:00+00:00,none,none,0.0
AWS-IND-HP-001,2026-08-28 15:55:00+00:00,none,none,0.0
AWS-IND-HP-001,2026-08-28 16:00:00+00:00,none,none,0.0
AWS-IND-HP-001,2026-08-28 16:05:00+00:00,none,none,0.0
AWS-IND-HP-001,2026-08-28 16:10:00+00:00,none,none,0.0
AWS-IND-HP-001,2026-08-28 16:15:00+00:00,none,none,0.0
AWS-IND-HP-001,2026-08-28 16:20:00+00:00,none,none,0.0
AWS-IND-HP-001,2026-08-28 16:25:00+00:00,none,none,0.0
AWS-IND-HP-001,2026-08-28 16:30:00+00:00,none,none,0.0
AWS-IND-HP-001,2026-08-28 16:35:00+00:00,none,none,0.0
AWS-IND-HP-001,2026-08-28 16:40:00+00:00,none,none,0.0
AWS-IND-HP-001,2026-08-28 16:45:00+00:00,none,none,0.0
AWS-IND-HP-001,2026-08-28 16:50:00+00:00,none,none,0.0
AWS-IND-HP-001,2026-08-28 16:55:00+00:00,none,none,0.0
AWS-IND-HP-001,2026-08-28 17:00:00+00:00,none,none,0.0
AWS-IND-HP-001,2026-08-28 17:05:00+00:00,none,none,0.0
AWS-IND-HP-001,2026-08-28 17:10:00+00:00,none,none,0.0
AWS-IND-HP-001,2026-08-28 17:15:00+00:00,none,none,0.0
AWS-IND-HP-001,2026-08-28 17:20:00+00:00,none,none,0.0
AWS-IND-HP-001,2026-08-28 17:25:00+00:00,spike,humidity_pct,-29.973126678405713
AWS-IND-HP-001,2026-08-28 17:30:00+00:00,spike,humidity_pct,-29.973126678405713
AWS-IND-HP-001,2026-08-28 17:35:00+00:00,none,none,0.0
AWS-IND-HP-001,2026-08-28 17:40:00+00:00,none,none,0.0
AWS-IND-HP-001,2026-08-28 17:45:00+00:00,none,none,0.0
AWS-IND-HP-001,2026-08-28 17:50:00+00:00,none,none,0.0
AWS-IND-HP-001,2026-08-28 17:55:00+00:00,none,none,0.0
AWS-IND-HP-001,2026-08-28 18:00:00+00:00,none,none,0.0
AWS-IND-HP-001,2026-08-28 18:05:00+00:00,none,none,0.0
AWS-IND-HP-001,2026-08-28 18:10:00+00:00,none,none,0.0
AWS-IND-HP-001,2026-08-28 18:15:00+00:00,none,none,0.0
AWS-IND-HP-001,2026-08-28 18:20:00+00:00,none,none,0.0
AWS-IND-HP-001,2026-08-28 18:25:00+00:00,none,none,0.0
AWS-IND-HP-001,2026-08-28 18:30:00+00:00,none,none,0.0
AWS-IND-HP-001,2026-08-28 18:35:00+00:00,none,none,0.0
AWS-IND-HP-001,2026-08-28 18:40:00+00:00,spike,temperature_c,-7.354118306674168
AWS-IND-HP-001,2026-08-28 18:45:00+00:00,spike,temperature_c,-7.354118306674168
AWS-IND-HP-001,2026-08-28 18:50:00+00:00,none,none,0.0
AWS-IND-HP-001,2026-08-28 18:55:00+00:00,none,none,0.0
AWS-IND-HP-001,2026-08-28 19:00:00+00:00,none,none,0.0
AWS-IND-HP-001,2026-08-28 19:05:00+00:00,none,none,0.0
AWS-IND-HP-001,2026-08-28 19:10:00+00:00,none,none,0.0
AWS-IND-HP-001,2026-08-28 19:15:00+00:00,none,none,0.0
AWS-IND-HP-001,2026-08-28 19:20:00+00:00,none,none,0.0
AWS-IND-HP-001,2026-08-28 19:25:00+00:00,none,none,0.0
AWS-IND-HP-001,2026-08-28 19:30:00+00:00,none,none,0.0
AWS-IND-HP-001,2026-08-28 19:35:00+00:00,none,none,0.0
AWS-IND-HP-001,2026-08-28 19:40:00+00:00,none,none,0.0
AWS-IND-HP-001,2026-08-28 19:45:00+00:00,none,none,0.0
AWS-IND-HP-001,2026-08-28 19:50:00+00:00,none,none,0.0
AWS-IND-HP-001,2026-08-28 19:55:00+00:00,none,none,0.0
AWS-IND-HP-001,2026-08-28 20:00:00+00:00,none,none,0.0
AWS-IND-HP-001,2026-08-28 20:05:00+00:00,none,none,0.0
AWS-IND-HP-001,2026-08-28 20:10:00+00:00,none,none,0.0
AWS-IND-HP-001,2026-08-28 20:15:00+00:00,none,none,0.0
AWS-IND-HP-001,2026-08-28 20:20:00+00:00,none,none,0.0
AWS-IND-HP-001,2026-08-28 20:25:00+00:00,none,none,0.0
AWS-IND-HP-001,2026-08-28 20:30:00+00:00,none,none,0.0
AWS-IND-HP-001,2026-08-28 20:35:00+00:00,none,none,0.0
AWS-IND-HP-001,2026-08-28 20:40:00+00:00,none,none,0.0
AWS-IND-HP-001,2026-08-28 20:45:00+00:00,none,none,0.0
AWS-IND-HP-001,2026-08-28 20:50:00+00:00,none,none,0.0
AWS-IND-HP-001,2026-08-28 20:55:00+00:00,none,none,0.0
AWS-IND-HP-001,2026-08-28 21:00:00+00:00,none,none,0.0
AWS-IND-HP-001,2026-08-28 21:05:00+00:00,none,none,0.0
AWS-IND-HP-001,2026-08-28 21:10:00+00:00,none,none,0.0
AWS-IND-HP-001,2026-08-28 21:15:00+00:00,none,none,0.0
AWS-IND-HP-001,2026-08-28 21:20:00+00:00,none,none,0.0
AWS-IND-HP-001,2026-08-28 21:25:00+00:00,none,none,0.0
AWS-IND-HP-001,2026-08-28 21:30:00+00:00,none,none,0.0
AWS-IND-HP-001,2026-08-28 21:35:00+00:00,none,none,0.0
AWS-IND-HP-001,2026-08-28 21:40:00+00:00,none,none,0.0
AWS-IND-HP-001,2026-08-28 21:45:00+00:00,none,none,0.0
AWS-IND-HP-001,2026-08-28 21:50:00+00:00,none,none,0.0
AWS-IND-HP-001,2026-08-28 21:55:00+00:00,none,none,0.0
AWS-IND-HP-001,2026-08-28 22:00:00+00:00,none,none,0.0
AWS-IND-HP-001,2026-08-28 22:05:00+00:00,none,none,0.0
AWS-IND-HP-001,2026-08-28 22:10:00+00:00,none,none,0.0
AWS-IND-HP-001,2026-08-28 22:15:00+00:00,none,none,0.0
AWS-IND-HP-001,2026-08-28 22:20:00+00:00,none,none,0.0
AWS-IND-HP-001,2026-08-28 22:25:00+00:00,none,none,0.0
AWS-IND-HP-001,2026-08-28 22:30:00+00:00,none,none,0.0
AWS-IND-HP-001,2026-08-28 22:35:00+00:00,none,none,0.0
AWS-IND-HP-001,2026-08-28 22:40:00+00:00,none,none,0.0
AWS-IND-HP-001,2026-08-28 22:45:00+00:00,none,none,0.0
AWS-IND-HP-001,2026-08-28 22:50:00+00:00,none,none,0.0
AWS-IND-HP-001,2026-08-28 22:55:00+00:00,none,none,0.0
AWS-IND-HP-001,2026-08-28 23:00:00+00:00,none,none,0.0
AWS-IND-HP-001,2026-08-28 23:05:00+00:00,none,none,0.0
AWS-IND-HP-001,2026-08-28 23:10:00+00:00,none,none,0.0
AWS-IND-HP-001,2026-08-28 23:15:00+00:00,none,none,0.0
AWS-IND-HP-001,2026-08-28 23:20:00+00:00,none,none,0.0
AWS-IND-HP-001,2026-08-28 23:25:00+00:00,none,none,0.0
AWS-IND-HP-001,2026-08-28 23:30:00+00:00,none,none,0.0
AWS-IND-HP-001,2026-08-28 23:35:00+00:00,none,none,0.0
AWS-IND-HP-001,2026-08-28 23:40:00+00:00,none,none,0.0
AWS-IND-HP-001,2026-08-28 23:45:00+00:00,none,none,0.0
AWS-IND-HP-001,2026-08-28 23:50:00+00:00,none,none,0.0
AWS-IND-HP-001,2026-08-28 23:55:00+00:00,none,none,0.0
AWS-IND-HP-001,2026-08-29 00:00:00+00:00,none,none,0.0
AWS-IND-HP-001,2026-08-29 00:05:00+00:00,none,none,0.0
AWS-IND-HP-001,2026-08-29 00:10:00+00:00,none,none,0.0
AWS-IND-HP-001,2026-08-29 00:15:00+00:00,none,none,0.0
AWS-IND-HP-001,2026-08-29 00:20:00+00:00,none,none,0.0
AWS-IND-HP-001,2026-08-29 00:25:00+00:00,none,none,0.0
AWS-IND-HP-001,2026-08-29 00:30:00+00:00,none,none,0.0
AWS-IND-HP-001,2026-08-29 00:35:00+00:00,none,none,0.0
AWS-IND-HP-001,2026-08-29 00:40:00+00:00,none,none,0.0
AWS-IND-HP-001,2026-08-29 00:45:00+00:00,none,none,0.0
AWS-IND-HP-001,2026-08-29 00:50:00+00:00,none,none,0.0
AWS-IND-HP-001,2026-08-29 00:55:00+00:00,none,none,0.0
AWS-IND-HP-001,2026-08-29 01:00:00+00:00,none,none,0.0
AWS-IND-HP-001,2026-08-29 01:05:00+00:00,none,none,0.0
AWS-IND-HP-001,2026-08-29 01:10:00+00:00,none,none,0.0
AWS-IND-HP-001,2026-08-29 01:15:00+00:00,none,none,0.0
AWS-IND-HP-001,2026-08-29 01:20:00+00:00,none,none,0.0
AWS-IND-HP-001,2026-08-29 01:25:00+00:00,none,none,0.0
AWS-IND-HP-001,2026-08-29 01:30:00+00:00,none,none,0.0
AWS-IND-HP-001,2026-08-29 01:35:00+00:00,none,none,0.0
AWS-IND-HP-001,2026-08-29 01:40:00+00:00,none,none,0.0
AWS-IND-HP-001,2026-08-29 01:45:00+00:00,none,none,0.0
AWS-IND-HP-001,2026-08-29 01:50:00+00:00,none,none,0.0
AWS-IND-HP-001,2026-08-29 01:55:00+00:00,none,none,0.0
AWS-IND-HP-001,2026-08-29 02:00:00+00:00,none,none,0.0
AWS-IND-HP-001,2026-08-29 02:05:00+00:00,none,none,0.0
AWS-IND-HP-001,2026-08-29 02:10:00+00:00,none,none,0.0
AWS-IND-HP-001,2026-08-29 02:15:00+00:00,none,none,0.0
AWS-IND-HP-001,2026-08-29 02:20:00+00:00,none,none,0.0
AWS-IND-HP-001,2026-08-29 02:25:00+00:00,none,none,0.0
AWS-IND-HP-001,2026-08-29 02:30:00+00:00,none,none,0.0
AWS-IND-HP-001,2026-08-29 02:35:00+00:00,none,none,0.0
AWS-IND-HP-001,2026-08-29 02:40:00+00:00,none,none,0.0
AWS-IND-HP-001,2026-08-29 02:45:00+00:00,none,none,0.0
AWS-IND-HP-001,2026-08-29 02:50:00+00:00,none,none,0.0
AWS-IND-HP-001,2026-08-29 02:55:00+00:00,none,none,0.0
AWS-IND-HP-001,2026-08-29 03:00:00+00:00,none,none,0.0
AWS-IND-HP-001,2026-08-29 03:05:00+00:00,none,none,0.0
AWS-IND-HP-001,2026-08-29 03:10:00+00:00,none,none,0.0
AWS-IND-HP-001,2026-08-29 03:15:00+00:00,none,none,0.0
AWS-IND-HP-001,2026-08-29 03:20:00+00:00,none,none,0.0
AWS-IND-HP-001,2026-08-29 03:25:00+00:00,none,none,0.0
AWS-IND-HP-001,2026-08-29 03:30:00+00:00,none,none,0.0
AWS-IND-HP-001,2026-08-29 03:35:00+00:00,none,none,0.0
AWS-IND-HP-001,2026-08-29 03:40:00+00:00,none,none,0.0
AWS-IND-HP-001,2026-08-29 03:45:00+00:00,none,none,0.0
AWS-IND-HP-001,2026-08-29 03:50:00+00:00,none,none,0.0
AWS-IND-HP-001,2026-08-29 03:55:00+00:00,none,none,0.0
AWS-IND-HP-001,2026-08-29 04:00:00+00:00,none,none,0.0
AWS-IND-HP-001,2026-08-29 04:05:00+00:00,none,none,0.0
AWS-IND-HP-001,2026-08-29 04:10:00+00:00,none,none,0.0
AWS-IND-HP-001,2026-08-29 04:15:00+00:00,none,none,0.0
AWS-IND-HP-001,2026-08-29 04:20:00+00:00,none,none,0.0
AWS-IND-HP-001,2026-08-29 04:25:00+00:00,none,none,0.0
AWS-IND-HP-001,2026-08-29 04:30:00+00:00,none,none,0.0
AWS-IND-HP-001,2026-08-29 04:35:00+00:00,none,none,0.0
AWS-IND-HP-001,2026-08-29 04:40:00+00:00,none,none,0.0
AWS-IND-HP-001,2026-08-29 04:45:00+00:00,none,none,0.0
AWS-IND-HP-001,2026-08-29 04:50:00+00:00,none,none,0.0
AWS-IND-HP-001,2026-08-29 04:55:00+00:00,none,none,0.0
AWS-IND-HP-001,2026-08-29 05:00:00+00:00,none,none,0.0
AWS-IND-HP-001,2026-08-29 05:05:00+00:00,none,none,0.0
AWS-IND-HP-001,2026-08-29 05:10:00+00:00,none,none,0.0
AWS-IND-HP-001,2026-08-29 05:15:00+00:00,none,none,0.0
AWS-IND-HP-001,2026-08-29 05:20:00+00:00,none,none,0.0
AWS-IND-HP-001,2026-08-29 05:25:00+00:00,none,none,0.0
AWS-IND-HP-001,2026-08-29 05:30:00+00:00,none,none,0.0
AWS-IND-HP-001,2026-08-29 05:35:00+00:00,none,none,0.0
AWS-IND-HP-001,2026-08-29 05:40:00+00:00,none,none,0.0
AWS-IND-HP-001,2026-08-29 05:45:00+00:00,none,none,0.0
AWS-IND-HP-001,2026-08-29 05:50:00+00:00,none,none,0.0
AWS-IND-HP-001,2026-08-29 05:55:00+00:00,none,none,0.0
AWS-IND-HP-001,2026-08-29 06:00:00+00:00,none,none,0.0
AWS-IND-HP-001,2026-08-29 06:05:00+00:00,none,none,0.0
AWS-IND-HP-001,2026-08-29 06:10:00+00:00,none,none,0.0
AWS-IND-HP-001,2026-08-29 06:15:00+00:00,none,none,0.0
AWS-IND-HP-001,2026-08-29 06:20:00+00:00,none,none,0.0
AWS-IND-HP-001,2026-08-29 06:25:00+00:00,none,none,0.0
AWS-IND-HP-001,2026-08-29 06:30:00+00:00,none,none,0.0
AWS-IND-HP-001,2026-08-29 06:35:00+00:00,none,none,0.0
AWS-IND-HP-001,2026-08-29 06:40:00+00:00,none,none,0.0
AWS-IND-HP-001,2026-08-29 06:45:00+00:00,none,none,0.0
AWS-IND-HP-001,2026-08-29 06:50:00+00:00,none,none,0.0
AWS-IND-HP-001,2026-08-29 06:55:00+00:00,none,none,0.0
AWS-IND-HP-001,2026-08-29 07:00:00+00:00,none,none,0.0
AWS-IND-HP-001,2026-08-29 07:05:00+00:00,none,none,0.0
AWS-IND-HP-001,2026-08-29 07:10:00+00:00,none,none,0.0
AWS-IND-HP-001,2026-08-29 07:15:00+00:00,none,none,0.0
AWS-IND-HP-001,2026-08-29 07:20:00+00:00,none,none,0.0
AWS-IND-HP-001,2026-08-29 07:25:00+00:00,none,none,0.0
AWS-IND-HP-001,2026-08-29 07:30:00+00:00,none,none,0.0
AWS-IND-HP-001,2026-08-29 07:35:00+00:00,none,none,0.0
AWS-IND-HP-001,2026-08-29 07:40:00+00:00,none,none,0.0
AWS-IND-HP-001,2026-08-29 07:45:00+00:00,none,none,0.0
AWS-IND-HP-001,2026-08-29 07:50:00+00:00,none,none,0.0
AWS-IND-HP-001,2026-08-29 07:55:00+00:00,none,none,0.0
AWS-IND-HP-001,2026-08-29 08:00:00+00:00,none,none,0.0
AWS-IND-HP-001,2026-08-29 08:05:00+00:00,none,none,0.0
AWS-IND-HP-001,2026-08-29 08:10:00+00:00,none,none,0.0
AWS-IND-HP-001,2026-08-29 08:15:00+00:00,none,none,0.0
AWS-IND-HP-001,2026-08-29 08:20:00+00:00,none,none,0.0
AWS-IND-HP-001,2026-08-29 08:25:00+00:00,none,none,0.0
AWS-IND-HP-001,2026-08-29 08:30:00+00:00,none,none,0.0
AWS-IND-HP-001,2026-08-29 08:35:00+00:00,none,none,0.0
AWS-IND-HP-001,2026-08-29 08:40:00+00:00,none,none,0.0
AWS-IND-HP-001,2026-08-29 08:45:00+00:00,none,none,0.0
AWS-IND-HP-001,2026-08-29 08:50:00+00:00,none,none,0.0
AWS-IND-HP-001,2026-08-29 08:55:00+00:00,none,none,0.0
AWS-IND-HP-001,2026-08-29 09:00:00+00:00,none,none,0.0
AWS-IND-HP-001,2026-08-29 09:05:00+00:00,none,none,0.0
AWS-IND-HP-001,2026-08-29 09:10:00+00:00,none,none,0.0
AWS-IND-HP-001,2026-08-29 09:15:00+00:00,none,none,0.0
AWS-IND-HP-001,2026-08-29 09:20:00+00:00,none,none,0.0
AWS-IND-HP-001,2026-08-29 09:25:00+00:00,none,none,0.0
AWS-IND-HP-001,2026-08-29 09:30:00+00:00,none,none,0.0
AWS-IND-HP-001,2026-08-29 09:35:00+00:00,none,none,0.0
AWS-IND-HP-001,2026-08-29 09:40:00+00:00,none,none,0.0
AWS-IND-HP-001,2026-08-29 09:45:00+00:00,none,none,0.0
AWS-IND-HP-001,2026-08-29 09:50:00+00:00,none,none,0.0
AWS-IND-HP-001,2026-08-29 09:55:00+00:00,none,none,0.0
AWS-IND-HP-001,2026-08-29 10:00:00+00:00,none,none,0.0
AWS-IND-HP-001,2026-08-29 10:05:00+00:00,none,none,0.0
AWS-IND-HP-001,2026-08-29 10:10:00+00:00,none,none,0.0
AWS-IND-HP-001,2026-08-29 10:15:00+00:00,none,none,0.0
AWS-IND-HP-001,2026-08-29 10:20:00+00:00,none,none,0.0
AWS-IND-HP-001,2026-08-29 10:25:00+00:00,none,none,0.0
AWS-IND-HP-001,2026-08-29 10:30:00+00:00,none,none,0.0
AWS-IND-HP-001,2026-08-29 10:35:00+00:00,none,none,0.0
AWS-IND-HP-001,2026-08-29 10:40:00+00:00,none,none,0.0
AWS-IND-HP-001,2026-08-29 10:45:00+00:00,none,none,0.0
AWS-IND-HP-001,2026-08-29 10:50:00+00:00,none,none,0.0
AWS-IND-HP-001,2026-08-29 10:55:00+00:00,none,none,0.0
AWS-IND-HP-001,2026-08-29 11:00:00+00:00,none,none,0.0
AWS-IND-HP-001,2026-08-29 11:05:00+00:00,none,none,0.0
AWS-IND-HP-001,2026-08-29 11:10:00+00:00,none,none,0.0
AWS-IND-HP-001,2026-08-29 11:15:00+00:00,none,none,0.0
AWS-IND-HP-001,2026-08-29 11:20:00+00:00,cross_sensor,multiple,4.125651832212073
AWS-IND-HP-001,2026-08-29 11:25:00+00:00,cross_sensor,multiple,4.125651832212073
AWS-IND-HP-001,2026-08-29 11:30:00+00:00,cross_sensor,multiple,4.125651832212073
AWS-IND-HP-001,2026-08-29 11:35:00+00:00,cross_sensor,multiple,4.125651832212073
AWS-IND-HP-001,2026-08-29 11:40:00+00:00,cross_sensor,multiple,4.125651832212073
AWS-IND-HP-001,2026-08-29 11:45:00+00:00,cross_sensor,multiple,4.125651832212073
AWS-IND-HP-001,2026-08-29 11:50:00+00:00,cross_sensor,multiple,4.125651832212073
AWS-IND-HP-001,2026-08-29 11:55:00+00:00,cross_sensor,multiple,4.125651832212073
AWS-IND-HP-001,2026-08-29 12:00:00+00:00,cross_sensor,multiple,4.125651832212073
AWS-IND-HP-001,2026-08-29 12:05:00+00:00,cross_sensor,multiple,4.125651832212073
AWS-IND-HP-001,2026-08-29 12:10:00+00:00,cross_sensor,multiple,4.125651832212073
AWS-IND-HP-001,2026-08-29 12:15:00+00:00,cross_sensor,multiple,4.125651832212073
AWS-IND-HP-001,2026-08-29 12:20:00+00:00,cross_sensor,multiple,4.125651832212073
AWS-IND-HP-001,2026-08-29 12:25:00+00:00,cross_sensor,multiple,4.125651832212073
AWS-IND-HP-001,2026-08-29 12:30:00+00:00,cross_sensor,multiple,4.125651832212073
AWS-IND-HP-001,2026-08-29 12:35:00+00:00,cross_sensor,multiple,4.125651832212073
AWS-IND-HP-001,2026-08-29 12:40:00+00:00,cross_sensor,multiple,4.125651832212073
AWS-IND-HP-001,2026-08-29 12:45:00+00:00,cross_sensor,multiple,4.125651832212073
AWS-IND-HP-001,2026-08-29 12:50:00+00:00,cross_sensor,multiple,4.125651832212073
AWS-IND-HP-001,2026-08-29 12:55:00+00:00,cross_sensor,multiple,4.125651832212073
AWS-IND-HP-001,2026-08-29 13:00:00+00:00,cross_sensor,multiple,4.125651832212073
AWS-IND-HP-001,2026-08-29 13:05:00+00:00,cross_sensor,multiple,4.125651832212073
AWS-IND-HP-001,2026-08-29 13:10:00+00:00,cross_sensor,multiple,4.125651832212073
AWS-IND-HP-001,2026-08-29 13:15:00+00:00,cross_sensor,multiple,4.125651832212073
AWS-IND-HP-001,2026-08-29 13:20:00+00:00,cross_sensor,multiple,4.125651832212073
AWS-IND-HP-001,2026-08-29 13:25:00+00:00,cross_sensor,multiple,4.125651832212073
AWS-IND-HP-001,2026-08-29 13:30:00+00:00,cross_sensor,multiple,4.125651832212073
AWS-IND-HP-001,2026-08-29 13:35:00+00:00,cross_sensor,multiple,4.125651832212073
AWS-IND-HP-001,2026-08-29 13:40:00+00:00,none,none,0.0
AWS-IND-HP-001,2026-08-29 13:45:00+00:00,none,none,0.0
AWS-IND-HP-001,2026-08-29 13:50:00+00:00,none,none,0.0
AWS-IND-HP-001,2026-08-29 13:55:00+00:00,none,none,0.0
AWS-IND-HP-001,2026-08-29 14:00:00+00:00,none,none,0.0
AWS-IND-HP-001,2026-08-29 14:05:00+00:00,none,none,0.0
AWS-IND-HP-001,2026-08-29 14:10:00+00:00,none,none,0.0
AWS-IND-HP-001,2026-08-29 14:15:00+00:00,none,none,0.0
AWS-IND-HP-001,2026-08-29 14:20:00+00:00,none,none,0.0
AWS-IND-HP-001,2026-08-29 14:25:00+00:00,none,none,0.0
AWS-IND-HP-001,2026-08-29 14:30:00+00:00,none,none,0.0
AWS-IND-HP-001,2026-08-29 14:35:00+00:00,none,none,0.0
AWS-IND-HP-001,2026-08-29 14:40:00+00:00,none,none,0.0
AWS-IND-HP-001,2026-08-29 14:45:00+00:00,none,none,0.0
AWS-IND-HP-001,2026-08-29 14:50:00+00:00,none,none,0.0
AWS-IND-HP-001,2026-08-29 14:55:00+00:00,noise,pressure_hpa,5.352211805845708
AWS-IND-HP-001,2026-08-29 15:00:00+00:00,noise,pressure_hpa,5.352211805845708
AWS-IND-HP-001,2026-08-29 15:05:00+00:00,noise,pressure_hpa,5.352211805845708
AWS-IND-HP-001,2026-08-29 15:10:00+00:00,noise,pressure_hpa,5.352211805845708
AWS-IND-HP-001,2026-08-29 15:15:00+00:00,noise,pressure_hpa,5.352211805845708
AWS-IND-HP-001,2026-08-29 15:20:00+00:00,noise,pressure_hpa,5.352211805845708
AWS-IND-HP-001,2026-08-29 15:25:00+00:00,noise,pressure_hpa,5.352211805845708
AWS-IND-HP-001,2026-08-29 15:30:00+00:00,noise,pressure_hpa,5.352211805845708
AWS-IND-HP-001,2026-08-29 15:35:00+00:00,noise,pressure_hpa,5.352211805845708
AWS-IND-HP-001,2026-08-29 15:40:00+00:00,noise,pressure_hpa,5.352211805845708
AWS-IND-HP-001,2026-08-29 15:45:00+00:00,noise,pressure_hpa,5.352211805845708
AWS-IND-HP-001,2026-08-29 15:50:00+00:00,noise,pressure_hpa,5.352211805845708
AWS-IND-HP-001,2026-08-29 15:55:00+00:00,noise,pressure_hpa,5.352211805845708
AWS-IND-HP-001,2026-08-29 16:00:00+00:00,noise,pressure_hpa,5.352211805845708
AWS-IND-HP-001,2026-08-29 16:05:00+00:00,noise,pressure_hpa,5.352211805845708
AWS-IND-HP-001,2026-08-29 16:10:00+00:00,noise,pressure_hpa,5.352211805845708
AWS-IND-HP-001,2026-08-29 16:15:00+00:00,noise,pressure_hpa,5.352211805845708
AWS-IND-HP-001,2026-08-29 16:20:00+00:00,noise,pressure_hpa,5.352211805845708
AWS-IND-HP-001,2026-08-29 16:25:00+00:00,noise,pressure_hpa,5.352211805845708
AWS-IND-HP-001,2026-08-29 16:30:00+00:00,noise,pressure_hpa,5.352211805845708
AWS-IND-HP-001,2026-08-29 16:35:00+00:00,noise,pressure_hpa,5.352211805845708
AWS-IND-HP-001,2026-08-29 16:40:00+00:00,noise,pressure_hpa,5.352211805845708
AWS-IND-HP-001,2026-08-29 16:45:00+00:00,noise,pressure_hpa,5.352211805845708
AWS-IND-HP-001,2026-08-29 16:50:00+00:00,noise,pressure_hpa,5.352211805845708
AWS-IND-HP-001,2026-08-29 16:55:00+00:00,noise,pressure_hpa,5.352211805845708
AWS-IND-HP-001,2026-08-29 17:00:00+00:00,noise,pressure_hpa,5.352211805845708
AWS-IND-HP-001,2026-08-29 17:05:00+00:00,noise,pressure_hpa,5.352211805845708
AWS-IND-HP-001,2026-08-29 17:10:00+00:00,noise,pressure_hpa,5.352211805845708
AWS-IND-HP-001,2026-08-29 17:15:00+00:00,none,none,0.0
AWS-IND-HP-001,2026-08-29 17:20:00+00:00,none,none,0.0
AWS-IND-HP-001,2026-08-29 17:25:00+00:00,none,none,0.0
AWS-IND-HP-001,2026-08-29 17:30:00+00:00,none,none,0.0
AWS-IND-HP-001,2026-08-29 17:35:00+00:00,none,none,0.0
AWS-IND-HP-001,2026-08-29 17:40:00+00:00,none,none,0.0
AWS-IND-HP-001,2026-08-29 17:45:00+00:00,none,none,0.0
AWS-IND-HP-001,2026-08-29 17:50:00+00:00,none,none,0.0
AWS-IND-HP-001,2026-08-29 17:55:00+00:00,none,none,0.0
AWS-IND-HP-001,2026-08-29 18:00:00+00:00,none,none,0.0
AWS-IND-HP-001,2026-08-29 18:05:00+00:00,none,none,0.0
AWS-IND-HP-001,2026-08-29 18:10:00+00:00,none,none,0.0
AWS-IND-HP-001,2026-08-29 18:15:00+00:00,none,none,0.0
AWS-IND-HP-001,2026-08-29 18:20:00+00:00,none,none,0.0
AWS-IND-HP-001,2026-08-29 18:25:00+00:00,none,none,0.0
AWS-IND-HP-001,2026-08-29 18:30:00+00:00,none,none,0.0
AWS-IND-HP-001,2026-08-29 18:35:00+00:00,none,none,0.0
AWS-IND-HP-001,2026-08-29 18:40:00+00:00,none,none,0.0
AWS-IND-HP-001,2026-08-29 18:45:00+00:00,none,none,0.0
AWS-IND-HP-001,2026-08-29 18:50:00+00:00,none,none,0.0
AWS-IND-HP-001,2026-08-29 18:55:00+00:00,none,none,0.0
AWS-IND-HP-001,2026-08-29 19:00:00+00:00,none,none,0.0
AWS-IND-HP-001,2026-08-29 19:05:00+00:00,none,none,0.0
AWS-IND-HP-001,2026-08-29 19:10:00+00:00,none,none,0.0
AWS-IND-HP-001,2026-08-29 19:15:00+00:00,none,none,0.0
AWS-IND-HP-001,2026-08-29 19:20:00+00:00,none,none,0.0
AWS-IND-HP-001,2026-08-29 19:25:00+00:00,none,none,0.0
AWS-IND-HP-001,2026-08-29 19:30:00+00:00,none,none,0.0
AWS-IND-HP-001,2026-08-29 19:35:00+00:00,none,none,0.0
AWS-IND-HP-001,2026-08-29 19:40:00+00:00,none,none,0.0
AWS-IND-HP-001,2026-08-29 19:45:00+00:00,none,none,0.0
AWS-IND-HP-001,2026-08-29 19:50:00+00:00,none,none,0.0
AWS-IND-HP-001,2026-08-29 19:55:00+00:00,none,none,0.0
AWS-IND-HP-001,2026-08-29 20:00:00+00:00,none,none,0.0
AWS-IND-HP-001,2026-08-29 20:05:00+00:00,none,none,0.0
AWS-IND-HP-001,2026-08-29 20:10:00+00:00,none,none,0.0
AWS-IND-HP-001,2026-08-29 20:15:00+00:00,none,none,0.0
AWS-IND-HP-001,2026-08-29 20:20:00+00:00,none,none,0.0
AWS-IND-HP-001,2026-08-29 20:25:00+00:00,none,none,0.0
AWS-IND-HP-001,2026-08-29 20:30:00+00:00,none,none,0.0
AWS-IND-HP-001,2026-08-29 20:35:00+00:00,none,none,0.0
AWS-IND-HP-001,2026-08-29 20:40:00+00:00,none,none,0.0
AWS-IND-HP-001,2026-08-29 20:45:00+00:00,none,none,0.0
AWS-IND-HP-001,2026-08-29 20:50:00+00:00,none,none,0.0
AWS-IND-HP-001,2026-08-29 20:55:00+00:00,none,none,0.0
AWS-IND-HP-001,2026-08-29 21:00:00+00:00,none,none,0.0
AWS-IND-HP-001,2026-08-29 21:05:00+00:00,none,none,0.0
AWS-IND-HP-001,2026-08-29 21:10:00+00:00,none,none,0.0
AWS-IND-HP-001,2026-08-29 21:15:00+00:00,none,none,0.0
AWS-IND-HP-001,2026-08-29 21:20:00+00:00,none,none,0.0
AWS-IND-HP-001,2026-08-29 21:25:00+00:00,none,none,0.0
AWS-IND-HP-001,2026-08-29 21:30:00+00:00,none,none,0.0
AWS-IND-HP-001,2026-08-29 21:35:00+00:00,none,none,0.0
AWS-IND-HP-001,2026-08-29 21:40:00+00:00,none,none,0.0
AWS-IND-HP-001,2026-08-29 21:45:00+00:00,none,none,0.0
AWS-IND-HP-001,2026-08-29 21:50:00+00:00,none,none,0.0
AWS-IND-HP-001,2026-08-29 21:55:00+00:00,none,none,0.0
AWS-IND-HP-001,2026-08-29 22:00:00+00:00,none,none,0.0
AWS-IND-HP-001,2026-08-29 22:05:00+00:00,none,none,0.0
AWS-IND-HP-001,2026-08-29 22:10:00+00:00,spike,humidity_pct,-43.52733966016255
AWS-IND-HP-001,2026-08-29 22:15:00+00:00,none,none,0.0
AWS-IND-HP-001,2026-08-29 22:20:00+00:00,none,none,0.0
AWS-IND-HP-001,2026-08-29 22:25:00+00:00,none,none,0.0
AWS-IND-HP-001,2026-08-29 22:30:00+00:00,none,none,0.0
AWS-IND-HP-001,2026-08-29 22:35:00+00:00,none,none,0.0
AWS-IND-HP-001,2026-08-29 22:40:00+00:00,none,none,0.0
AWS-IND-HP-001,2026-08-29 22:45:00+00:00,none,none,0.0
AWS-IND-HP-001,2026-08-29 22:50:00+00:00,none,none,0.0
AWS-IND-HP-001,2026-08-29 22:55:00+00:00,none,none,0.0
AWS-IND-HP-001,2026-08-29 23:00:00+00:00,none,none,0.0
AWS-IND-HP-001,2026-08-29 23:05:00+00:00,none,none,0.0
AWS-IND-HP-001,2026-08-29 23:10:00+00:00,none,none,0.0
AWS-IND-HP-001,2026-08-29 23:15:00+00:00,none,none,0.0
AWS-IND-HP-001,2026-08-29 23:20:00+00:00,none,none,0.0
AWS-IND-HP-001,2026-08-29 23:25:00+00:00,none,none,0.0
AWS-IND-HP-001,2026-08-29 23:30:00+00:00,none,none,0.0
AWS-IND-HP-001,2026-08-29 23:35:00+00:00,none,none,0.0
AWS-IND-HP-001,2026-08-29 23:40:00+00:00,none,none,0.0
AWS-IND-HP-001,2026-08-29 23:45:00+00:00,none,none,0.0
AWS-IND-HP-001,2026-08-29 23:50:00+00:00,none,none,0.0
AWS-IND-HP-001,2026-08-29 23:55:00+00:00,none,none,0.0
AWS-IND-KA-001,2026-08-23 00:00:00+00:00,none,none,0.0
AWS-IND-KA-001,2026-08-23 00:05:00+00:00,none,none,0.0
AWS-IND-KA-001,2026-08-23 00:10:00+00:00,none,none,0.0
AWS-IND-KA-001,2026-08-23 00:15:00+00:00,none,none,0.0
AWS-IND-KA-001,2026-08-23 00:20:00+00:00,none,none,0.0
AWS-IND-KA-001,2026-08-23 00:25:00+00:00,none,none,0.0
AWS-IND-KA-001,2026-08-23 00:30:00+00:00,none,none,0.0
AWS-IND-KA-001,2026-08-23 00:35:00+00:00,none,none,0.0
AWS-IND-KA-001,2026-08-23 00:40:00+00:00,none,none,0.0
AWS-IND-KA-001,2026-08-23 00:45:00+00:00,none,none,0.0
AWS-IND-KA-001,2026-08-23 00:50:00+00:00,none,none,0.0
AWS-IND-KA-001,2026-08-23 00:55:00+00:00,none,none,0.0
AWS-IND-KA-001,2026-08-23 01:00:00+00:00,none,none,0.0
AWS-IND-KA-001,2026-08-23 01:05:00+00:00,none,none,0.0
AWS-IND-KA-001,2026-08-23 01:10:00+00:00,none,none,0.0
AWS-IND-KA-001,2026-08-23 01:15:00+00:00,none,none,0.0
AWS-IND-KA-001,2026-08-23 01:20:00+00:00,none,none,0.0
AWS-IND-KA-001,2026-08-23 01:25:00+00:00,none,none,0.0
AWS-IND-KA-001,2026-08-23 01:30:00+00:00,none,none,0.0
AWS-IND-KA-001,2026-08-23 01:35:00+00:00,none,none,0.0
AWS-IND-KA-001,2026-08-23 01:40:00+00:00,none,none,0.0
AWS-IND-KA-001,2026-08-23 01:45:00+00:00,none,none,0.0
AWS-IND-KA-001,2026-08-23 01:50:00+00:00,none,none,0.0
AWS-IND-KA-001,2026-08-23 01:55:00+00:00,none,none,0.0
AWS-IND-KA-001,2026-08-23 02:00:00+00:00,none,none,0.0
AWS-IND-KA-001,2026-08-23 02:05:00+00:00,none,none,0.0
AWS-IND-KA-001,2026-08-23 02:10:00+00:00,none,none,0.0
AWS-IND-KA-001,2026-08-23 02:15:00+00:00,none,none,0.0
AWS-IND-KA-001,2026-08-23 02:20:00+00:00,none,none,0.0
AWS-IND-KA-001,2026-08-23 02:25:00+00:00,none,none,0.0
AWS-IND-KA-001,2026-08-23 02:30:00+00:00,none,none,0.0
AWS-IND-KA-001,2026-08-23 02:35:00+00:00,none,none,0.0
AWS-IND-KA-001,2026-08-23 02:40:00+00:00,none,none,0.0
AWS-IND-KA-001,2026-08-23 02:45:00+00:00,none,none,0.0
AWS-IND-KA-001,2026-08-23 02:50:00+00:00,none,none,0.0
AWS-IND-KA-001,2026-08-23 02:55:00+00:00,none,none,0.0
AWS-IND-KA-001,2026-08-23 03:00:00+00:00,none,none,0.0
AWS-IND-KA-001,2026-08-23 03:05:00+00:00,none,none,0.0
AWS-IND-KA-001,2026-08-23 03:10:00+00:00,none,none,0.0
AWS-IND-KA-001,2026-08-23 03:15:00+00:00,none,none,0.0
AWS-IND-KA-001,2026-08-23 03:20:00+00:00,none,none,0.0
AWS-IND-KA-001,2026-08-23 03:25:00+00:00,none,none,0.0
AWS-IND-KA-001,2026-08-23 03:30:00+00:00,none,none,0.0
AWS-IND-KA-001,2026-08-23 03:35:00+00:00,none,none,0.0
AWS-IND-KA-001,2026-08-23 03:40:00+00:00,none,none,0.0
AWS-IND-KA-001,2026-08-23 03:45:00+00:00,none,none,0.0
AWS-IND-KA-001,2026-08-23 03:50:00+00:00,none,none,0.0
AWS-IND-KA-001,2026-08-23 03:55:00+00:00,none,none,0.0
AWS-IND-KA-001,2026-08-23 04:00:00+00:00,none,none,0.0
AWS-IND-KA-001,2026-08-23 04:05:00+00:00,none,none,0.0
AWS-IND-KA-001,2026-08-23 04:10:00+00:00,none,none,0.0
AWS-IND-KA-001,2026-08-23 04:15:00+00:00,none,none,0.0
AWS-IND-KA-001,2026-08-23 04:20:00+00:00,none,none,0.0
AWS-IND-KA-001,2026-08-23 04:25:00+00:00,none,none,0.0
AWS-IND-KA-001,2026-08-23 04:30:00+00:00,none,none,0.0
AWS-IND-KA-001,2026-08-23 04:35:00+00:00,none,none,0.0
AWS-IND-KA-001,2026-08-23 04:40:00+00:00,none,none,0.0
AWS-IND-KA-001,2026-08-23 04:45:00+00:00,none,none,0.0
AWS-IND-KA-001,2026-08-23 04:50:00+00:00,none,none,0.0
AWS-IND-KA-001,2026-08-23 04:55:00+00:00,none,none,0.0
AWS-IND-KA-001,2026-08-23 05:00:00+00:00,none,none,0.0
AWS-IND-KA-001,2026-08-23 05:05:00+00:00,none,none,0.0
AWS-IND-KA-001,2026-08-23 05:10:00+00:00,none,none,0.0
AWS-IND-KA-001,2026-08-23 05:15:00+00:00,none,none,0.0
AWS-IND-KA-001,2026-08-23 05:20:00+00:00,none,none,0.0
AWS-IND-KA-001,2026-08-23 05:25:00+00:00,none,none,0.0
AWS-IND-KA-001,2026-08-23 05:30:00+00:00,none,none,0.0
AWS-IND-KA-001,2026-08-23 05:35:00+00:00,none,none,0.0
AWS-IND-KA-001,2026-08-23 05:40:00+00:00,none,none,0.0
AWS-IND-KA-001,2026-08-23 05:45:00+00:00,none,none,0.0
AWS-IND-KA-001,2026-08-23 05:50:00+00:00,none,none,0.0
AWS-IND-KA-001,2026-08-23 05:55:00+00:00,none,none,0.0
AWS-IND-KA-001,2026-08-23 06:00:00+00:00,none,none,0.0
AWS-IND-KA-001,2026-08-23 06:05:00+00:00,none,none,0.0
AWS-IND-KA-001,2026-08-23 06:10:00+00:00,none,none,0.0
AWS-IND-KA-001,2026-08-23 06:15:00+00:00,none,none,0.0
AWS-IND-KA-001,2026-08-23 06:20:00+00:00,none,none,0.0
AWS-IND-KA-001,2026-08-23 06:25:00+00:00,none,none,0.0
AWS-IND-KA-001,2026-08-23 06:30:00+00:00,none,none,0.0
AWS-IND-KA-001,2026-08-23 06:35:00+00:00,none,none,0.0
AWS-IND-KA-001,2026-08-23 06:40:00+00:00,none,none,0.0
AWS-IND-KA-001,2026-08-23 06:45:00+00:00,none,none,0.0
AWS-IND-KA-001,2026-08-23 06:50:00+00:00,none,none,0.0
AWS-IND-KA-001,2026-08-23 06:55:00+00:00,none,none,0.0
AWS-IND-KA-001,2026-08-23 07:00:00+00:00,none,none,0.0
AWS-IND-KA-001,2026-08-23 07:05:00+00:00,none,none,0.0
AWS-IND-KA-001,2026-08-23 07:10:00+00:00,none,none,0.0
AWS-IND-KA-001,2026-08-23 07:15:00+00:00,none,none,0.0
AWS-IND-KA-001,2026-08-23 07:20:00+00:00,none,none,0.0
AWS-IND-KA-001,2026-08-23 07:25:00+00:00,none,none,0.0
AWS-IND-KA-001,2026-08-23 07:30:00+00:00,none,none,0.0
AWS-IND-KA-001,2026-08-23 07:35:00+00:00,none,none,0.0
AWS-IND-KA-001,2026-08-23 07:40:00+00:00,none,none,0.0
AWS-IND-KA-001,2026-08-23 07:45:00+00:00,none,none,0.0
AWS-IND-KA-001,2026-08-23 07:50:00+00:00,none,none,0.0
AWS-IND-KA-001,2026-08-23 07:55:00+00:00,none,none,0.0
AWS-IND-KA-001,2026-08-23 08:00:00+00:00,none,none,0.0
AWS-IND-KA-001,2026-08-23 08:05:00+00:00,none,none,0.0
AWS-IND-KA-001,2026-08-23 08:10:00+00:00,none,none,0.0
AWS-IND-KA-001,2026-08-23 08:15:00+00:00,none,none,0.0
AWS-IND-KA-001,2026-08-23 08:20:00+00:00,none,none,0.0
AWS-IND-KA-001,2026-08-23 08:25:00+00:00,none,none,0.0
AWS-IND-KA-001,2026-08-23 08:30:00+00:00,none,none,0.0
AWS-IND-KA-001,2026-08-23 08:35:00+00:00,none,none,0.0
AWS-IND-KA-001,2026-08-23 08:40:00+00:00,none,none,0.0
AWS-IND-KA-001,2026-08-23 08:45:00+00:00,none,none,0.0
AWS-IND-KA-001,2026-08-23 08:50:00+00:00,none,none,0.0
AWS-IND-KA-001,2026-08-23 08:55:00+00:00,none,none,0.0
AWS-IND-KA-001,2026-08-23 09:00:00+00:00,none,none,0.0
AWS-IND-KA-001,2026-08-23 09:05:00+00:00,none,none,0.0
AWS-IND-KA-001,2026-08-23 09:10:00+00:00,none,none,0.0
AWS-IND-KA-001,2026-08-23 09:15:00+00:00,none,none,0.0
AWS-IND-KA-001,2026-08-23 09:20:00+00:00,none,none,0.0
AWS-IND-KA-001,2026-08-23 09:25:00+00:00,none,none,0.0
AWS-IND-KA-001,2026-08-23 09:30:00+00:00,none,none,0.0
AWS-IND-KA-001,2026-08-23 09:35:00+00:00,none,none,0.0
AWS-IND-KA-001,2026-08-23 09:40:00+00:00,none,none,0.0
AWS-IND-KA-001,2026-08-23 09:45:00+00:00,none,none,0.0
AWS-IND-KA-001,2026-08-23 09:50:00+00:00,none,none,0.0
AWS-IND-KA-001,2026-08-23 09:55:00+00:00,none,none,0.0
AWS-IND-KA-001,2026-08-23 10:00:00+00:00,none,none,0.0
AWS-IND-KA-001,2026-08-23 10:05:00+00:00,none,none,0.0
AWS-IND-KA-001,2026-08-23 10:10:00+00:00,none,none,0.0
AWS-IND-KA-001,2026-08-23 10:15:00+00:00,none,none,0.0
AWS-IND-KA-001,2026-08-23 10:20:00+00:00,none,none,0.0
AWS-IND-KA-001,2026-08-23 10:25:00+00:00,none,none,0.0
AWS-IND-KA-001,2026-08-23 10:30:00+00:00,spike,humidity_pct,-42.02685090688243
AWS-IND-KA-001,2026-08-23 10:35:00+00:00,none,none,0.0
AWS-IND-KA-001,2026-08-23 10:40:00+00:00,none,none,0.0
AWS-IND-KA-001,2026-08-23 10:45:00+00:00,none,none,0.0
AWS-IND-KA-001,2026-08-23 10:50:00+00:00,none,none,0.0
AWS-IND-KA-001,2026-08-23 10:55:00+00:00,none,none,0.0
AWS-IND-KA-001,2026-08-23 11:00:00+00:00,none,none,0.0
AWS-IND-KA-001,2026-08-23 11:05:00+00:00,none,none,0.0
AWS-IND-KA-001,2026-08-23 11:10:00+00:00,none,none,0.0
AWS-IND-KA-001,2026-08-23 11:15:00+00:00,none,none,0.0
AWS-IND-KA-001,2026-08-23 11:20:00+00:00,none,none,0.0
AWS-IND-KA-001,2026-08-23 11:25:00+00:00,none,none,0.0
AWS-IND-KA-001,2026-08-23 11:30:00+00:00,none,none,0.0
AWS-IND-KA-001,2026-08-23 11:35:00+00:00,none,none,0.0
AWS-IND-KA-001,2026-08-23 11:40:00+00:00,none,none,0.0
AWS-IND-KA-001,2026-08-23 11:45:00+00:00,none,none,0.0
AWS-IND-KA-001,2026-08-23 11:50:00+00:00,none,none,0.0
AWS-IND-KA-001,2026-08-23 11:55:00+00:00,none,none,0.0
AWS-IND-KA-001,2026-08-23 12:00:00+00:00,none,none,0.0
AWS-IND-KA-001,2026-08-23 12:05:00+00:00,none,none,0.0
AWS-IND-KA-001,2026-08-23 12:10:00+00:00,none,none,0.0
AWS-IND-KA-001,2026-08-23 12:15:00+00:00,none,none,0.0
AWS-IND-KA-001,2026-08-23 12:20:00+00:00,none,none,0.0
AWS-IND-KA-001,2026-08-23 12:25:00+00:00,spike,temperature_c,-9.826428859227942
AWS-IND-KA-001,2026-08-23 12:30:00+00:00,spike,temperature_c,-9.826428859227942
AWS-IND-KA-001,2026-08-23 12:35:00+00:00,spike,temperature_c,-9.826428859227942
AWS-IND-KA-001,2026-08-23 12:40:00+00:00,none,none,0.0
AWS-IND-KA-001,2026-08-23 12:45:00+00:00,none,none,0.0
AWS-IND-KA-001,2026-08-23 12:50:00+00:00,none,none,0.0
AWS-IND-KA-001,2026-08-23 12:55:00+00:00,none,none,0.0
AWS-IND-KA-001,2026-08-23 13:00:00+00:00,none,none,0.0
AWS-IND-KA-001,2026-08-23 13:05:00+00:00,none,none,0.0
AWS-IND-KA-001,2026-08-23 13:10:00+00:00,none,none,0.0
AWS-IND-KA-001,2026-08-23 13:15:00+00:00,none,none,0.0
AWS-IND-KA-001,2026-08-23 13:20:00+00:00,none,none,0.0
AWS-IND-KA-001,2026-08-23 13:25:00+00:00,none,none,0.0
AWS-IND-KA-001,2026-08-23 13:30:00+00:00,none,none,0.0
AWS-IND-KA-001,2026-08-23 13:35:00+00:00,none,none,0.0
AWS-IND-KA-001,2026-08-23 13:40:00+00:00,none,none,0.0
AWS-IND-KA-001,2026-08-23 13:45:00+00:00,none,none,0.0
AWS-IND-KA-001,2026-08-23 13:50:00+00:00,none,none,0.0
AWS-IND-KA-001,2026-08-23 13:55:00+00:00,none,none,0.0
AWS-IND-KA-001,2026-08-23 14:00:00+00:00,none,none,0.0
AWS-IND-KA-001,2026-08-23 14:05:00+00:00,none,none,0.0
AWS-IND-KA-001,2026-08-23 14:10:00+00:00,none,none,0.0
AWS-IND-KA-001,2026-08-23 14:15:00+00:00,none,none,0.0
AWS-IND-KA-001,2026-08-23 14:20:00+00:00,none,none,0.0
AWS-IND-KA-001,2026-08-23 14:25:00+00:00,none,none,0.0
AWS-IND-KA-001,2026-08-23 14:30:00+00:00,none,none,0.0
AWS-IND-KA-001,2026-08-23 14:35:00+00:00,none,none,0.0
AWS-IND-KA-001,2026-08-23 14:40:00+00:00,none,none,0.0
AWS-IND-KA-001,2026-08-23 14:45:00+00:00,none,none,0.0
AWS-IND-KA-001,2026-08-23 14:50:00+00:00,none,none,0.0
AWS-IND-KA-001,2026-08-23 14:55:00+00:00,none,none,0.0
AWS-IND-KA-001,2026-08-23 15:00:00+00:00,none,none,0.0
AWS-IND-KA-001,2026-08-23 15:05:00+00:00,none,none,0.0
AWS-IND-KA-001,2026-08-23 15:10:00+00:00,none,none,0.0
AWS-IND-KA-001,2026-08-23 15:15:00+00:00,none,none,0.0
AWS-IND-KA-001,2026-08-23 15:20:00+00:00,none,none,0.0
AWS-IND-KA-001,2026-08-23 15:25:00+00:00,none,none,0.0
AWS-IND-KA-001,2026-08-23 15:30:00+00:00,none,none,0.0
AWS-IND-KA-001,2026-08-23 15:35:00+00:00,none,none,0.0
AWS-IND-KA-001,2026-08-23 15:40:00+00:00,none,none,0.0
AWS-IND-KA-001,2026-08-23 15:45:00+00:00,none,none,0.0
AWS-IND-KA-001,2026-08-23 15:50:00+00:00,none,none,0.0
AWS-IND-KA-001,2026-08-23 15:55:00+00:00,none,none,0.0
AWS-IND-KA-001,2026-08-23 16:00:00+00:00,none,none,0.0
AWS-IND-KA-001,2026-08-23 16:05:00+00:00,none,none,0.0
AWS-IND-KA-001,2026-08-23 16:10:00+00:00,none,none,0.0
AWS-IND-KA-001,2026-08-23 16:15:00+00:00,none,none,0.0
AWS-IND-KA-001,2026-08-23 16:20:00+00:00,none,none,0.0
AWS-IND-KA-001,2026-08-23 16:25:00+00:00,none,none,0.0
AWS-IND-KA-001,2026-08-23 16:30:00+00:00,none,none,0.0
AWS-IND-KA-001,2026-08-23 16:35:00+00:00,none,none,0.0
AWS-IND-KA-001,2026-08-23 16:40:00+00:00,none,none,0.0
AWS-IND-KA-001,2026-08-23 16:45:00+00:00,none,none,0.0
AWS-IND-KA-001,2026-08-23 16:50:00+00:00,none,none,0.0
AWS-IND-KA-001,2026-08-23 16:55:00+00:00,none,none,0.0
AWS-IND-KA-001,2026-08-23 17:00:00+00:00,none,none,0.0
AWS-IND-KA-001,2026-08-23 17:05:00+00:00,none,none,0.0
AWS-IND-KA-001,2026-08-23 17:10:00+00:00,none,none,0.0
AWS-IND-KA-001,2026-08-23 17:15:00+00:00,none,none,0.0
AWS-IND-KA-001,2026-08-23 17:20:00+00:00,none,none,0.0
AWS-IND-KA-001,2026-08-23 17:25:00+00:00,none,none,0.0
AWS-IND-KA-001,2026-08-23 17:30:00+00:00,none,none,0.0
AWS-IND-KA-001,2026-08-23 17:35:00+00:00,none,none,0.0
AWS-IND-KA-001,2026-08-23 17:40:00+00:00,none,none,0.0
AWS-IND-KA-001,2026-08-23 17:45:00+00:00,none,none,0.0
AWS-IND-KA-001,2026-08-23 17:50:00+00:00,none,none,0.0
AWS-IND-KA-001,2026-08-23 17:55:00+00:00,none,none,0.0
AWS-IND-KA-001,2026-08-23 18:00:00+00:00,none,none,0.0
AWS-IND-KA-001,2026-08-23 18:05:00+00:00,none,none,0.0
AWS-IND-KA-001,2026-08-23 18:10:00+00:00,none,none,0.0
AWS-IND-KA-001,2026-08-23 18:15:00+00:00,none,none,0.0
AWS-IND-KA-001,2026-08-23 18:20:00+00:00,none,none,0.0
AWS-IND-KA-001,2026-08-23 18:25:00+00:00,none,none,0.0
AWS-IND-KA-001,2026-08-23 18:30:00+00:00,none,none,0.0
AWS-IND-KA-001,2026-08-23 18:35:00+00:00,none,none,0.0
AWS-IND-KA-001,2026-08-23 18:40:00+00:00,none,none,0.0
AWS-IND-KA-001,2026-08-23 18:45:00+00:00,none,none,0.0
AWS-IND-KA-001,2026-08-23 18:50:00+00:00,none,none,0.0
AWS-IND-KA-001,2026-08-23 18:55:00+00:00,none,none,0.0
AWS-IND-KA-001,2026-08-23 19:00:00+00:00,none,none,0.0
AWS-IND-KA-001,2026-08-23 19:05:00+00:00,none,none,0.0
AWS-IND-KA-001,2026-08-23 19:10:00+00:00,none,none,0.0
AWS-IND-KA-001,2026-08-23 19:15:00+00:00,none,none,0.0
AWS-IND-KA-001,2026-08-23 19:20:00+00:00,none,none,0.0
AWS-IND-KA-001,2026-08-23 19:25:00+00:00,none,none,0.0
AWS-IND-KA-001,2026-08-23 19:30:00+00:00,none,none,0.0
AWS-IND-KA-001,2026-08-23 19:35:00+00:00,none,none,0.0
AWS-IND-KA-001,2026-08-23 19:40:00+00:00,none,none,0.0
AWS-IND-KA-001,2026-08-23 19:45:00+00:00,none,none,0.0
AWS-IND-KA-001,2026-08-23 19:50:00+00:00,none,none,0.0
AWS-IND-KA-001,2026-08-23 19:55:00+00:00,none,none,0.0
AWS-IND-KA-001,2026-08-23 20:00:00+00:00,none,none,0.0
AWS-IND-KA-001,2026-08-23 20:05:00+00:00,none,none,0.0
AWS-IND-KA-001,2026-08-23 20:10:00+00:00,none,none,0.0
AWS-IND-KA-001,2026-08-23 20:15:00+00:00,none,none,0.0
AWS-IND-KA-001,2026-08-23 20:20:00+00:00,none,none,0.0
AWS-IND-KA-001,2026-08-23 20:25:00+00:00,none,none,0.0
AWS-IND-KA-001,2026-08-23 20:30:00+00:00,none,none,0.0
AWS-IND-KA-001,2026-08-23 20:35:00+00:00,none,none,0.0
AWS-IND-KA-001,2026-08-23 20:40:00+00:00,none,none,0.0
AWS-IND-KA-001,2026-08-23 20:45:00+00:00,none,none,0.0
AWS-IND-KA-001,2026-08-23 20:50:00+00:00,none,none,0.0
AWS-IND-KA-001,2026-08-23 20:55:00+00:00,none,none,0.0
AWS-IND-KA-001,2026-08-23 21:00:00+00:00,none,none,0.0
AWS-IND-KA-001,2026-08-23 21:05:00+00:00,none,none,0.0
AWS-IND-KA-001,2026-08-23 21:10:00+00:00,none,none,0.0
AWS-IND-KA-001,2026-08-23 21:15:00+00:00,none,none,0.0
AWS-IND-KA-001,2026-08-23 21:20:00+00:00,none,none,0.0
AWS-IND-KA-001,2026-08-23 21:25:00+00:00,none,none,0.0
AWS-IND-KA-001,2026-08-23 21:30:00+00:00,none,none,0.0
AWS-IND-KA-001,2026-08-23 21:35:00+00:00,none,none,0.0
AWS-IND-KA-001,2026-08-23 21:40:00+00:00,none,none,0.0
AWS-IND-KA-001,2026-08-23 21:45:00+00:00,none,none,0.0
AWS-IND-KA-001,2026-08-23 21:50:00+00:00,none,none,0.0
AWS-IND-KA-001,2026-08-23 21:55:00+00:00,none,none,0.0
AWS-IND-KA-001,2026-08-23 22:00:00+00:00,none,none,0.0
AWS-IND-KA-001,2026-08-23 22:05:00+00:00,none,none,0.0
AWS-IND-KA-001,2026-08-23 22:10:00+00:00,none,none,0.0
AWS-IND-KA-001,2026-08-23 22:15:00+00:00,none,none,0.0
AWS-IND-KA-001,2026-08-23 22:20:00+00:00,none,none,0.0
AWS-IND-KA-001,2026-08-23 22:25:00+00:00,none,none,0.0
AWS-IND-KA-001,2026-08-23 22:30:00+00:00,none,none,0.0
AWS-IND-KA-001,2026-08-23 22:35:00+00:00,none,none,0.0
AWS-IND-KA-001,2026-08-23 22:40:00+00:00,none,none,0.0
AWS-IND-KA-001,2026-08-23 22:45:00+00:00,none,none,0.0
AWS-IND-KA-001,2026-08-23 22:50:00+00:00,none,none,0.0
AWS-IND-KA-001,2026-08-23 22:55:00+00:00,none,none,0.0
AWS-IND-KA-001,2026-08-23 23:00:00+00:00,none,none,0.0
AWS-IND-KA-001,2026-08-23 23:05:00+00:00,none,none,0.0
AWS-IND-KA-001,2026-08-23 23:10:00+00:00,none,none,0.0
AWS-IND-KA-001,2026-08-23 23:15:00+00:00,none,none,0.0
AWS-IND-KA-001,2026-08-23 23:20:00+00:00,none,none,0.0
AWS-IND-KA-001,2026-08-23 23:25:00+00:00,none,none,0.0
AWS-IND-KA-001,2026-08-23 23:30:00+00:00,none,none,0.0
AWS-IND-KA-001,2026-08-23 23:35:00+00:00,none,none,0.0
AWS-IND-KA-001,2026-08-23 23:40:00+00:00,none,none,0.0
AWS-IND-KA-001,2026-08-23 23:45:00+00:00,none,none,0.0
AWS-IND-KA-001,2026-08-23 23:50:00+00:00,none,none,0.0
AWS-IND-KA-001,2026-08-23 23:55:00+00:00,none,none,0.0
AWS-IND-KA-001,2026-08-24 00:00:00+00:00,none,none,0.0
AWS-IND-KA-001,2026-08-24 00:05:00+00:00,none,none,0.0
AWS-IND-KA-001,2026-08-24 00:10:00+00:00,none,none,0.0
AWS-IND-KA-001,2026-08-24 00:15:00+00:00,none,none,0.0
AWS-IND-KA-001,2026-08-24 00:20:00+00:00,none,none,0.0
AWS-IND-KA-001,2026-08-24 00:25:00+00:00,none,none,0.0
AWS-IND-KA-001,2026-08-24 00:30:00+00:00,none,none,0.0
AWS-IND-KA-001,2026-08-24 00:35:00+00:00,none,none,0.0
AWS-IND-KA-001,2026-08-24 00:40:00+00:00,none,none,0.0
AWS-IND-KA-001,2026-08-24 00:45:00+00:00,none,none,0.0
AWS-IND-KA-001,2026-08-24 00:50:00+00:00,none,none,0.0
AWS-IND-KA-001,2026-08-24 00:55:00+00:00,none,none,0.0
AWS-IND-KA-001,2026-08-24 01:00:00+00:00,none,none,0.0
AWS-IND-KA-001,2026-08-24 01:05:00+00:00,none,none,0.0
AWS-IND-KA-001,2026-08-24 01:10:00+00:00,none,none,0.0
AWS-IND-KA-001,2026-08-24 01:15:00+00:00,none,none,0.0
AWS-IND-KA-001,2026-08-24 01:20:00+00:00,none,none,0.0
AWS-IND-KA-001,2026-08-24 01:25:00+00:00,none,none,0.0
AWS-IND-KA-001,2026-08-24 01:30:00+00:00,none,none,0.0
AWS-IND-KA-001,2026-08-24 01:35:00+00:00,none,none,0.0
AWS-IND-KA-001,2026-08-24 01:40:00+00:00,none,none,0.0
AWS-IND-KA-001,2026-08-24 01:45:00+00:00,none,none,0.0
AWS-IND-KA-001,2026-08-24 01:50:00+00:00,none,none,0.0
AWS-IND-KA-001,2026-08-24 01:55:00+00:00,none,none,0.0
AWS-IND-KA-001,2026-08-24 02:00:00+00:00,none,none,0.0
AWS-IND-KA-001,2026-08-24 02:05:00+00:00,none,none,0.0
AWS-IND-KA-001,2026-08-24 02:10:00+00:00,none,none,0.0
AWS-IND-KA-001,2026-08-24 02:15:00+00:00,none,none,0.0
AWS-IND-KA-001,2026-08-24 02:20:00+00:00,none,none,0.0
AWS-IND-KA-001,2026-08-24 02:25:00+00:00,none,none,0.0
AWS-IND-KA-001,2026-08-24 02:30:00+00:00,none,none,0.0
AWS-IND-KA-001,2026-08-24 02:35:00+00:00,none,none,0.0
AWS-IND-KA-001,2026-08-24 02:40:00+00:00,none,none,0.0
AWS-IND-KA-001,2026-08-24 02:45:00+00:00,none,none,0.0
AWS-IND-KA-001,2026-08-24 02:50:00+00:00,none,none,0.0
AWS-IND-KA-001,2026-08-24 02:55:00+00:00,none,none,0.0
AWS-IND-KA-001,2026-08-24 03:00:00+00:00,none,none,0.0
AWS-IND-KA-001,2026-08-24 03:05:00+00:00,none,none,0.0
AWS-IND-KA-001,2026-08-24 03:10:00+00:00,none,none,0.0
AWS-IND-KA-001,2026-08-24 03:15:00+00:00,none,none,0.0
AWS-IND-KA-001,2026-08-24 03:20:00+00:00,none,none,0.0
AWS-IND-KA-001,2026-08-24 03:25:00+00:00,none,none,0.0
AWS-IND-KA-001,2026-08-24 03:30:00+00:00,none,none,0.0
AWS-IND-KA-001,2026-08-24 03:35:00+00:00,none,none,0.0
AWS-IND-KA-001,2026-08-24 03:40:00+00:00,none,none,0.0
AWS-IND-KA-001,2026-08-24 03:45:00+00:00,none,none,0.0
AWS-IND-KA-001,2026-08-24 03:50:00+00:00,none,none,0.0
AWS-IND-KA-001,2026-08-24 03:55:00+00:00,none,none,0.0
AWS-IND-KA-001,2026-08-24 04:00:00+00:00,none,none,0.0
AWS-IND-KA-001,2026-08-24 04:05:00+00:00,none,none,0.0
AWS-IND-KA-001,2026-08-24 04:10:00+00:00,none,none,0.0
AWS-IND-KA-001,2026-08-24 04:15:00+00:00,none,none,0.0
AWS-IND-KA-001,2026-08-24 04:20:00+00:00,none,none,0.0
AWS-IND-KA-001,2026-08-24 04:25:00+00:00,none,none,0.0
AWS-IND-KA-001,2026-08-24 04:30:00+00:00,none,none,0.0
AWS-IND-KA-001,2026-08-24 04:35:00+00:00,none,none,0.0
AWS-IND-KA-001,2026-08-24 04:40:00+00:00,none,none,0.0
AWS-IND-KA-001,2026-08-24 04:45:00+00:00,none,none,0.0
AWS-IND-KA-001,2026-08-24 04:50:00+00:00,none,none,0.0
AWS-IND-KA-001,2026-08-24 04:55:00+00:00,none,none,0.0
AWS-IND-KA-001,2026-08-24 05:00:00+00:00,none,none,0.0
AWS-IND-KA-001,2026-08-24 05:05:00+00:00,none,none,0.0
AWS-IND-KA-001,2026-08-24 05:10:00+00:00,none,none,0.0
AWS-IND-KA-001,2026-08-24 05:15:00+00:00,none,none,0.0
AWS-IND-KA-001,2026-08-24 05:20:00+00:00,none,none,0.0
AWS-IND-KA-001,2026-08-24 05:25:00+00:00,none,none,0.0
AWS-IND-KA-001,2026-08-24 05:30:00+00:00,none,none,0.0
AWS-IND-KA-001,2026-08-24 05:35:00+00:00,none,none,0.0
AWS-IND-KA-001,2026-08-24 05:40:00+00:00,none,none,0.0
AWS-IND-KA-001,2026-08-24 05:45:00+00:00,none,none,0.0
AWS-IND-KA-001,2026-08-24 05:50:00+00:00,none,none,0.0
AWS-IND-KA-001,2026-08-24 05:55:00+00:00,none,none,0.0
AWS-IND-KA-001,2026-08-24 06:00:00+00:00,none,none,0.0
AWS-IND-KA-001,2026-08-24 06:05:00+00:00,none,none,0.0
AWS-IND-KA-001,2026-08-24 06:10:00+00:00,none,none,0.0
AWS-IND-KA-001,2026-08-24 06:15:00+00:00,none,none,0.0
AWS-IND-KA-001,2026-08-24 06:20:00+00:00,none,none,0.0
AWS-IND-KA-001,2026-08-24 06:25:00+00:00,none,none,0.0
AWS-IND-KA-001,2026-08-24 06:30:00+00:00,none,none,0.0
AWS-IND-KA-001,2026-08-24 06:35:00+00:00,none,none,0.0
AWS-IND-KA-001,2026-08-24 06:40:00+00:00,none,none,0.0
AWS-IND-KA-001,2026-08-24 06:45:00+00:00,none,none,0.0
AWS-IND-KA-001,2026-08-24 06:50:00+00:00,none,none,0.0
AWS-IND-KA-001,2026-08-24 06:55:00+00:00,none,none,0.0
AWS-IND-KA-001,2026-08-24 07:00:00+00:00,none,none,0.0
AWS-IND-KA-001,2026-08-24 07:05:00+00:00,none,none,0.0
AWS-IND-KA-001,2026-08-24 07:10:00+00:00,none,none,0.0
AWS-IND-KA-001,2026-08-24 07:15:00+00:00,none,none,0.0
AWS-IND-KA-001,2026-08-24 07:20:00+00:00,none,none,0.0
AWS-IND-KA-001,2026-08-24 07:25:00+00:00,none,none,0.0
AWS-IND-KA-001,2026-08-24 07:30:00+00:00,none,none,0.0
AWS-IND-KA-001,2026-08-24 07:35:00+00:00,none,none,0.0
AWS-IND-KA-001,2026-08-24 07:40:00+00:00,none,none,0.0
AWS-IND-KA-001,2026-08-24 07:45:00+00:00,none,none,0.0
AWS-IND-KA-001,2026-08-24 07:50:00+00:00,none,none,0.0
AWS-IND-KA-001,2026-08-24 07:55:00+00:00,none,none,0.0
AWS-IND-KA-001,2026-08-24 08:00:00+00:00,none,none,0.0
AWS-IND-KA-001,2026-08-24 08:05:00+00:00,none,none,0.0
AWS-IND-KA-001,2026-08-24 08:10:00+00:00,none,none,0.0
AWS-IND-KA-001,2026-08-24 08:15:00+00:00,none,none,0.0
AWS-IND-KA-001,2026-08-24 08:20:00+00:00,none,none,0.0
AWS-IND-KA-001,2026-08-24 08:25:00+00:00,none,none,0.0
AWS-IND-KA-001,2026-08-24 08:30:00+00:00,none,none,0.0
AWS-IND-KA-001,2026-08-24 08:35:00+00:00,none,none,0.0
AWS-IND-KA-001,2026-08-24 08:40:00+00:00,none,none,0.0
AWS-IND-KA-001,2026-08-24 08:45:00+00:00,none,none,0.0
AWS-IND-KA-001,2026-08-24 08:50:00+00:00,none,none,0.0
AWS-IND-KA-001,2026-08-24 08:55:00+00:00,none,none,0.0
AWS-IND-KA-001,2026-08-24 09:00:00+00:00,none,none,0.0
AWS-IND-KA-001,2026-08-24 09:05:00+00:00,none,none,0.0
AWS-IND-KA-001,2026-08-24 09:10:00+00:00,none,none,0.0
AWS-IND-KA-001,2026-08-24 09:15:00+00:00,none,none,0.0
AWS-IND-KA-001,2026-08-24 09:20:00+00:00,none,none,0.0
AWS-IND-KA-001,2026-08-24 09:25:00+00:00,none,none,0.0
AWS-IND-KA-001,2026-08-24 09:30:00+00:00,none,none,0.0
AWS-IND-KA-001,2026-08-24 09:35:00+00:00,none,none,0.0
AWS-IND-KA-001,2026-08-24 09:40:00+00:00,none,none,0.0
AWS-IND-KA-001,2026-08-24 09:45:00+00:00,none,none,0.0
AWS-IND-KA-001,2026-08-24 09:50:00+00:00,none,none,0.0
AWS-IND-KA-001,2026-08-24 09:55:00+00:00,none,none,0.0
AWS-IND-KA-001,2026-08-24 10:00:00+00:00,none,none,0.0
AWS-IND-KA-001,2026-08-24 10:05:00+00:00,none,none,0.0
AWS-IND-KA-001,2026-08-24 10:10:00+00:00,none,none,0.0
AWS-IND-KA-001,2026-08-24 10:15:00+00:00,none,none,0.0
AWS-IND-KA-001,2026-08-24 10:20:00+00:00,none,none,0.0
AWS-IND-KA-001,2026-08-24 10:25:00+00:00,none,none,0.0
AWS-IND-KA-001,2026-08-24 10:30:00+00:00,none,none,0.0
AWS-IND-KA-001,2026-08-24 10:35:00+00:00,none,none,0.0
AWS-IND-KA-001,2026-08-24 10:40:00+00:00,none,none,0.0
AWS-IND-KA-001,2026-08-24 10:45:00+00:00,none,none,0.0
AWS-IND-KA-001,2026-08-24 10:50:00+00:00,none,none,0.0
AWS-IND-KA-001,2026-08-24 10:55:00+00:00,none,none,0.0
AWS-IND-KA-001,2026-08-24 11:00:00+00:00,none,none,0.0
AWS-IND-KA-001,2026-08-24 11:05:00+00:00,none,none,0.0
AWS-IND-KA-001,2026-08-24 11:10:00+00:00,none,none,0.0
AWS-IND-KA-001,2026-08-24 11:15:00+00:00,none,none,0.0
AWS-IND-KA-001,2026-08-24 11:20:00+00:00,none,none,0.0
AWS-IND-KA-001,2026-08-24 11:25:00+00:00,none,none,0.0
AWS-IND-KA-001,2026-08-24 11:30:00+00:00,none,none,0.0
AWS-IND-KA-001,2026-08-24 11:35:00+00:00,none,none,0.0
AWS-IND-KA-001,2026-08-24 11:40:00+00:00,none,none,0.0
AWS-IND-KA-001,2026-08-24 11:45:00+00:00,none,none,0.0
AWS-IND-KA-001,2026-08-24 11:50:00+00:00,none,none,0.0
AWS-IND-KA-001,2026-08-24 11:55:00+00:00,none,none,0.0
AWS-IND-KA-001,2026-08-24 12:00:00+00:00,none,none,0.0
AWS-IND-KA-001,2026-08-24 12:05:00+00:00,none,none,0.0
AWS-IND-KA-001,2026-08-24 12:10:00+00:00,none,none,0.0
AWS-IND-KA-001,2026-08-24 12:15:00+00:00,none,none,0.0
AWS-IND-KA-001,2026-08-24 12:20:00+00:00,none,none,0.0
AWS-IND-KA-001,2026-08-24 12:25:00+00:00,none,none,0.0
AWS-IND-KA-001,2026-08-24 12:30:00+00:00,none,none,0.0
AWS-IND-KA-001,2026-08-24 12:35:00+00:00,none,none,0.0
AWS-IND-KA-001,2026-08-24 12:40:00+00:00,none,none,0.0
AWS-IND-KA-001,2026-08-24 12:45:00+00:00,none,none,0.0
AWS-IND-KA-001,2026-08-24 12:50:00+00:00,none,none,0.0
AWS-IND-KA-001,2026-08-24 12:55:00+00:00,none,none,0.0
AWS-IND-KA-001,2026-08-24 13:00:00+00:00,none,none,0.0
AWS-IND-KA-001,2026-08-24 13:05:00+00:00,none,none,0.0
AWS-IND-KA-001,2026-08-24 13:10:00+00:00,none,none,0.0
AWS-IND-KA-001,2026-08-24 13:15:00+00:00,none,none,0.0
AWS-IND-KA-001,2026-08-24 13:20:00+00:00,none,none,0.0
AWS-IND-KA-001,2026-08-24 13:25:00+00:00,none,none,0.0
AWS-IND-KA-001,2026-08-24 13:30:00+00:00,none,none,0.0
AWS-IND-KA-001,2026-08-24 13:35:00+00:00,none,none,0.0
AWS-IND-KA-001,2026-08-24 13:40:00+00:00,none,none,0.0
AWS-IND-KA-001,2026-08-24 13:45:00+00:00,none,none,0.0
AWS-IND-KA-001,2026-08-24 13:50:00+00:00,none,none,0.0
AWS-IND-KA-001,2026-08-24 13:55:00+00:00,none,none,0.0
AWS-IND-KA-001,2026-08-24 14:00:00+00:00,none,none,0.0
AWS-IND-KA-001,2026-08-24 14:05:00+00:00,none,none,0.0
AWS-IND-KA-001,2026-08-24 14:10:00+00:00,none,none,0.0
AWS-IND-KA-001,2026-08-24 14:15:00+00:00,none,none,0.0
AWS-IND-KA-001,2026-08-24 14:20:00+00:00,none,none,0.0
AWS-IND-KA-001,2026-08-24 14:25:00+00:00,none,none,0.0
AWS-IND-KA-001,2026-08-24 14:30:00+00:00,none,none,0.0
AWS-IND-KA-001,2026-08-24 14:35:00+00:00,none,none,0.0
AWS-IND-KA-001,2026-08-24 14:40:00+00:00,none,none,0.0
AWS-IND-KA-001,2026-08-24 14:45:00+00:00,none,none,0.0
AWS-IND-KA-001,2026-08-24 14:50:00+00:00,none,none,0.0
AWS-IND-KA-001,2026-08-24 14:55:00+00:00,none,none,0.0
AWS-IND-KA-001,2026-08-24 15:00:00+00:00,none,none,0.0
AWS-IND-KA-001,2026-08-24 15:05:00+00:00,none,none,0.0
AWS-IND-KA-001,2026-08-24 15:10:00+00:00,none,none,0.0
AWS-IND-KA-001,2026-08-24 15:15:00+00:00,none,none,0.0
AWS-IND-KA-001,2026-08-24 15:20:00+00:00,none,none,0.0
AWS-IND-KA-001,2026-08-24 15:25:00+00:00,none,none,0.0
AWS-IND-KA-001,2026-08-24 15:30:00+00:00,none,none,0.0
AWS-IND-KA-001,2026-08-24 15:35:00+00:00,none,none,0.0
AWS-IND-KA-001,2026-08-24 15:40:00+00:00,none,none,0.0
AWS-IND-KA-001,2026-08-24 15:45:00+00:00,none,none,0.0
AWS-IND-KA-001,2026-08-24 15:50:00+00:00,none,none,0.0
AWS-IND-KA-001,2026-08-24 15:55:00+00:00,none,none,0.0
AWS-IND-KA-001,2026-08-24 16:00:00+00:00,none,none,0.0
AWS-IND-KA-001,2026-08-24 16:05:00+00:00,none,none,0.0
AWS-IND-KA-001,2026-08-24 16:10:00+00:00,none,none,0.0
AWS-IND-KA-001,2026-08-24 16:15:00+00:00,none,none,0.0
AWS-IND-KA-001,2026-08-24 16:20:00+00:00,none,none,0.0
AWS-IND-KA-001,2026-08-24 16:25:00+00:00,none,none,0.0
AWS-IND-KA-001,2026-08-24 16:30:00+00:00,none,none,0.0
AWS-IND-KA-001,2026-08-24 16:35:00+00:00,none,none,0.0
AWS-IND-KA-001,2026-08-24 16:40:00+00:00,none,none,0.0
AWS-IND-KA-001,2026-08-24 16:45:00+00:00,none,none,0.0
AWS-IND-KA-001,2026-08-24 16:50:00+00:00,none,none,0.0
AWS-IND-KA-001,2026-08-24 16:55:00+00:00,none,none,0.0
AWS-IND-KA-001,2026-08-24 17:00:00+00:00,none,none,0.0
AWS-IND-KA-001,2026-08-24 17:05:00+00:00,none,none,0.0
AWS-IND-KA-001,2026-08-24 17:10:00+00:00,none,none,0.0
AWS-IND-KA-001,2026-08-24 17:15:00+00:00,none,none,0.0
AWS-IND-KA-001,2026-08-24 17:20:00+00:00,none,none,0.0
AWS-IND-KA-001,2026-08-24 17:25:00+00:00,none,none,0.0
AWS-IND-KA-001,2026-08-24 17:30:00+00:00,spike,humidity_pct,32.91571693582509
AWS-IND-KA-001,2026-08-24 17:35:00+00:00,spike,humidity_pct,32.91571693582509
AWS-IND-KA-001,2026-08-24 17:40:00+00:00,none,none,0.0
AWS-IND-KA-001,2026-08-24 17:45:00+00:00,none,none,0.0
AWS-IND-KA-001,2026-08-24 17:50:00+00:00,none,none,0.0
AWS-IND-KA-001,2026-08-24 17:55:00+00:00,none,none,0.0
AWS-IND-KA-001,2026-08-24 18:00:00+00:00,none,none,0.0
AWS-IND-KA-001,2026-08-24 18:05:00+00:00,none,none,0.0
AWS-IND-KA-001,2026-08-24 18:10:00+00:00,none,none,0.0
AWS-IND-KA-001,2026-08-24 18:15:00+00:00,none,none,0.0
AWS-IND-KA-001,2026-08-24 18:20:00+00:00,none,none,0.0
AWS-IND-KA-001,2026-08-24 18:25:00+00:00,none,none,0.0
AWS-IND-KA-001,2026-08-24 18:30:00+00:00,none,none,0.0
AWS-IND-KA-001,2026-08-24 18:35:00+00:00,none,none,0.0
AWS-IND-KA-001,2026-08-24 18:40:00+00:00,none,none,0.0
AWS-IND-KA-001,2026-08-24 18:45:00+00:00,none,none,0.0
AWS-IND-KA-001,2026-08-24 18:50:00+00:00,none,none,0.0
AWS-IND-KA-001,2026-08-24 18:55:00+00:00,none,none,0.0
AWS-IND-KA-001,2026-08-24 19:00:00+00:00,none,none,0.0
AWS-IND-KA-001,2026-08-24 19:05:00+00:00,none,none,0.0
AWS-IND-KA-001,2026-08-24 19:10:00+00:00,none,none,0.0
AWS-IND-KA-001,2026-08-24 19:15:00+00:00,none,none,0.0
AWS-IND-KA-001,2026-08-24 19:20:00+00:00,none,none,0.0
AWS-IND-KA-001,2026-08-24 19:25:00+00:00,none,none,0.0
AWS-IND-KA-001,2026-08-24 19:30:00+00:00,none,none,0.0
AWS-IND-KA-001,2026-08-24 19:35:00+00:00,none,none,0.0
AWS-IND-KA-001,2026-08-24 19:40:00+00:00,none,none,0.0
AWS-IND-KA-001,2026-08-24 19:45:00+00:00,none,none,0.0
AWS-IND-KA-001,2026-08-24 19:50:00+00:00,none,none,0.0
AWS-IND-KA-001,2026-08-24 19:55:00+00:00,none,none,0.0
AWS-IND-KA-001,2026-08-24 20:00:00+00:00,none,none,0.0
AWS-IND-KA-001,2026-08-24 20:05:00+00:00,none,none,0.0
AWS-IND-KA-001,2026-08-24 20:10:00+00:00,none,none,0.0
AWS-IND-KA-001,2026-08-24 20:15:00+00:00,none,none,0.0
AWS-IND-KA-001,2026-08-24 20:20:00+00:00,none,none,0.0
AWS-IND-KA-001,2026-08-24 20:25:00+00:00,none,none,0.0
AWS-IND-KA-001,2026-08-24 20:30:00+00:00,none,none,0.0
AWS-IND-KA-001,2026-08-24 20:35:00+00:00,none,none,0.0
AWS-IND-KA-001,2026-08-24 20:40:00+00:00,none,none,0.0
AWS-IND-KA-001,2026-08-24 20:45:00+00:00,none,none,0.0
AWS-IND-KA-001,2026-08-24 20:50:00+00:00,none,none,0.0
AWS-IND-KA-001,2026-08-24 20:55:00+00:00,none,none,0.0
AWS-IND-KA-001,2026-08-24 21:00:00+00:00,none,none,0.0
AWS-IND-KA-001,2026-08-24 21:05:00+00:00,none,none,0.0
AWS-IND-KA-001,2026-08-24 21:10:00+00:00,none,none,0.0
AWS-IND-KA-001,2026-08-24 21:15:00+00:00,none,none,0.0
AWS-IND-KA-001,2026-08-24 21:20:00+00:00,none,none,0.0
AWS-IND-KA-001,2026-08-24 21:25:00+00:00,none,none,0.0
AWS-IND-KA-001,2026-08-24 21:30:00+00:00,none,none,0.0
AWS-IND-KA-001,2026-08-24 21:35:00+00:00,none,none,0.0
AWS-IND-KA-001,2026-08-24 21:40:00+00:00,none,none,0.0
AWS-IND-KA-001,2026-08-24 21:45:00+00:00,none,none,0.0
AWS-IND-KA-001,2026-08-24 21:50:00+00:00,none,none,0.0
AWS-IND-KA-001,2026-08-24 21:55:00+00:00,none,none,0.0
AWS-IND-KA-001,2026-08-24 22:00:00+00:00,none,none,0.0
AWS-IND-KA-001,2026-08-24 22:05:00+00:00,spike,temperature_c,-13.532815645955964
AWS-IND-KA-001,2026-08-24 22:10:00+00:00,spike,temperature_c,-13.532815645955964
AWS-IND-KA-001,2026-08-24 22:15:00+00:00,spike,temperature_c,-13.532815645955964
AWS-IND-KA-001,2026-08-24 22:20:00+00:00,none,none,0.0
AWS-IND-KA-001,2026-08-24 22:25:00+00:00,none,none,0.0
AWS-IND-KA-001,2026-08-24 22:30:00+00:00,none,none,0.0
AWS-IND-KA-001,2026-08-24 22:35:00+00:00,none,none,0.0
AWS-IND-KA-001,2026-08-24 22:40:00+00:00,none,none,0.0
AWS-IND-KA-001,2026-08-24 22:45:00+00:00,none,none,0.0
AWS-IND-KA-001,2026-08-24 22:50:00+00:00,none,none,0.0
AWS-IND-KA-001,2026-08-24 22:55:00+00:00,none,none,0.0
AWS-IND-KA-001,2026-08-24 23:00:00+00:00,none,none,0.0
AWS-IND-KA-001,2026-08-24 23:05:00+00:00,none,none,0.0
AWS-IND-KA-001,2026-08-24 23:10:00+00:00,none,none,0.0
AWS-IND-KA-001,2026-08-24 23:15:00+00:00,none,none,0.0
AWS-IND-KA-001,2026-08-24 23:20:00+00:00,none,none,0.0
AWS-IND-KA-001,2026-08-24 23:25:00+00:00,none,none,0.0
AWS-IND-KA-001,2026-08-24 23:30:00+00:00,none,none,0.0
AWS-IND-KA-001,2026-08-24 23:35:00+00:00,none,none,0.0
AWS-IND-KA-001,2026-08-24 23:40:00+00:00,none,none,0.0
AWS-IND-KA-001,2026-08-24 23:45:00+00:00,none,none,0.0
AWS-IND-KA-001,2026-08-24 23:50:00+00:00,none,none,0.0
AWS-IND-KA-001,2026-08-24 23:55:00+00:00,none,none,0.0
AWS-IND-KA-001,2026-08-25 00:00:00+00:00,none,none,0.0
AWS-IND-KA-001,2026-08-25 00:05:00+00:00,none,none,0.0
AWS-IND-KA-001,2026-08-25 00:10:00+00:00,none,none,0.0
AWS-IND-KA-001,2026-08-25 00:15:00+00:00,none,none,0.0
AWS-IND-KA-001,2026-08-25 00:20:00+00:00,none,none,0.0
AWS-IND-KA-001,2026-08-25 00:25:00+00:00,none,none,0.0
AWS-IND-KA-001,2026-08-25 00:30:00+00:00,none,none,0.0
AWS-IND-KA-001,2026-08-25 00:35:00+00:00,none,none,0.0
AWS-IND-KA-001,2026-08-25 00:40:00+00:00,none,none,0.0
AWS-IND-KA-001,2026-08-25 00:45:00+00:00,none,none,0.0
AWS-IND-KA-001,2026-08-25 00:50:00+00:00,none,none,0.0
AWS-IND-KA-001,2026-08-25 00:55:00+00:00,none,none,0.0
AWS-IND-KA-001,2026-08-25 01:00:00+00:00,none,none,0.0
AWS-IND-KA-001,2026-08-25 01:05:00+00:00,none,none,0.0
AWS-IND-KA-001,2026-08-25 01:10:00+00:00,none,none,0.0
AWS-IND-KA-001,2026-08-25 01:15:00+00:00,none,none,0.0
AWS-IND-KA-001,2026-08-25 01:20:00+00:00,none,none,0.0
AWS-IND-KA-001,2026-08-25 01:25:00+00:00,none,none,0.0
AWS-IND-KA-001,2026-08-25 01:30:00+00:00,none,none,0.0
AWS-IND-KA-001,2026-08-25 01:35:00+00:00,none,none,0.0
AWS-IND-KA-001,2026-08-25 01:40:00+00:00,none,none,0.0
AWS-IND-KA-001,2026-08-25 01:45:00+00:00,none,none,0.0
AWS-IND-KA-001,2026-08-25 01:50:00+00:00,none,none,0.0
AWS-IND-KA-001,2026-08-25 01:55:00+00:00,none,none,0.0
AWS-IND-KA-001,2026-08-25 02:00:00+00:00,none,none,0.0
AWS-IND-KA-001,2026-08-25 02:05:00+00:00,none,none,0.0
AWS-IND-KA-001,2026-08-25 02:10:00+00:00,none,none,0.0
AWS-IND-KA-001,2026-08-25 02:15:00+00:00,none,none,0.0
AWS-IND-KA-001,2026-08-25 02:20:00+00:00,none,none,0.0
AWS-IND-KA-001,2026-08-25 02:25:00+00:00,none,none,0.0
AWS-IND-KA-001,2026-08-25 02:30:00+00:00,none,none,0.0
AWS-IND-KA-001,2026-08-25 02:35:00+00:00,none,none,0.0
AWS-IND-KA-001,2026-08-25 02:40:00+00:00,none,none,0.0
AWS-IND-KA-001,2026-08-25 02:45:00+00:00,none,none,0.0
AWS-IND-KA-001,2026-08-25 02:50:00+00:00,none,none,0.0
AWS-IND-KA-001,2026-08-25 02:55:00+00:00,none,none,0.0
AWS-IND-KA-001,2026-08-25 03:00:00+00:00,none,none,0.0
AWS-IND-KA-001,2026-08-25 03:05:00+00:00,none,none,0.0
AWS-IND-KA-001,2026-08-25 03:10:00+00:00,none,none,0.0
AWS-IND-KA-001,2026-08-25 03:15:00+00:00,none,none,0.0
AWS-IND-KA-001,2026-08-25 03:20:00+00:00,none,none,0.0
AWS-IND-KA-001,2026-08-25 03:25:00+00:00,spike,temperature_c,-13.780965554784112
AWS-IND-KA-001,2026-08-25 03:30:00+00:00,none,none,0.0
AWS-IND-KA-001,2026-08-25 03:35:00+00:00,none,none,0.0
AWS-IND-KA-001,2026-08-25 03:40:00+00:00,none,none,0.0
AWS-IND-KA-001,2026-08-25 03:45:00+00:00,none,none,0.0
AWS-IND-KA-001,2026-08-25 03:50:00+00:00,none,none,0.0
AWS-IND-KA-001,2026-08-25 03:55:00+00:00,none,none,0.0
AWS-IND-KA-001,2026-08-25 04:00:00+00:00,spike,humidity_pct,31.32354392543708
AWS-IND-KA-001,2026-08-25 04:05:00+00:00,spike,humidity_pct,31.32354392543708
AWS-IND-KA-001,2026-08-25 04:10:00+00:00,spike,humidity_pct,31.32354392543708
AWS-IND-KA-001,2026-08-25 04:15:00+00:00,none,none,0.0
AWS-IND-KA-001,2026-08-25 04:20:00+00:00,none,none,0.0
AWS-IND-KA-001,2026-08-25 04:25:00+00:00,none,none,0.0
AWS-IND-KA-001,2026-08-25 04:30:00+00:00,none,none,0.0
AWS-IND-KA-001,2026-08-25 04:35:00+00:00,none,none,0.0
AWS-IND-KA-001,2026-08-25 04:40:00+00:00,none,none,0.0
AWS-IND-KA-001,2026-08-25 04:45:00+00:00,none,none,0.0
AWS-IND-KA-001,2026-08-25 04:50:00+00:00,none,none,0.0
AWS-IND-KA-001,2026-08-25 04:55:00+00:00,none,none,0.0
AWS-IND-KA-001,2026-08-25 05:00:00+00:00,none,none,0.0
AWS-IND-KA-001,2026-08-25 05:05:00+00:00,none,none,0.0
AWS-IND-KA-001,2026-08-25 05:10:00+00:00,none,none,0.0
AWS-IND-KA-001,2026-08-25 05:15:00+00:00,none,none,0.0
AWS-IND-KA-001,2026-08-25 05:20:00+00:00,none,none,0.0
AWS-IND-KA-001,2026-08-25 05:25:00+00:00,none,none,0.0
AWS-IND-KA-001,2026-08-25 05:30:00+00:00,none,none,0.0
AWS-IND-KA-001,2026-08-25 05:35:00+00:00,none,none,0.0
AWS-IND-KA-001,2026-08-25 05:40:00+00:00,none,none,0.0
AWS-IND-KA-001,2026-08-25 05:45:00+00:00,none,none,0.0
AWS-IND-KA-001,2026-08-25 05:50:00+00:00,none,none,0.0
AWS-IND-KA-001,2026-08-25 05:55:00+00:00,none,none,0.0
AWS-IND-KA-001,2026-08-25 06:00:00+00:00,none,none,0.0
AWS-IND-KA-001,2026-08-25 06:05:00+00:00,none,none,0.0
AWS-IND-KA-001,2026-08-25 06:10:00+00:00,none,none,0.0
AWS-IND-KA-001,2026-08-25 06:15:00+00:00,none,none,0.0
AWS-IND-KA-001,2026-08-25 06:20:00+00:00,none,none,0.0
AWS-IND-KA-001,2026-08-25 06:25:00+00:00,none,none,0.0
AWS-IND-KA-001,2026-08-25 06:30:00+00:00,none,none,0.0
AWS-IND-KA-001,2026-08-25 06:35:00+00:00,none,none,0.0
AWS-IND-KA-001,2026-08-25 06:40:00+00:00,none,none,0.0
AWS-IND-KA-001,2026-08-25 06:45:00+00:00,spike,humidity_pct,29.085183988470728
AWS-IND-KA-001,2026-08-25 06:50:00+00:00,spike,humidity_pct,29.085183988470728
AWS-IND-KA-001,2026-08-25 06:55:00+00:00,spike,humidity_pct,29.085183988470728
AWS-IND-KA-001,2026-08-25 07:00:00+00:00,none,none,0.0
AWS-IND-KA-001,2026-08-25 07:05:00+00:00,none,none,0.0
AWS-IND-KA-001,2026-08-25 07:10:00+00:00,none,none,0.0
AWS-IND-KA-001,2026-08-25 07:15:00+00:00,none,none,0.0
AWS-IND-KA-001,2026-08-25 07:20:00+00:00,none,none,0.0
AWS-IND-KA-001,2026-08-25 07:25:00+00:00,none,none,0.0
AWS-IND-KA-001,2026-08-25 07:30:00+00:00,none,none,0.0
AWS-IND-KA-001,2026-08-25 07:35:00+00:00,none,none,0.0
AWS-IND-KA-001,2026-08-25 07:40:00+00:00,none,none,0.0
AWS-IND-KA-001,2026-08-25 07:45:00+00:00,none,none,0.0
AWS-IND-KA-001,2026-08-25 07:50:00+00:00,none,none,0.0
AWS-IND-KA-001,2026-08-25 07:55:00+00:00,none,none,0.0
AWS-IND-KA-001,2026-08-25 08:00:00+00:00,none,none,0.0
AWS-IND-KA-001,2026-08-25 08:05:00+00:00,none,none,0.0
AWS-IND-KA-001,2026-08-25 08:10:00+00:00,none,none,0.0
AWS-IND-KA-001,2026-08-25 08:15:00+00:00,none,none,0.0
AWS-IND-KA-001,2026-08-25 08:20:00+00:00,none,none,0.0
AWS-IND-KA-001,2026-08-25 08:25:00+00:00,none,none,0.0
AWS-IND-KA-001,2026-08-25 08:30:00+00:00,none,none,0.0
AWS-IND-KA-001,2026-08-25 08:35:00+00:00,none,none,0.0
AWS-IND-KA-001,2026-08-25 08:40:00+00:00,none,none,0.0
AWS-IND-KA-001,2026-08-25 08:45:00+00:00,none,none,0.0
AWS-IND-KA-001,2026-08-25 08:50:00+00:00,none,none,0.0
AWS-IND-KA-001,2026-08-25 08:55:00+00:00,none,none,0.0
AWS-IND-KA-001,2026-08-25 09:00:00+00:00,none,none,0.0
AWS-IND-KA-001,2026-08-25 09:05:00+00:00,none,none,0.0
AWS-IND-KA-001,2026-08-25 09:10:00+00:00,none,none,0.0
AWS-IND-KA-001,2026-08-25 09:15:00+00:00,none,none,0.0
AWS-IND-KA-001,2026-08-25 09:20:00+00:00,none,none,0.0
AWS-IND-KA-001,2026-08-25 09:25:00+00:00,none,none,0.0
AWS-IND-KA-001,2026-08-25 09:30:00+00:00,none,none,0.0
AWS-IND-KA-001,2026-08-25 09:35:00+00:00,none,none,0.0
AWS-IND-KA-001,2026-08-25 09:40:00+00:00,none,none,0.0
AWS-IND-KA-001,2026-08-25 09:45:00+00:00,none,none,0.0
AWS-IND-KA-001,2026-08-25 09:50:00+00:00,none,none,0.0
AWS-IND-KA-001,2026-08-25 09:55:00+00:00,none,none,0.0
AWS-IND-KA-001,2026-08-25 10:00:00+00:00,none,none,0.0
AWS-IND-KA-001,2026-08-25 10:05:00+00:00,none,none,0.0
AWS-IND-KA-001,2026-08-25 10:10:00+00:00,none,none,0.0
AWS-IND-KA-001,2026-08-25 10:15:00+00:00,none,none,0.0
AWS-IND-KA-001,2026-08-25 10:20:00+00:00,none,none,0.0
AWS-IND-KA-001,2026-08-25 10:25:00+00:00,none,none,0.0
AWS-IND-KA-001,2026-08-25 10:30:00+00:00,none,none,0.0
AWS-IND-KA-001,2026-08-25 10:35:00+00:00,none,none,0.0
AWS-IND-KA-001,2026-08-25 10:40:00+00:00,none,none,0.0
AWS-IND-KA-001,2026-08-25 10:45:00+00:00,none,none,0.0
AWS-IND-KA-001,2026-08-25 10:50:00+00:00,none,none,0.0
AWS-IND-KA-001,2026-08-25 10:55:00+00:00,none,none,0.0
AWS-IND-KA-001,2026-08-25 11:00:00+00:00,none,none,0.0
AWS-IND-KA-001,2026-08-25 11:05:00+00:00,none,none,0.0
AWS-IND-KA-001,2026-08-25 11:10:00+00:00,none,none,0.0
AWS-IND-KA-001,2026-08-25 11:15:00+00:00,none,none,0.0
AWS-IND-KA-001,2026-08-25 11:20:00+00:00,none,none,0.0
AWS-IND-KA-001,2026-08-25 11:25:00+00:00,none,none,0.0
AWS-IND-KA-001,2026-08-25 11:30:00+00:00,none,none,0.0
AWS-IND-KA-001,2026-08-25 11:35:00+00:00,none,none,0.0
AWS-IND-KA-001,2026-08-25 11:40:00+00:00,none,none,0.0
AWS-IND-KA-001,2026-08-25 11:45:00+00:00,none,none,0.0
AWS-IND-KA-001,2026-08-25 11:50:00+00:00,none,none,0.0
AWS-IND-KA-001,2026-08-25 11:55:00+00:00,none,none,0.0
AWS-IND-KA-001,2026-08-25 12:00:00+00:00,none,none,0.0
AWS-IND-KA-001,2026-08-25 12:05:00+00:00,none,none,0.0
AWS-IND-KA-001,2026-08-25 12:10:00+00:00,none,none,0.0
AWS-IND-KA-001,2026-08-25 12:15:00+00:00,none,none,0.0
AWS-IND-KA-001,2026-08-25 12:20:00+00:00,none,none,0.0
AWS-IND-KA-001,2026-08-25 12:25:00+00:00,none,none,0.0
AWS-IND-KA-001,2026-08-25 12:30:00+00:00,none,none,0.0
AWS-IND-KA-001,2026-08-25 12:35:00+00:00,none,none,0.0
AWS-IND-KA-001,2026-08-25 12:40:00+00:00,none,none,0.0
AWS-IND-KA-001,2026-08-25 12:45:00+00:00,none,none,0.0
AWS-IND-KA-001,2026-08-25 12:50:00+00:00,none,none,0.0
AWS-IND-KA-001,2026-08-25 12:55:00+00:00,none,none,0.0
AWS-IND-KA-001,2026-08-25 13:00:00+00:00,none,none,0.0
AWS-IND-KA-001,2026-08-25 13:05:00+00:00,none,none,0.0
AWS-IND-KA-001,2026-08-25 13:10:00+00:00,none,none,0.0
AWS-IND-KA-001,2026-08-25 13:15:00+00:00,none,none,0.0
AWS-IND-KA-001,2026-08-25 13:20:00+00:00,none,none,0.0
AWS-IND-KA-001,2026-08-25 13:25:00+00:00,none,none,0.0
AWS-IND-KA-001,2026-08-25 13:30:00+00:00,none,none,0.0
AWS-IND-KA-001,2026-08-25 13:35:00+00:00,none,none,0.0
AWS-IND-KA-001,2026-08-25 13:40:00+00:00,none,none,0.0
AWS-IND-KA-001,2026-08-25 13:45:00+00:00,none,none,0.0
AWS-IND-KA-001,2026-08-25 13:50:00+00:00,none,none,0.0
AWS-IND-KA-001,2026-08-25 13:55:00+00:00,none,none,0.0
AWS-IND-KA-001,2026-08-25 14:00:00+00:00,none,none,0.0
AWS-IND-KA-001,2026-08-25 14:05:00+00:00,none,none,0.0
AWS-IND-KA-001,2026-08-25 14:10:00+00:00,none,none,0.0
AWS-IND-KA-001,2026-08-25 14:15:00+00:00,none,none,0.0
AWS-IND-KA-001,2026-08-25 14:20:00+00:00,none,none,0.0
AWS-IND-KA-001,2026-08-25 14:25:00+00:00,none,none,0.0
AWS-IND-KA-001,2026-08-25 14:30:00+00:00,none,none,0.0
AWS-IND-KA-001,2026-08-25 14:35:00+00:00,none,none,0.0
AWS-IND-KA-001,2026-08-25 14:40:00+00:00,none,none,0.0
AWS-IND-KA-001,2026-08-25 14:45:00+00:00,none,none,0.0
AWS-IND-KA-001,2026-08-25 14:50:00+00:00,none,none,0.0
AWS-IND-KA-001,2026-08-25 14:55:00+00:00,none,none,0.0
AWS-IND-KA-001,2026-08-25 15:00:00+00:00,none,none,0.0
AWS-IND-KA-001,2026-08-25 15:05:00+00:00,none,none,0.0
AWS-IND-KA-001,2026-08-25 15:10:00+00:00,none,none,0.0
AWS-IND-KA-001,2026-08-25 15:15:00+00:00,none,none,0.0
AWS-IND-KA-001,2026-08-25 15:20:00+00:00,none,none,0.0
AWS-IND-KA-001,2026-08-25 15:25:00+00:00,none,none,0.0
AWS-IND-KA-001,2026-08-25 15:30:00+00:00,none,none,0.0
AWS-IND-KA-001,2026-08-25 15:35:00+00:00,none,none,0.0
AWS-IND-KA-001,2026-08-25 15:40:00+00:00,none,none,0.0
AWS-IND-KA-001,2026-08-25 15:45:00+00:00,none,none,0.0
AWS-IND-KA-001,2026-08-25 15:50:00+00:00,cross_sensor,multiple,5.139949564866627
AWS-IND-KA-001,2026-08-25 15:55:00+00:00,cross_sensor,multiple,5.139949564866627
AWS-IND-KA-001,2026-08-25 16:00:00+00:00,cross_sensor,multiple,5.139949564866627
AWS-IND-KA-001,2026-08-25 16:05:00+00:00,cross_sensor,multiple,5.139949564866627
AWS-IND-KA-001,2026-08-25 16:10:00+00:00,cross_sensor,multiple,5.139949564866627
AWS-IND-KA-001,2026-08-25 16:15:00+00:00,cross_sensor,multiple,5.139949564866627
AWS-IND-KA-001,2026-08-25 16:20:00+00:00,cross_sensor,multiple,5.139949564866627
AWS-IND-KA-001,2026-08-25 16:25:00+00:00,cross_sensor,multiple,5.139949564866627
AWS-IND-KA-001,2026-08-25 16:30:00+00:00,cross_sensor,multiple,5.139949564866627
AWS-IND-KA-001,2026-08-25 16:35:00+00:00,cross_sensor,multiple,5.139949564866627
AWS-IND-KA-001,2026-08-25 16:40:00+00:00,cross_sensor,multiple,5.139949564866627
AWS-IND-KA-001,2026-08-25 16:45:00+00:00,cross_sensor,multiple,5.139949564866627
AWS-IND-KA-001,2026-08-25 16:50:00+00:00,cross_sensor,multiple,5.139949564866627
AWS-IND-KA-001,2026-08-25 16:55:00+00:00,cross_sensor,multiple,5.139949564866627
AWS-IND-KA-001,2026-08-25 17:00:00+00:00,cross_sensor,multiple,5.139949564866627
AWS-IND-KA-001,2026-08-25 17:05:00+00:00,cross_sensor,multiple,5.139949564866627
AWS-IND-KA-001,2026-08-25 17:10:00+00:00,cross_sensor,multiple,5.139949564866627
AWS-IND-KA-001,2026-08-25 17:15:00+00:00,cross_sensor,multiple,5.139949564866627
AWS-IND-KA-001,2026-08-25 17:20:00+00:00,cross_sensor,multiple,5.139949564866627
AWS-IND-KA-001,2026-08-25 17:25:00+00:00,cross_sensor,multiple,5.139949564866627
AWS-IND-KA-001,2026-08-25 17:30:00+00:00,cross_sensor,multiple,5.139949564866627
AWS-IND-KA-001,2026-08-25 17:35:00+00:00,cross_sensor,multiple,5.139949564866627
AWS-IND-KA-001,2026-08-25 17:40:00+00:00,cross_sensor,multiple,5.139949564866627
AWS-IND-KA-001,2026-08-25 17:45:00+00:00,cross_sensor,multiple,5.139949564866627
AWS-IND-KA-001,2026-08-25 17:50:00+00:00,cross_sensor,multiple,5.139949564866627
AWS-IND-KA-001,2026-08-25 17:55:00+00:00,cross_sensor,multiple,5.139949564866627
AWS-IND-KA-001,2026-08-25 18:00:00+00:00,cross_sensor,multiple,5.139949564866627
AWS-IND-KA-001,2026-08-25 18:05:00+00:00,cross_sensor,multiple,5.139949564866627
AWS-IND-KA-001,2026-08-25 18:10:00+00:00,cross_sensor,multiple,5.139949564866627
AWS-IND-KA-001,2026-08-25 18:15:00+00:00,cross_sensor,multiple,5.139949564866627
AWS-IND-KA-001,2026-08-25 18:20:00+00:00,cross_sensor,multiple,5.139949564866627
AWS-IND-KA-001,2026-08-25 18:25:00+00:00,cross_sensor,multiple,5.139949564866627
AWS-IND-KA-001,2026-08-25 18:30:00+00:00,cross_sensor,multiple,5.139949564866627
AWS-IND-KA-001,2026-08-25 18:35:00+00:00,cross_sensor,multiple,5.139949564866627
AWS-IND-KA-001,2026-08-25 18:40:00+00:00,cross_sensor,multiple,5.139949564866627
AWS-IND-KA-001,2026-08-25 18:45:00+00:00,cross_sensor,multiple,5.139949564866627
AWS-IND-KA-001,2026-08-25 18:50:00+00:00,cross_sensor,multiple,5.139949564866627
AWS-IND-KA-001,2026-08-25 18:55:00+00:00,cross_sensor,multiple,5.139949564866627
AWS-IND-KA-001,2026-08-25 19:00:00+00:00,cross_sensor,multiple,5.139949564866627
AWS-IND-KA-001,2026-08-25 19:05:00+00:00,none,none,0.0
AWS-IND-KA-001,2026-08-25 19:10:00+00:00,none,none,0.0
AWS-IND-KA-001,2026-08-25 19:15:00+00:00,none,none,0.0
AWS-IND-KA-001,2026-08-25 19:20:00+00:00,none,none,0.0
AWS-IND-KA-001,2026-08-25 19:25:00+00:00,none,none,0.0
AWS-IND-KA-001,2026-08-25 19:30:00+00:00,none,none,0.0
AWS-IND-KA-001,2026-08-25 19:35:00+00:00,none,none,0.0
AWS-IND-KA-001,2026-08-25 19:40:00+00:00,none,none,0.0
AWS-IND-KA-001,2026-08-25 19:45:00+00:00,none,none,0.0
AWS-IND-KA-001,2026-08-25 19:50:00+00:00,none,none,0.0
AWS-IND-KA-001,2026-08-25 19:55:00+00:00,none,none,0.0
AWS-IND-KA-001,2026-08-25 20:00:00+00:00,none,none,0.0
AWS-IND-KA-001,2026-08-25 20:05:00+00:00,none,none,0.0
AWS-IND-KA-001,2026-08-25 20:10:00+00:00,none,none,0.0
AWS-IND-KA-001,2026-08-25 20:15:00+00:00,none,none,0.0
AWS-IND-KA-001,2026-08-25 20:20:00+00:00,none,none,0.0
AWS-IND-KA-001,2026-08-25 20:25:00+00:00,none,none,0.0
AWS-IND-KA-001,2026-08-25 20:30:00+00:00,none,none,0.0
AWS-IND-KA-001,2026-08-25 20:35:00+00:00,none,none,0.0
AWS-IND-KA-001,2026-08-25 20:40:00+00:00,none,none,0.0
AWS-IND-KA-001,2026-08-25 20:45:00+00:00,none,none,0.0
AWS-IND-KA-001,2026-08-25 20:50:00+00:00,none,none,0.0
AWS-IND-KA-001,2026-08-25 20:55:00+00:00,none,none,0.0
AWS-IND-KA-001,2026-08-25 21:00:00+00:00,none,none,0.0
AWS-IND-KA-001,2026-08-25 21:05:00+00:00,none,none,0.0
AWS-IND-KA-001,2026-08-25 21:10:00+00:00,none,none,0.0
AWS-IND-KA-001,2026-08-25 21:15:00+00:00,none,none,0.0
AWS-IND-KA-001,2026-08-25 21:20:00+00:00,none,none,0.0
AWS-IND-KA-001,2026-08-25 21:25:00+00:00,none,none,0.0
AWS-IND-KA-001,2026-08-25 21:30:00+00:00,none,none,0.0
AWS-IND-KA-001,2026-08-25 21:35:00+00:00,none,none,0.0
AWS-IND-KA-001,2026-08-25 21:40:00+00:00,none,none,0.0
AWS-IND-KA-001,2026-08-25 21:45:00+00:00,none,none,0.0
AWS-IND-KA-001,2026-08-25 21:50:00+00:00,none,none,0.0
AWS-IND-KA-001,2026-08-25 21:55:00+00:00,none,none,0.0
AWS-IND-KA-001,2026-08-25 22:00:00+00:00,none,none,0.0
AWS-IND-KA-001,2026-08-25 22:05:00+00:00,none,none,0.0
AWS-IND-KA-001,2026-08-25 22:10:00+00:00,none,none,0.0
AWS-IND-KA-001,2026-08-25 22:15:00+00:00,none,none,0.0
AWS-IND-KA-001,2026-08-25 22:20:00+00:00,none,none,0.0
AWS-IND-KA-001,2026-08-25 22:25:00+00:00,none,none,0.0
AWS-IND-KA-001,2026-08-25 22:30:00+00:00,none,none,0.0
AWS-IND-KA-001,2026-08-25 22:35:00+00:00,none,none,0.0
AWS-IND-KA-001,2026-08-25 22:40:00+00:00,none,none,0.0
AWS-IND-KA-001,2026-08-25 22:45:00+00:00,none,none,0.0
AWS-IND-KA-001,2026-08-25 22:50:00+00:00,none,none,0.0
AWS-IND-KA-001,2026-08-25 22:55:00+00:00,none,none,0.0
AWS-IND-KA-001,2026-08-25 23:00:00+00:00,none,none,0.0
AWS-IND-KA-001,2026-08-25 23:05:00+00:00,none,none,0.0
AWS-IND-KA-001,2026-08-25 23:10:00+00:00,none,none,0.0
AWS-IND-KA-001,2026-08-25 23:15:00+00:00,none,none,0.0
AWS-IND-KA-001,2026-08-25 23:20:00+00:00,none,none,0.0
AWS-IND-KA-001,2026-08-25 23:25:00+00:00,none,none,0.0
AWS-IND-KA-001,2026-08-25 23:30:00+00:00,none,none,0.0
AWS-IND-KA-001,2026-08-25 23:35:00+00:00,none,none,0.0
AWS-IND-KA-001,2026-08-25 23:40:00+00:00,none,none,0.0
AWS-IND-KA-001,2026-08-25 23:45:00+00:00,none,none,0.0
AWS-IND-KA-001,2026-08-25 23:50:00+00:00,none,none,0.0
AWS-IND-KA-001,2026-08-25 23:55:00+00:00,none,none,0.0
AWS-IND-KA-001,2026-08-26 00:00:00+00:00,none,none,0.0
AWS-IND-KA-001,2026-08-26 00:05:00+00:00,none,none,0.0
AWS-IND-KA-001,2026-08-26 00:10:00+00:00,none,none,0.0
AWS-IND-KA-001,2026-08-26 00:15:00+00:00,none,none,0.0
AWS-IND-KA-001,2026-08-26 00:20:00+00:00,none,none,0.0
AWS-IND-KA-001,2026-08-26 00:25:00+00:00,none,none,0.0
AWS-IND-KA-001,2026-08-26 00:30:00+00:00,none,none,0.0
AWS-IND-KA-001,2026-08-26 00:35:00+00:00,none,none,0.0
AWS-IND-KA-001,2026-08-26 00:40:00+00:00,none,none,0.0
AWS-IND-KA-001,2026-08-26 00:45:00+00:00,none,none,0.0
AWS-IND-KA-001,2026-08-26 00:50:00+00:00,none,none,0.0
AWS-IND-KA-001,2026-08-26 00:55:00+00:00,none,none,0.0
AWS-IND-KA-001,2026-08-26 01:00:00+00:00,none,none,0.0
AWS-IND-KA-001,2026-08-26 01:05:00+00:00,none,none,0.0
AWS-IND-KA-001,2026-08-26 01:10:00+00:00,none,none,0.0
AWS-IND-KA-001,2026-08-26 01:15:00+00:00,none,none,0.0
AWS-IND-KA-001,2026-08-26 01:20:00+00:00,none,none,0.0
AWS-IND-KA-001,2026-08-26 01:25:00+00:00,none,none,0.0
AWS-IND-KA-001,2026-08-26 01:30:00+00:00,none,none,0.0
AWS-IND-KA-001,2026-08-26 01:35:00+00:00,none,none,0.0
AWS-IND-KA-001,2026-08-26 01:40:00+00:00,none,none,0.0
AWS-IND-KA-001,2026-08-26 01:45:00+00:00,none,none,0.0
AWS-IND-KA-001,2026-08-26 01:50:00+00:00,none,none,0.0
AWS-IND-KA-001,2026-08-26 01:55:00+00:00,none,none,0.0
AWS-IND-KA-001,2026-08-26 02:00:00+00:00,none,none,0.0
AWS-IND-KA-001,2026-08-26 02:05:00+00:00,none,none,0.0
AWS-IND-KA-001,2026-08-26 02:10:00+00:00,none,none,0.0
AWS-IND-KA-001,2026-08-26 02:15:00+00:00,none,none,0.0
AWS-IND-KA-001,2026-08-26 02:20:00+00:00,none,none,0.0
AWS-IND-KA-001,2026-08-26 02:25:00+00:00,none,none,0.0
AWS-IND-KA-001,2026-08-26 02:30:00+00:00,none,none,0.0
AWS-IND-KA-001,2026-08-26 02:35:00+00:00,none,none,0.0
AWS-IND-KA-001,2026-08-26 02:40:00+00:00,none,none,0.0
AWS-IND-KA-001,2026-08-26 02:45:00+00:00,none,none,0.0
AWS-IND-KA-001,2026-08-26 02:50:00+00:00,none,none,0.0
AWS-IND-KA-001,2026-08-26 02:55:00+00:00,none,none,0.0
AWS-IND-KA-001,2026-08-26 03:00:00+00:00,none,none,0.0
AWS-IND-KA-001,2026-08-26 03:05:00+00:00,none,none,0.0
AWS-IND-KA-001,2026-08-26 03:10:00+00:00,none,none,0.0
AWS-IND-KA-001,2026-08-26 03:15:00+00:00,none,none,0.0
AWS-IND-KA-001,2026-08-26 03:20:00+00:00,none,none,0.0
AWS-IND-KA-001,2026-08-26 03:25:00+00:00,none,none,0.0
AWS-IND-KA-001,2026-08-26 03:30:00+00:00,none,none,0.0
AWS-IND-KA-001,2026-08-26 03:35:00+00:00,none,none,0.0
AWS-IND-KA-001,2026-08-26 03:40:00+00:00,none,none,0.0
AWS-IND-KA-001,2026-08-26 03:45:00+00:00,none,none,0.0
AWS-IND-KA-001,2026-08-26 03:50:00+00:00,none,none,0.0
AWS-IND-KA-001,2026-08-26 03:55:00+00:00,none,none,0.0
AWS-IND-KA-001,2026-08-26 04:00:00+00:00,none,none,0.0
AWS-IND-KA-001,2026-08-26 04:05:00+00:00,none,none,0.0
AWS-IND-KA-001,2026-08-26 04:10:00+00:00,none,none,0.0
AWS-IND-KA-001,2026-08-26 04:15:00+00:00,none,none,0.0
AWS-IND-KA-001,2026-08-26 04:20:00+00:00,none,none,0.0
AWS-IND-KA-001,2026-08-26 04:25:00+00:00,none,none,0.0
AWS-IND-KA-001,2026-08-26 04:30:00+00:00,none,none,0.0
AWS-IND-KA-001,2026-08-26 04:35:00+00:00,none,none,0.0
AWS-IND-KA-001,2026-08-26 04:40:00+00:00,none,none,0.0
AWS-IND-KA-001,2026-08-26 04:45:00+00:00,none,none,0.0
AWS-IND-KA-001,2026-08-26 04:50:00+00:00,none,none,0.0
AWS-IND-KA-001,2026-08-26 04:55:00+00:00,none,none,0.0
AWS-IND-KA-001,2026-08-26 05:00:00+00:00,none,none,0.0
AWS-IND-KA-001,2026-08-26 05:05:00+00:00,none,none,0.0
AWS-IND-KA-001,2026-08-26 05:10:00+00:00,none,none,0.0
AWS-IND-KA-001,2026-08-26 05:15:00+00:00,none,none,0.0
AWS-IND-KA-001,2026-08-26 05:20:00+00:00,none,none,0.0
AWS-IND-KA-001,2026-08-26 05:25:00+00:00,none,none,0.0
AWS-IND-KA-001,2026-08-26 05:30:00+00:00,none,none,0.0
AWS-IND-KA-001,2026-08-26 05:35:00+00:00,none,none,0.0
AWS-IND-KA-001,2026-08-26 05:40:00+00:00,none,none,0.0
AWS-IND-KA-001,2026-08-26 05:45:00+00:00,none,none,0.0
AWS-IND-KA-001,2026-08-26 05:50:00+00:00,none,none,0.0
AWS-IND-KA-001,2026-08-26 05:55:00+00:00,none,none,0.0
AWS-IND-KA-001,2026-08-26 06:00:00+00:00,none,none,0.0
AWS-IND-KA-001,2026-08-26 06:05:00+00:00,none,none,0.0
AWS-IND-KA-001,2026-08-26 06:10:00+00:00,none,none,0.0
AWS-IND-KA-001,2026-08-26 06:15:00+00:00,none,none,0.0
AWS-IND-KA-001,2026-08-26 06:20:00+00:00,none,none,0.0
AWS-IND-KA-001,2026-08-26 06:25:00+00:00,none,none,0.0
AWS-IND-KA-001,2026-08-26 06:30:00+00:00,none,none,0.0
AWS-IND-KA-001,2026-08-26 06:35:00+00:00,none,none,0.0
AWS-IND-KA-001,2026-08-26 06:40:00+00:00,none,none,0.0
AWS-IND-KA-001,2026-08-26 06:45:00+00:00,none,none,0.0
AWS-IND-KA-001,2026-08-26 06:50:00+00:00,none,none,0.0
AWS-IND-KA-001,2026-08-26 06:55:00+00:00,none,none,0.0
AWS-IND-KA-001,2026-08-26 07:00:00+00:00,spike,temperature_c,-7.512825047697431
AWS-IND-KA-001,2026-08-26 07:05:00+00:00,none,none,0.0
AWS-IND-KA-001,2026-08-26 07:10:00+00:00,none,none,0.0
AWS-IND-KA-001,2026-08-26 07:15:00+00:00,none,none,0.0
AWS-IND-KA-001,2026-08-26 07:20:00+00:00,none,none,0.0
AWS-IND-KA-001,2026-08-26 07:25:00+00:00,none,none,0.0
AWS-IND-KA-001,2026-08-26 07:30:00+00:00,none,none,0.0
AWS-IND-KA-001,2026-08-26 07:35:00+00:00,none,none,0.0
AWS-IND-KA-001,2026-08-26 07:40:00+00:00,none,none,0.0
AWS-IND-KA-001,2026-08-26 07:45:00+00:00,none,none,0.0
AWS-IND-KA-001,2026-08-26 07:50:00+00:00,none,none,0.0
AWS-IND-KA-001,2026-08-26 07:55:00+00:00,none,none,0.0
AWS-IND-KA-001,2026-08-26 08:00:00+00:00,none,none,0.0
AWS-IND-KA-001,2026-08-26 08:05:00+00:00,none,none,0.0
AWS-IND-KA-001,2026-08-26 08:10:00+00:00,none,none,0.0
AWS-IND-KA-001,2026-08-26 08:15:00+00:00,none,none,0.0
AWS-IND-KA-001,2026-08-26 08:20:00+00:00,none,none,0.0
AWS-IND-KA-001,2026-08-26 08:25:00+00:00,none,none,0.0
AWS-IND-KA-001,2026-08-26 08:30:00+00:00,none,none,0.0
AWS-IND-KA-001,2026-08-26 08:35:00+00:00,none,none,0.0
AWS-IND-KA-001,2026-08-26 08:40:00+00:00,none,none,0.0
AWS-IND-KA-001,2026-08-26 08:45:00+00:00,none,none,0.0
AWS-IND-KA-001,2026-08-26 08:50:00+00:00,none,none,0.0
AWS-IND-KA-001,2026-08-26 08:55:00+00:00,none,none,0.0
AWS-IND-KA-001,2026-08-26 09:00:00+00:00,none,none,0.0
AWS-IND-KA-001,2026-08-26 09:05:00+00:00,none,none,0.0
AWS-IND-KA-001,2026-08-26 09:10:00+00:00,none,none,0.0
AWS-IND-KA-001,2026-08-26 09:15:00+00:00,none,none,0.0
AWS-IND-KA-001,2026-08-26 09:20:00+00:00,none,none,0.0
AWS-IND-KA-001,2026-08-26 09:25:00+00:00,none,none,0.0
AWS-IND-KA-001,2026-08-26 09:30:00+00:00,none,none,0.0
AWS-IND-KA-001,2026-08-26 09:35:00+00:00,none,none,0.0
AWS-IND-KA-001,2026-08-26 09:40:00+00:00,none,none,0.0
AWS-IND-KA-001,2026-08-26 09:45:00+00:00,none,none,0.0
AWS-IND-KA-001,2026-08-26 09:50:00+00:00,none,none,0.0
AWS-IND-KA-001,2026-08-26 09:55:00+00:00,none,none,0.0
AWS-IND-KA-001,2026-08-26 10:00:00+00:00,none,none,0.0
AWS-IND-KA-001,2026-08-26 10:05:00+00:00,none,none,0.0
AWS-IND-KA-001,2026-08-26 10:10:00+00:00,none,none,0.0
AWS-IND-KA-001,2026-08-26 10:15:00+00:00,none,none,0.0
AWS-IND-KA-001,2026-08-26 10:20:00+00:00,none,none,0.0
AWS-IND-KA-001,2026-08-26 10:25:00+00:00,none,none,0.0
AWS-IND-KA-001,2026-08-26 10:30:00+00:00,none,none,0.0
AWS-IND-KA-001,2026-08-26 10:35:00+00:00,none,none,0.0
AWS-IND-KA-001,2026-08-26 10:40:00+00:00,none,none,0.0
AWS-IND-KA-001,2026-08-26 10:45:00+00:00,none,none,0.0
AWS-IND-KA-001,2026-08-26 10:50:00+00:00,none,none,0.0
AWS-IND-KA-001,2026-08-26 10:55:00+00:00,none,none,0.0
AWS-IND-KA-001,2026-08-26 11:00:00+00:00,none,none,0.0
AWS-IND-KA-001,2026-08-26 11:05:00+00:00,none,none,0.0
AWS-IND-KA-001,2026-08-26 11:10:00+00:00,none,none,0.0
AWS-IND-KA-001,2026-08-26 11:15:00+00:00,none,none,0.0
AWS-IND-KA-001,2026-08-26 11:20:00+00:00,none,none,0.0
AWS-IND-KA-001,2026-08-26 11:25:00+00:00,none,none,0.0
AWS-IND-KA-001,2026-08-26 11:30:00+00:00,none,none,0.0
AWS-IND-KA-001,2026-08-26 11:35:00+00:00,none,none,0.0
AWS-IND-KA-001,2026-08-26 11:40:00+00:00,none,none,0.0
AWS-IND-KA-001,2026-08-26 11:45:00+00:00,none,none,0.0
AWS-IND-KA-001,2026-08-26 11:50:00+00:00,none,none,0.0
AWS-IND-KA-001,2026-08-26 11:55:00+00:00,none,none,0.0
AWS-IND-KA-001,2026-08-26 12:00:00+00:00,none,none,0.0
AWS-IND-KA-001,2026-08-26 12:05:00+00:00,none,none,0.0
AWS-IND-KA-001,2026-08-26 12:10:00+00:00,none,none,0.0
AWS-IND-KA-001,2026-08-26 12:15:00+00:00,none,none,0.0
AWS-IND-KA-001,2026-08-26 12:20:00+00:00,none,none,0.0
AWS-IND-KA-001,2026-08-26 12:25:00+00:00,none,none,0.0
AWS-IND-KA-001,2026-08-26 12:30:00+00:00,none,none,0.0
AWS-IND-KA-001,2026-08-26 12:35:00+00:00,none,none,0.0
AWS-IND-KA-001,2026-08-26 12:40:00+00:00,none,none,0.0
AWS-IND-KA-001,2026-08-26 12:45:00+00:00,none,none,0.0
AWS-IND-KA-001,2026-08-26 12:50:00+00:00,none,none,0.0
AWS-IND-KA-001,2026-08-26 12:55:00+00:00,none,none,0.0
AWS-IND-KA-001,2026-08-26 13:00:00+00:00,none,none,0.0
AWS-IND-KA-001,2026-08-26 13:05:00+00:00,none,none,0.0
AWS-IND-KA-001,2026-08-26 13:10:00+00:00,none,none,0.0
AWS-IND-KA-001,2026-08-26 13:15:00+00:00,none,none,0.0
AWS-IND-KA-001,2026-08-26 13:20:00+00:00,none,none,0.0
AWS-IND-KA-001,2026-08-26 13:25:00+00:00,none,none,0.0
AWS-IND-KA-001,2026-08-26 13:30:00+00:00,none,none,0.0
AWS-IND-KA-001,2026-08-26 13:35:00+00:00,none,none,0.0
AWS-IND-KA-001,2026-08-26 13:40:00+00:00,none,none,0.0
AWS-IND-KA-001,2026-08-26 13:45:00+00:00,none,none,0.0
AWS-IND-KA-001,2026-08-26 13:50:00+00:00,none,none,0.0
AWS-IND-KA-001,2026-08-26 13:55:00+00:00,none,none,0.0
AWS-IND-KA-001,2026-08-26 14:00:00+00:00,none,none,0.0
AWS-IND-KA-001,2026-08-26 14:05:00+00:00,none,none,0.0
AWS-IND-KA-001,2026-08-26 14:10:00+00:00,none,none,0.0
AWS-IND-KA-001,2026-08-26 14:15:00+00:00,none,none,0.0
AWS-IND-KA-001,2026-08-26 14:20:00+00:00,none,none,0.0
AWS-IND-KA-001,2026-08-26 14:25:00+00:00,none,none,0.0
AWS-IND-KA-001,2026-08-26 14:30:00+00:00,none,none,0.0
AWS-IND-KA-001,2026-08-26 14:35:00+00:00,none,none,0.0
AWS-IND-KA-001,2026-08-26 14:40:00+00:00,none,none,0.0
AWS-IND-KA-001,2026-08-26 14:45:00+00:00,none,none,0.0
AWS-IND-KA-001,2026-08-26 14:50:00+00:00,none,none,0.0
AWS-IND-KA-001,2026-08-26 14:55:00+00:00,none,none,0.0
AWS-IND-KA-001,2026-08-26 15:00:00+00:00,none,none,0.0
AWS-IND-KA-001,2026-08-26 15:05:00+00:00,none,none,0.0
AWS-IND-KA-001,2026-08-26 15:10:00+00:00,none,none,0.0
AWS-IND-KA-001,2026-08-26 15:15:00+00:00,none,none,0.0
AWS-IND-KA-001,2026-08-26 15:20:00+00:00,none,none,0.0
AWS-IND-KA-001,2026-08-26 15:25:00+00:00,none,none,0.0
AWS-IND-KA-001,2026-08-26 15:30:00+00:00,none,none,0.0
AWS-IND-KA-001,2026-08-26 15:35:00+00:00,none,none,0.0
AWS-IND-KA-001,2026-08-26 15:40:00+00:00,none,none,0.0
AWS-IND-KA-001,2026-08-26 15:45:00+00:00,none,none,0.0
AWS-IND-KA-001,2026-08-26 15:50:00+00:00,none,none,0.0
AWS-IND-KA-001,2026-08-26 15:55:00+00:00,none,none,0.0
AWS-IND-KA-001,2026-08-26 16:00:00+00:00,none,none,0.0
AWS-IND-KA-001,2026-08-26 16:05:00+00:00,none,none,0.0
AWS-IND-KA-001,2026-08-26 16:10:00+00:00,none,none,0.0
AWS-IND-KA-001,2026-08-26 16:15:00+00:00,none,none,0.0
AWS-IND-KA-001,2026-08-26 16:20:00+00:00,none,none,0.0
AWS-IND-KA-001,2026-08-26 16:25:00+00:00,none,none,0.0
AWS-IND-KA-001,2026-08-26 16:30:00+00:00,none,none,0.0
AWS-IND-KA-001,2026-08-26 16:35:00+00:00,none,none,0.0
AWS-IND-KA-001,2026-08-26 16:40:00+00:00,none,none,0.0
AWS-IND-KA-001,2026-08-26 16:45:00+00:00,none,none,0.0
AWS-IND-KA-001,2026-08-26 16:50:00+00:00,none,none,0.0
AWS-IND-KA-001,2026-08-26 16:55:00+00:00,none,none,0.0
AWS-IND-KA-001,2026-08-26 17:00:00+00:00,none,none,0.0
AWS-IND-KA-001,2026-08-26 17:05:00+00:00,none,none,0.0
AWS-IND-KA-001,2026-08-26 17:10:00+00:00,none,none,0.0
AWS-IND-KA-001,2026-08-26 17:15:00+00:00,none,none,0.0
AWS-IND-KA-001,2026-08-26 17:20:00+00:00,none,none,0.0
AWS-IND-KA-001,2026-08-26 17:25:00+00:00,none,none,0.0
AWS-IND-KA-001,2026-08-26 17:30:00+00:00,none,none,0.0
AWS-IND-KA-001,2026-08-26 17:35:00+00:00,none,none,0.0
AWS-IND-KA-001,2026-08-26 17:40:00+00:00,none,none,0.0
AWS-IND-KA-001,2026-08-26 17:45:00+00:00,none,none,0.0
AWS-IND-KA-001,2026-08-26 17:50:00+00:00,none,none,0.0
AWS-IND-KA-001,2026-08-26 17:55:00+00:00,none,none,0.0
AWS-IND-KA-001,2026-08-26 18:00:00+00:00,none,none,0.0
AWS-IND-KA-001,2026-08-26 18:05:00+00:00,none,none,0.0
AWS-IND-KA-001,2026-08-26 18:10:00+00:00,none,none,0.0
AWS-IND-KA-001,2026-08-26 18:15:00+00:00,none,none,0.0
AWS-IND-KA-001,2026-08-26 18:20:00+00:00,none,none,0.0
AWS-IND-KA-001,2026-08-26 18:25:00+00:00,none,none,0.0
AWS-IND-KA-001,2026-08-26 18:30:00+00:00,none,none,0.0
AWS-IND-KA-001,2026-08-26 18:35:00+00:00,none,none,0.0
AWS-IND-KA-001,2026-08-26 18:40:00+00:00,none,none,0.0
AWS-IND-KA-001,2026-08-26 18:45:00+00:00,none,none,0.0
AWS-IND-KA-001,2026-08-26 18:50:00+00:00,none,none,0.0
AWS-IND-KA-001,2026-08-26 18:55:00+00:00,none,none,0.0
AWS-IND-KA-001,2026-08-26 19:00:00+00:00,none,none,0.0
AWS-IND-KA-001,2026-08-26 19:05:00+00:00,none,none,0.0
AWS-IND-KA-001,2026-08-26 19:10:00+00:00,none,none,0.0
AWS-IND-KA-001,2026-08-26 19:15:00+00:00,none,none,0.0
AWS-IND-KA-001,2026-08-26 19:20:00+00:00,none,none,0.0
AWS-IND-KA-001,2026-08-26 19:25:00+00:00,none,none,0.0
AWS-IND-KA-001,2026-08-26 19:30:00+00:00,none,none,0.0
AWS-IND-KA-001,2026-08-26 19:35:00+00:00,none,none,0.0
AWS-IND-KA-001,2026-08-26 19:40:00+00:00,none,none,0.0
AWS-IND-KA-001,2026-08-26 19:45:00+00:00,none,none,0.0
AWS-IND-KA-001,2026-08-26 19:50:00+00:00,none,none,0.0
AWS-IND-KA-001,2026-08-26 19:55:00+00:00,none,none,0.0
AWS-IND-KA-001,2026-08-26 20:00:00+00:00,none,none,0.0
AWS-IND-KA-001,2026-08-26 20:05:00+00:00,none,none,0.0
AWS-IND-KA-001,2026-08-26 20:10:00+00:00,none,none,0.0
AWS-IND-KA-001,2026-08-26 20:15:00+00:00,none,none,0.0
AWS-IND-KA-001,2026-08-26 20:20:00+00:00,none,none,0.0
AWS-IND-KA-001,2026-08-26 20:25:00+00:00,none,none,0.0
AWS-IND-KA-001,2026-08-26 20:30:00+00:00,none,none,0.0
AWS-IND-KA-001,2026-08-26 20:35:00+00:00,none,none,0.0
AWS-IND-KA-001,2026-08-26 20:40:00+00:00,none,none,0.0
AWS-IND-KA-001,2026-08-26 20:45:00+00:00,none,none,0.0
AWS-IND-KA-001,2026-08-26 20:50:00+00:00,none,none,0.0
AWS-IND-KA-001,2026-08-26 20:55:00+00:00,none,none,0.0
AWS-IND-KA-001,2026-08-26 21:00:00+00:00,none,none,0.0
AWS-IND-KA-001,2026-08-26 21:05:00+00:00,none,none,0.0
AWS-IND-KA-001,2026-08-26 21:10:00+00:00,none,none,0.0
AWS-IND-KA-001,2026-08-26 21:15:00+00:00,none,none,0.0
AWS-IND-KA-001,2026-08-26 21:20:00+00:00,spike,humidity_pct,-39.959511207581286
AWS-IND-KA-001,2026-08-26 21:25:00+00:00,spike,humidity_pct,-39.959511207581286
AWS-IND-KA-001,2026-08-26 21:30:00+00:00,spike,humidity_pct,-39.959511207581286
AWS-IND-KA-001,2026-08-26 21:35:00+00:00,none,none,0.0
AWS-IND-KA-001,2026-08-26 21:40:00+00:00,none,none,0.0
AWS-IND-KA-001,2026-08-26 21:45:00+00:00,none,none,0.0
AWS-IND-KA-001,2026-08-26 21:50:00+00:00,none,none,0.0
AWS-IND-KA-001,2026-08-26 21:55:00+00:00,none,none,0.0
AWS-IND-KA-001,2026-08-26 22:00:00+00:00,none,none,0.0
AWS-IND-KA-001,2026-08-26 22:05:00+00:00,none,none,0.0
AWS-IND-KA-001,2026-08-26 22:10:00+00:00,none,none,0.0
AWS-IND-KA-001,2026-08-26 22:15:00+00:00,none,none,0.0
AWS-IND-KA-001,2026-08-26 22:20:00+00:00,none,none,0.0
AWS-IND-KA-001,2026-08-26 22:25:00+00:00,none,none,0.0
AWS-IND-KA-001,2026-08-26 22:30:00+00:00,none,none,0.0
AWS-IND-KA-001,2026-08-26 22:35:00+00:00,none,none,0.0
AWS-IND-KA-001,2026-08-26 22:40:00+00:00,none,none,0.0
AWS-IND-KA-001,2026-08-26 22:45:00+00:00,none,none,0.0
AWS-IND-KA-001,2026-08-26 22:50:00+00:00,none,none,0.0
AWS-IND-KA-001,2026-08-26 22:55:00+00:00,none,none,0.0
AWS-IND-KA-001,2026-08-26 23:00:00+00:00,none,none,0.0
AWS-IND-KA-001,2026-08-26 23:05:00+00:00,none,none,0.0
AWS-IND-KA-001,2026-08-26 23:10:00+00:00,none,none,0.0
AWS-IND-KA-001,2026-08-26 23:15:00+00:00,none,none,0.0
AWS-IND-KA-001,2026-08-26 23:20:00+00:00,none,none,0.0
AWS-IND-KA-001,2026-08-26 23:25:00+00:00,none,none,0.0
AWS-IND-KA-001,2026-08-26 23:30:00+00:00,none,none,0.0
AWS-IND-KA-001,2026-08-26 23:35:00+00:00,none,none,0.0
AWS-IND-KA-001,2026-08-26 23:40:00+00:00,none,none,0.0
AWS-IND-KA-001,2026-08-26 23:45:00+00:00,none,none,0.0
AWS-IND-KA-001,2026-08-26 23:50:00+00:00,none,none,0.0
AWS-IND-KA-001,2026-08-26 23:55:00+00:00,none,none,0.0
AWS-IND-KA-001,2026-08-27 00:00:00+00:00,none,none,0.0
AWS-IND-KA-001,2026-08-27 00:05:00+00:00,none,none,0.0
AWS-IND-KA-001,2026-08-27 00:10:00+00:00,none,none,0.0
AWS-IND-KA-001,2026-08-27 00:15:00+00:00,none,none,0.0
AWS-IND-KA-001,2026-08-27 00:20:00+00:00,none,none,0.0
AWS-IND-KA-001,2026-08-27 00:25:00+00:00,none,none,0.0
AWS-IND-KA-001,2026-08-27 00:30:00+00:00,none,none,0.0
AWS-IND-KA-001,2026-08-27 00:35:00+00:00,none,none,0.0
AWS-IND-KA-001,2026-08-27 00:40:00+00:00,none,none,0.0
AWS-IND-KA-001,2026-08-27 00:45:00+00:00,none,none,0.0
AWS-IND-KA-001,2026-08-27 00:50:00+00:00,none,none,0.0
AWS-IND-KA-001,2026-08-27 00:55:00+00:00,none,none,0.0
AWS-IND-KA-001,2026-08-27 01:00:00+00:00,none,none,0.0
AWS-IND-KA-001,2026-08-27 01:05:00+00:00,none,none,0.0
AWS-IND-KA-001,2026-08-27 01:10:00+00:00,none,none,0.0
AWS-IND-KA-001,2026-08-27 01:15:00+00:00,none,none,0.0
AWS-IND-KA-001,2026-08-27 01:20:00+00:00,none,none,0.0
AWS-IND-KA-001,2026-08-27 01:25:00+00:00,none,none,0.0
AWS-IND-KA-001,2026-08-27 01:30:00+00:00,none,none,0.0
AWS-IND-KA-001,2026-08-27 01:35:00+00:00,none,none,0.0
AWS-IND-KA-001,2026-08-27 01:40:00+00:00,none,none,0.0
AWS-IND-KA-001,2026-08-27 01:45:00+00:00,none,none,0.0
AWS-IND-KA-001,2026-08-27 01:50:00+00:00,none,none,0.0
AWS-IND-KA-001,2026-08-27 01:55:00+00:00,none,none,0.0
AWS-IND-KA-001,2026-08-27 02:00:00+00:00,none,none,0.0
AWS-IND-KA-001,2026-08-27 02:05:00+00:00,none,none,0.0
AWS-IND-KA-001,2026-08-27 02:10:00+00:00,none,none,0.0
AWS-IND-KA-001,2026-08-27 02:15:00+00:00,none,none,0.0
AWS-IND-KA-001,2026-08-27 02:20:00+00:00,none,none,0.0
AWS-IND-KA-001,2026-08-27 02:25:00+00:00,none,none,0.0
AWS-IND-KA-001,2026-08-27 02:30:00+00:00,none,none,0.0
AWS-IND-KA-001,2026-08-27 02:35:00+00:00,none,none,0.0
AWS-IND-KA-001,2026-08-27 02:40:00+00:00,none,none,0.0
AWS-IND-KA-001,2026-08-27 02:45:00+00:00,none,none,0.0
AWS-IND-KA-001,2026-08-27 02:50:00+00:00,none,none,0.0
AWS-IND-KA-001,2026-08-27 02:55:00+00:00,none,none,0.0
AWS-IND-KA-001,2026-08-27 03:00:00+00:00,none,none,0.0
AWS-IND-KA-001,2026-08-27 03:05:00+00:00,none,none,0.0
AWS-IND-KA-001,2026-08-27 03:10:00+00:00,none,none,0.0
AWS-IND-KA-001,2026-08-27 03:15:00+00:00,none,none,0.0
AWS-IND-KA-001,2026-08-27 03:20:00+00:00,none,none,0.0
AWS-IND-KA-001,2026-08-27 03:25:00+00:00,none,none,0.0
AWS-IND-KA-001,2026-08-27 03:30:00+00:00,none,none,0.0
AWS-IND-KA-001,2026-08-27 03:35:00+00:00,spike,humidity_pct,-37.38763020664206
AWS-IND-KA-001,2026-08-27 03:40:00+00:00,none,none,0.0
AWS-IND-KA-001,2026-08-27 03:45:00+00:00,none,none,0.0
AWS-IND-KA-001,2026-08-27 03:50:00+00:00,none,none,0.0
AWS-IND-KA-001,2026-08-27 03:55:00+00:00,none,none,0.0
AWS-IND-KA-001,2026-08-27 04:00:00+00:00,none,none,0.0
AWS-IND-KA-001,2026-08-27 04:05:00+00:00,none,none,0.0
AWS-IND-KA-001,2026-08-27 04:10:00+00:00,none,none,0.0
AWS-IND-KA-001,2026-08-27 04:15:00+00:00,none,none,0.0
AWS-IND-KA-001,2026-08-27 04:20:00+00:00,none,none,0.0
AWS-IND-KA-001,2026-08-27 04:25:00+00:00,none,none,0.0
AWS-IND-KA-001,2026-08-27 04:30:00+00:00,spike,temperature_c,10.519952680436596
AWS-IND-KA-001,2026-08-27 04:35:00+00:00,none,none,0.0
AWS-IND-KA-001,2026-08-27 04:40:00+00:00,none,none,0.0
AWS-IND-KA-001,2026-08-27 04:45:00+00:00,none,none,0.0
AWS-IND-KA-001,2026-08-27 04:50:00+00:00,none,none,0.0
AWS-IND-KA-001,2026-08-27 04:55:00+00:00,none,none,0.0
AWS-IND-KA-001,2026-08-27 05:00:00+00:00,none,none,0.0
AWS-IND-KA-001,2026-08-27 05:05:00+00:00,none,none,0.0
AWS-IND-KA-001,2026-08-27 05:10:00+00:00,none,none,0.0
AWS-IND-KA-001,2026-08-27 05:15:00+00:00,none,none,0.0
AWS-IND-KA-001,2026-08-27 05:20:00+00:00,none,none,0.0
AWS-IND-KA-001,2026-08-27 05:25:00+00:00,none,none,0.0
AWS-IND-KA-001,2026-08-27 05:30:00+00:00,none,none,0.0
AWS-IND-KA-001,2026-08-27 05:35:00+00:00,none,none,0.0
AWS-IND-KA-001,2026-08-27 05:40:00+00:00,none,none,0.0
AWS-IND-KA-001,2026-08-27 05:45:00+00:00,none,none,0.0
AWS-IND-KA-001,2026-08-27 05:50:00+00:00,none,none,0.0
AWS-IND-KA-001,2026-08-27 05:55:00+00:00,none,none,0.0
AWS-IND-KA-001,2026-08-27 06:00:00+00:00,none,none,0.0
AWS-IND-KA-001,2026-08-27 06:05:00+00:00,none,none,0.0
AWS-IND-KA-001,2026-08-27 06:10:00+00:00,none,none,0.0
AWS-IND-KA-001,2026-08-27 06:15:00+00:00,none,none,0.0
AWS-IND-KA-001,2026-08-27 06:20:00+00:00,none,none,0.0
AWS-IND-KA-001,2026-08-27 06:25:00+00:00,none,none,0.0
AWS-IND-KA-001,2026-08-27 06:30:00+00:00,none,none,0.0
AWS-IND-KA-001,2026-08-27 06:35:00+00:00,none,none,0.0
AWS-IND-KA-001,2026-08-27 06:40:00+00:00,none,none,0.0
AWS-IND-KA-001,2026-08-27 06:45:00+00:00,none,none,0.0
AWS-IND-KA-001,2026-08-27 06:50:00+00:00,none,none,0.0
AWS-IND-KA-001,2026-08-27 06:55:00+00:00,none,none,0.0
AWS-IND-KA-001,2026-08-27 07:00:00+00:00,none,none,0.0
AWS-IND-KA-001,2026-08-27 07:05:00+00:00,none,none,0.0
AWS-IND-KA-001,2026-08-27 07:10:00+00:00,none,none,0.0
AWS-IND-KA-001,2026-08-27 07:15:00+00:00,none,none,0.0
AWS-IND-KA-001,2026-08-27 07:20:00+00:00,none,none,0.0
AWS-IND-KA-001,2026-08-27 07:25:00+00:00,none,none,0.0
AWS-IND-KA-001,2026-08-27 07:30:00+00:00,none,none,0.0
AWS-IND-KA-001,2026-08-27 07:35:00+00:00,none,none,0.0
AWS-IND-KA-001,2026-08-27 07:40:00+00:00,none,none,0.0
AWS-IND-KA-001,2026-08-27 07:45:00+00:00,none,none,0.0
AWS-IND-KA-001,2026-08-27 07:50:00+00:00,none,none,0.0
AWS-IND-KA-001,2026-08-27 07:55:00+00:00,none,none,0.0
AWS-IND-KA-001,2026-08-27 08:00:00+00:00,none,none,0.0
AWS-IND-KA-001,2026-08-27 08:05:00+00:00,none,none,0.0
AWS-IND-KA-001,2026-08-27 08:10:00+00:00,none,none,0.0
AWS-IND-KA-001,2026-08-27 08:15:00+00:00,none,none,0.0
AWS-IND-KA-001,2026-08-27 08:20:00+00:00,none,none,0.0
AWS-IND-KA-001,2026-08-27 08:25:00+00:00,none,none,0.0
AWS-IND-KA-001,2026-08-27 08:30:00+00:00,none,none,0.0
AWS-IND-KA-001,2026-08-27 08:35:00+00:00,none,none,0.0
AWS-IND-KA-001,2026-08-27 08:40:00+00:00,none,none,0.0
AWS-IND-KA-001,2026-08-27 08:45:00+00:00,none,none,0.0
AWS-IND-KA-001,2026-08-27 08:50:00+00:00,none,none,0.0
AWS-IND-KA-001,2026-08-27 08:55:00+00:00,none,none,0.0
AWS-IND-KA-001,2026-08-27 09:00:00+00:00,none,none,0.0
AWS-IND-KA-001,2026-08-27 09:05:00+00:00,none,none,0.0
AWS-IND-KA-001,2026-08-27 09:10:00+00:00,none,none,0.0
AWS-IND-KA-001,2026-08-27 09:15:00+00:00,none,none,0.0
AWS-IND-KA-001,2026-08-27 09:20:00+00:00,none,none,0.0
AWS-IND-KA-001,2026-08-27 09:25:00+00:00,none,none,0.0
AWS-IND-KA-001,2026-08-27 09:30:00+00:00,none,none,0.0
AWS-IND-KA-001,2026-08-27 09:35:00+00:00,none,none,0.0
AWS-IND-KA-001,2026-08-27 09:40:00+00:00,none,none,0.0
AWS-IND-KA-001,2026-08-27 09:45:00+00:00,none,none,0.0
AWS-IND-KA-001,2026-08-27 09:50:00+00:00,none,none,0.0
AWS-IND-KA-001,2026-08-27 09:55:00+00:00,none,none,0.0
AWS-IND-KA-001,2026-08-27 10:00:00+00:00,none,none,0.0
AWS-IND-KA-001,2026-08-27 10:05:00+00:00,none,none,0.0
AWS-IND-KA-001,2026-08-27 10:10:00+00:00,none,none,0.0
AWS-IND-KA-001,2026-08-27 10:15:00+00:00,none,none,0.0
AWS-IND-KA-001,2026-08-27 10:20:00+00:00,none,none,0.0
AWS-IND-KA-001,2026-08-27 10:25:00+00:00,none,none,0.0
AWS-IND-KA-001,2026-08-27 10:30:00+00:00,none,none,0.0
AWS-IND-KA-001,2026-08-27 10:35:00+00:00,none,none,0.0
AWS-IND-KA-001,2026-08-27 10:40:00+00:00,none,none,0.0
AWS-IND-KA-001,2026-08-27 10:45:00+00:00,none,none,0.0
AWS-IND-KA-001,2026-08-27 10:50:00+00:00,none,none,0.0
AWS-IND-KA-001,2026-08-27 10:55:00+00:00,none,none,0.0
AWS-IND-KA-001,2026-08-27 11:00:00+00:00,none,none,0.0
AWS-IND-KA-001,2026-08-27 11:05:00+00:00,none,none,0.0
AWS-IND-KA-001,2026-08-27 11:10:00+00:00,none,none,0.0
AWS-IND-KA-001,2026-08-27 11:15:00+00:00,none,none,0.0
AWS-IND-KA-001,2026-08-27 11:20:00+00:00,none,none,0.0
AWS-IND-KA-001,2026-08-27 11:25:00+00:00,none,none,0.0
AWS-IND-KA-001,2026-08-27 11:30:00+00:00,none,none,0.0
AWS-IND-KA-001,2026-08-27 11:35:00+00:00,none,none,0.0
AWS-IND-KA-001,2026-08-27 11:40:00+00:00,none,none,0.0
AWS-IND-KA-001,2026-08-27 11:45:00+00:00,none,none,0.0
AWS-IND-KA-001,2026-08-27 11:50:00+00:00,none,none,0.0
AWS-IND-KA-001,2026-08-27 11:55:00+00:00,none,none,0.0
AWS-IND-KA-001,2026-08-27 12:00:00+00:00,none,none,0.0
AWS-IND-KA-001,2026-08-27 12:05:00+00:00,none,none,0.0
AWS-IND-KA-001,2026-08-27 12:10:00+00:00,none,none,0.0
AWS-IND-KA-001,2026-08-27 12:15:00+00:00,none,none,0.0
AWS-IND-KA-001,2026-08-27 12:20:00+00:00,none,none,0.0
AWS-IND-KA-001,2026-08-27 12:25:00+00:00,none,none,0.0
AWS-IND-KA-001,2026-08-27 12:30:00+00:00,none,none,0.0
AWS-IND-KA-001,2026-08-27 12:35:00+00:00,none,none,0.0
AWS-IND-KA-001,2026-08-27 12:40:00+00:00,none,none,0.0
AWS-IND-KA-001,2026-08-27 12:45:00+00:00,none,none,0.0
AWS-IND-KA-001,2026-08-27 12:50:00+00:00,none,none,0.0
AWS-IND-KA-001,2026-08-27 12:55:00+00:00,none,none,0.0
AWS-IND-KA-001,2026-08-27 13:00:00+00:00,none,none,0.0
AWS-IND-KA-001,2026-08-27 13:05:00+00:00,none,none,0.0
AWS-IND-KA-001,2026-08-27 13:10:00+00:00,none,none,0.0
AWS-IND-KA-001,2026-08-27 13:15:00+00:00,none,none,0.0
AWS-IND-KA-001,2026-08-27 13:20:00+00:00,none,none,0.0
AWS-IND-KA-001,2026-08-27 13:25:00+00:00,none,none,0.0
AWS-IND-KA-001,2026-08-27 13:30:00+00:00,none,none,0.0
AWS-IND-KA-001,2026-08-27 13:35:00+00:00,none,none,0.0
AWS-IND-KA-001,2026-08-27 13:40:00+00:00,none,none,0.0
AWS-IND-KA-001,2026-08-27 13:45:00+00:00,none,none,0.0
AWS-IND-KA-001,2026-08-27 13:50:00+00:00,none,none,0.0
AWS-IND-KA-001,2026-08-27 13:55:00+00:00,none,none,0.0
AWS-IND-KA-001,2026-08-27 14:00:00+00:00,none,none,0.0
AWS-IND-KA-001,2026-08-27 14:05:00+00:00,none,none,0.0
AWS-IND-KA-001,2026-08-27 14:10:00+00:00,none,none,0.0
AWS-IND-KA-001,2026-08-27 14:15:00+00:00,none,none,0.0
AWS-IND-KA-001,2026-08-27 14:20:00+00:00,none,none,0.0
AWS-IND-KA-001,2026-08-27 14:25:00+00:00,none,none,0.0
AWS-IND-KA-001,2026-08-27 14:30:00+00:00,none,none,0.0
AWS-IND-KA-001,2026-08-27 14:35:00+00:00,none,none,0.0
AWS-IND-KA-001,2026-08-27 14:40:00+00:00,none,none,0.0
AWS-IND-KA-001,2026-08-27 14:45:00+00:00,none,none,0.0
AWS-IND-KA-001,2026-08-27 14:50:00+00:00,none,none,0.0
AWS-IND-KA-001,2026-08-27 14:55:00+00:00,none,none,0.0
AWS-IND-KA-001,2026-08-27 15:00:00+00:00,none,none,0.0
AWS-IND-KA-001,2026-08-27 15:05:00+00:00,none,none,0.0
AWS-IND-KA-001,2026-08-27 15:10:00+00:00,none,none,0.0
AWS-IND-KA-001,2026-08-27 15:15:00+00:00,none,none,0.0
AWS-IND-KA-001,2026-08-27 15:20:00+00:00,none,none,0.0
AWS-IND-KA-001,2026-08-27 15:25:00+00:00,none,none,0.0
AWS-IND-KA-001,2026-08-27 15:30:00+00:00,none,none,0.0
AWS-IND-KA-001,2026-08-27 15:35:00+00:00,none,none,0.0
AWS-IND-KA-001,2026-08-27 15:40:00+00:00,none,none,0.0
AWS-IND-KA-001,2026-08-27 15:45:00+00:00,none,none,0.0
AWS-IND-KA-001,2026-08-27 15:50:00+00:00,none,none,0.0
AWS-IND-KA-001,2026-08-27 15:55:00+00:00,none,none,0.0
AWS-IND-KA-001,2026-08-27 16:00:00+00:00,none,none,0.0
AWS-IND-KA-001,2026-08-27 16:05:00+00:00,none,none,0.0
AWS-IND-KA-001,2026-08-27 16:10:00+00:00,none,none,0.0
AWS-IND-KA-001,2026-08-27 16:15:00+00:00,none,none,0.0
AWS-IND-KA-001,2026-08-27 16:20:00+00:00,none,none,0.0
AWS-IND-KA-001,2026-08-27 16:25:00+00:00,none,none,0.0
AWS-IND-KA-001,2026-08-27 16:30:00+00:00,none,none,0.0
AWS-IND-KA-001,2026-08-27 16:35:00+00:00,none,none,0.0
AWS-IND-KA-001,2026-08-27 16:40:00+00:00,none,none,0.0
AWS-IND-KA-001,2026-08-27 16:45:00+00:00,none,none,0.0
AWS-IND-KA-001,2026-08-27 16:50:00+00:00,none,none,0.0
AWS-IND-KA-001,2026-08-27 16:55:00+00:00,none,none,0.0
AWS-IND-KA-001,2026-08-27 17:00:00+00:00,none,none,0.0
AWS-IND-KA-001,2026-08-27 17:05:00+00:00,none,none,0.0
AWS-IND-KA-001,2026-08-27 17:10:00+00:00,none,none,0.0
AWS-IND-KA-001,2026-08-27 17:15:00+00:00,none,none,0.0
AWS-IND-KA-001,2026-08-27 17:20:00+00:00,none,none,0.0
AWS-IND-KA-001,2026-08-27 17:25:00+00:00,none,none,0.0
AWS-IND-KA-001,2026-08-27 17:30:00+00:00,none,none,0.0
AWS-IND-KA-001,2026-08-27 17:35:00+00:00,none,none,0.0
AWS-IND-KA-001,2026-08-27 17:40:00+00:00,none,none,0.0
AWS-IND-KA-001,2026-08-27 17:45:00+00:00,none,none,0.0
AWS-IND-KA-001,2026-08-27 17:50:00+00:00,none,none,0.0
AWS-IND-KA-001,2026-08-27 17:55:00+00:00,none,none,0.0
AWS-IND-KA-001,2026-08-27 18:00:00+00:00,none,none,0.0
AWS-IND-KA-001,2026-08-27 18:05:00+00:00,none,none,0.0
AWS-IND-KA-001,2026-08-27 18:10:00+00:00,none,none,0.0
AWS-IND-KA-001,2026-08-27 18:15:00+00:00,none,none,0.0
AWS-IND-KA-001,2026-08-27 18:20:00+00:00,none,none,0.0
AWS-IND-KA-001,2026-08-27 18:25:00+00:00,none,none,0.0
AWS-IND-KA-001,2026-08-27 18:30:00+00:00,none,none,0.0
AWS-IND-KA-001,2026-08-27 18:35:00+00:00,none,none,0.0
AWS-IND-KA-001,2026-08-27 18:40:00+00:00,none,none,0.0
AWS-IND-KA-001,2026-08-27 18:45:00+00:00,none,none,0.0
AWS-IND-KA-001,2026-08-27 18:50:00+00:00,none,none,0.0
AWS-IND-KA-001,2026-08-27 18:55:00+00:00,none,none,0.0
AWS-IND-KA-001,2026-08-27 19:00:00+00:00,none,none,0.0
AWS-IND-KA-001,2026-08-27 19:05:00+00:00,none,none,0.0
AWS-IND-KA-001,2026-08-27 19:10:00+00:00,none,none,0.0
AWS-IND-KA-001,2026-08-27 19:15:00+00:00,none,none,0.0
AWS-IND-KA-001,2026-08-27 19:20:00+00:00,none,none,0.0
AWS-IND-KA-001,2026-08-27 19:25:00+00:00,none,none,0.0
AWS-IND-KA-001,2026-08-27 19:30:00+00:00,none,none,0.0
AWS-IND-KA-001,2026-08-27 19:35:00+00:00,none,none,0.0
AWS-IND-KA-001,2026-08-27 19:40:00+00:00,none,none,0.0
AWS-IND-KA-001,2026-08-27 19:45:00+00:00,none,none,0.0
AWS-IND-KA-001,2026-08-27 19:50:00+00:00,none,none,0.0
AWS-IND-KA-001,2026-08-27 19:55:00+00:00,none,none,0.0
AWS-IND-KA-001,2026-08-27 20:00:00+00:00,none,none,0.0
AWS-IND-KA-001,2026-08-27 20:05:00+00:00,none,none,0.0
AWS-IND-KA-001,2026-08-27 20:10:00+00:00,none,none,0.0
AWS-IND-KA-001,2026-08-27 20:15:00+00:00,none,none,0.0
AWS-IND-KA-001,2026-08-27 20:20:00+00:00,none,none,0.0
AWS-IND-KA-001,2026-08-27 20:25:00+00:00,none,none,0.0
AWS-IND-KA-001,2026-08-27 20:30:00+00:00,none,none,0.0
AWS-IND-KA-001,2026-08-27 20:35:00+00:00,none,none,0.0
AWS-IND-KA-001,2026-08-27 20:40:00+00:00,none,none,0.0
AWS-IND-KA-001,2026-08-27 20:45:00+00:00,none,none,0.0
AWS-IND-KA-001,2026-08-27 20:50:00+00:00,none,none,0.0
AWS-IND-KA-001,2026-08-27 20:55:00+00:00,none,none,0.0
AWS-IND-KA-001,2026-08-27 21:00:00+00:00,none,none,0.0
AWS-IND-KA-001,2026-08-27 21:05:00+00:00,none,none,0.0
AWS-IND-KA-001,2026-08-27 21:10:00+00:00,none,none,0.0
AWS-IND-KA-001,2026-08-27 21:15:00+00:00,none,none,0.0
AWS-IND-KA-001,2026-08-27 21:20:00+00:00,none,none,0.0
AWS-IND-KA-001,2026-08-27 21:25:00+00:00,none,none,0.0
AWS-IND-KA-001,2026-08-27 21:30:00+00:00,none,none,0.0
AWS-IND-KA-001,2026-08-27 21:35:00+00:00,none,none,0.0
AWS-IND-KA-001,2026-08-27 21:40:00+00:00,none,none,0.0
AWS-IND-KA-001,2026-08-27 21:45:00+00:00,none,none,0.0
AWS-IND-KA-001,2026-08-27 21:50:00+00:00,none,none,0.0
AWS-IND-KA-001,2026-08-27 21:55:00+00:00,none,none,0.0
AWS-IND-KA-001,2026-08-27 22:00:00+00:00,none,none,0.0
AWS-IND-KA-001,2026-08-27 22:05:00+00:00,none,none,0.0
AWS-IND-KA-001,2026-08-27 22:10:00+00:00,none,none,0.0
AWS-IND-KA-001,2026-08-27 22:15:00+00:00,none,none,0.0
AWS-IND-KA-001,2026-08-27 22:20:00+00:00,none,none,0.0
AWS-IND-KA-001,2026-08-27 22:25:00+00:00,none,none,0.0
AWS-IND-KA-001,2026-08-27 22:30:00+00:00,none,none,0.0
AWS-IND-KA-001,2026-08-27 22:35:00+00:00,none,none,0.0
AWS-IND-KA-001,2026-08-27 22:40:00+00:00,none,none,0.0
AWS-IND-KA-001,2026-08-27 22:45:00+00:00,none,none,0.0
AWS-IND-KA-001,2026-08-27 22:50:00+00:00,none,none,0.0
AWS-IND-KA-001,2026-08-27 22:55:00+00:00,none,none,0.0
AWS-IND-KA-001,2026-08-27 23:00:00+00:00,none,none,0.0
AWS-IND-KA-001,2026-08-27 23:05:00+00:00,none,none,0.0
AWS-IND-KA-001,2026-08-27 23:10:00+00:00,none,none,0.0
AWS-IND-KA-001,2026-08-27 23:15:00+00:00,none,none,0.0
AWS-IND-KA-001,2026-08-27 23:20:00+00:00,none,none,0.0
AWS-IND-KA-001,2026-08-27 23:25:00+00:00,none,none,0.0
AWS-IND-KA-001,2026-08-27 23:30:00+00:00,none,none,0.0
AWS-IND-KA-001,2026-08-27 23:35:00+00:00,none,none,0.0
AWS-IND-KA-001,2026-08-27 23:40:00+00:00,none,none,0.0
AWS-IND-KA-001,2026-08-27 23:45:00+00:00,none,none,0.0
AWS-IND-KA-001,2026-08-27 23:50:00+00:00,none,none,0.0
AWS-IND-KA-001,2026-08-27 23:55:00+00:00,none,none,0.0
AWS-IND-KA-001,2026-08-28 00:00:00+00:00,none,none,0.0
AWS-IND-KA-001,2026-08-28 00:05:00+00:00,none,none,0.0
AWS-IND-KA-001,2026-08-28 00:10:00+00:00,none,none,0.0
AWS-IND-KA-001,2026-08-28 00:15:00+00:00,none,none,0.0
AWS-IND-KA-001,2026-08-28 00:20:00+00:00,none,none,0.0
AWS-IND-KA-001,2026-08-28 00:25:00+00:00,none,none,0.0
AWS-IND-KA-001,2026-08-28 00:30:00+00:00,none,none,0.0
AWS-IND-KA-001,2026-08-28 00:35:00+00:00,none,none,0.0
AWS-IND-KA-001,2026-08-28 00:40:00+00:00,none,none,0.0
AWS-IND-KA-001,2026-08-28 00:45:00+00:00,none,none,0.0
AWS-IND-KA-001,2026-08-28 00:50:00+00:00,flatline,pressure_hpa,922.3502318722697
AWS-IND-KA-001,2026-08-28 00:55:00+00:00,flatline,pressure_hpa,922.3502318722697
AWS-IND-KA-001,2026-08-28 01:00:00+00:00,flatline,pressure_hpa,922.3502318722697
AWS-IND-KA-001,2026-08-28 01:05:00+00:00,flatline,pressure_hpa,922.3502318722697
AWS-IND-KA-001,2026-08-28 01:10:00+00:00,flatline,pressure_hpa,922.3502318722697
AWS-IND-KA-001,2026-08-28 01:15:00+00:00,flatline,pressure_hpa,922.3502318722697
AWS-IND-KA-001,2026-08-28 01:20:00+00:00,flatline,pressure_hpa,922.3502318722697
AWS-IND-KA-001,2026-08-28 01:25:00+00:00,flatline,pressure_hpa,922.3502318722697
AWS-IND-KA-001,2026-08-28 01:30:00+00:00,flatline,pressure_hpa,922.3502318722697
AWS-IND-KA-001,2026-08-28 01:35:00+00:00,flatline,pressure_hpa,922.3502318722697
AWS-IND-KA-001,2026-08-28 01:40:00+00:00,flatline,pressure_hpa,922.3502318722697
AWS-IND-KA-001,2026-08-28 01:45:00+00:00,flatline,pressure_hpa,922.3502318722697
AWS-IND-KA-001,2026-08-28 01:50:00+00:00,flatline,pressure_hpa,922.3502318722697
AWS-IND-KA-001,2026-08-28 01:55:00+00:00,flatline,pressure_hpa,922.3502318722697
AWS-IND-KA-001,2026-08-28 02:00:00+00:00,flatline,pressure_hpa,922.3502318722697
AWS-IND-KA-001,2026-08-28 02:05:00+00:00,flatline,pressure_hpa,922.3502318722697
AWS-IND-KA-001,2026-08-28 02:10:00+00:00,flatline,pressure_hpa,922.3502318722697
AWS-IND-KA-001,2026-08-28 02:15:00+00:00,flatline,pressure_hpa,922.3502318722697
AWS-IND-KA-001,2026-08-28 02:20:00+00:00,flatline,pressure_hpa,922.3502318722697
AWS-IND-KA-001,2026-08-28 02:25:00+00:00,flatline,pressure_hpa,922.3502318722697
AWS-IND-KA-001,2026-08-28 02:30:00+00:00,flatline,pressure_hpa,922.3502318722697
AWS-IND-KA-001,2026-08-28 02:35:00+00:00,flatline,pressure_hpa,922.3502318722697
AWS-IND-KA-001,2026-08-28 02:40:00+00:00,flatline,pressure_hpa,922.3502318722697
AWS-IND-KA-001,2026-08-28 02:45:00+00:00,flatline,pressure_hpa,922.3502318722697
AWS-IND-KA-001,2026-08-28 02:50:00+00:00,flatline,pressure_hpa,922.3502318722697
AWS-IND-KA-001,2026-08-28 02:55:00+00:00,flatline,pressure_hpa,922.3502318722697
AWS-IND-KA-001,2026-08-28 03:00:00+00:00,flatline,pressure_hpa,922.3502318722697
AWS-IND-KA-001,2026-08-28 03:05:00+00:00,flatline,pressure_hpa,922.3502318722697
AWS-IND-KA-001,2026-08-28 03:10:00+00:00,flatline,pressure_hpa,922.3502318722697
AWS-IND-KA-001,2026-08-28 03:15:00+00:00,flatline,pressure_hpa,922.3502318722697
AWS-IND-KA-001,2026-08-28 03:20:00+00:00,flatline,pressure_hpa,922.3502318722697
AWS-IND-KA-001,2026-08-28 03:25:00+00:00,flatline,pressure_hpa,922.3502318722697
AWS-IND-KA-001,2026-08-28 03:30:00+00:00,flatline,pressure_hpa,922.3502318722697
AWS-IND-KA-001,2026-08-28 03:35:00+00:00,flatline,pressure_hpa,922.3502318722697
AWS-IND-KA-001,2026-08-28 03:40:00+00:00,flatline,pressure_hpa,922.3502318722697
AWS-IND-KA-001,2026-08-28 03:45:00+00:00,flatline,pressure_hpa,922.3502318722697
AWS-IND-KA-001,2026-08-28 03:50:00+00:00,flatline,pressure_hpa,922.3502318722697
AWS-IND-KA-001,2026-08-28 03:55:00+00:00,flatline,pressure_hpa,922.3502318722697
AWS-IND-KA-001,2026-08-28 04:00:00+00:00,flatline,pressure_hpa,922.3502318722697
AWS-IND-KA-001,2026-08-28 04:05:00+00:00,flatline,pressure_hpa,922.3502318722697
AWS-IND-KA-001,2026-08-28 04:10:00+00:00,flatline,pressure_hpa,922.3502318722697
AWS-IND-KA-001,2026-08-28 04:15:00+00:00,flatline,pressure_hpa,922.3502318722697
AWS-IND-KA-001,2026-08-28 04:20:00+00:00,flatline,pressure_hpa,922.3502318722697
AWS-IND-KA-001,2026-08-28 04:25:00+00:00,flatline,pressure_hpa,922.3502318722697
AWS-IND-KA-001,2026-08-28 04:30:00+00:00,flatline,pressure_hpa,922.3502318722697
AWS-IND-KA-001,2026-08-28 04:35:00+00:00,flatline,pressure_hpa,922.3502318722697
AWS-IND-KA-001,2026-08-28 04:40:00+00:00,none,none,0.0
AWS-IND-KA-001,2026-08-28 04:45:00+00:00,none,none,0.0
AWS-IND-KA-001,2026-08-28 04:50:00+00:00,none,none,0.0
AWS-IND-KA-001,2026-08-28 04:55:00+00:00,none,none,0.0
AWS-IND-KA-001,2026-08-28 05:00:00+00:00,none,none,0.0
AWS-IND-KA-001,2026-08-28 05:05:00+00:00,none,none,0.0
AWS-IND-KA-001,2026-08-28 05:10:00+00:00,none,none,0.0
AWS-IND-KA-001,2026-08-28 05:15:00+00:00,none,none,0.0
AWS-IND-KA-001,2026-08-28 05:20:00+00:00,none,none,0.0
AWS-IND-KA-001,2026-08-28 05:25:00+00:00,none,none,0.0
AWS-IND-KA-001,2026-08-28 05:30:00+00:00,none,none,0.0
AWS-IND-KA-001,2026-08-28 05:35:00+00:00,none,none,0.0
AWS-IND-KA-001,2026-08-28 05:40:00+00:00,none,none,0.0
AWS-IND-KA-001,2026-08-28 05:45:00+00:00,none,none,0.0
AWS-IND-KA-001,2026-08-28 05:50:00+00:00,none,none,0.0
AWS-IND-KA-001,2026-08-28 05:55:00+00:00,none,none,0.0
AWS-IND-KA-001,2026-08-28 06:00:00+00:00,none,none,0.0
AWS-IND-KA-001,2026-08-28 06:05:00+00:00,none,none,0.0
AWS-IND-KA-001,2026-08-28 06:10:00+00:00,none,none,0.0
AWS-IND-KA-001,2026-08-28 06:15:00+00:00,none,none,0.0
AWS-IND-KA-001,2026-08-28 06:20:00+00:00,none,none,0.0
AWS-IND-KA-001,2026-08-28 06:25:00+00:00,none,none,0.0
AWS-IND-KA-001,2026-08-28 06:30:00+00:00,none,none,0.0
AWS-IND-KA-001,2026-08-28 06:35:00+00:00,none,none,0.0
AWS-IND-KA-001,2026-08-28 06:40:00+00:00,none,none,0.0
AWS-IND-KA-001,2026-08-28 06:45:00+00:00,none,none,0.0
AWS-IND-KA-001,2026-08-28 06:50:00+00:00,none,none,0.0
AWS-IND-KA-001,2026-08-28 06:55:00+00:00,none,none,0.0
AWS-IND-KA-001,2026-08-28 07:00:00+00:00,none,none,0.0
AWS-IND-KA-001,2026-08-28 07:05:00+00:00,none,none,0.0
AWS-IND-KA-001,2026-08-28 07:10:00+00:00,none,none,0.0
AWS-IND-KA-001,2026-08-28 07:15:00+00:00,none,none,0.0
AWS-IND-KA-001,2026-08-28 07:20:00+00:00,none,none,0.0
AWS-IND-KA-001,2026-08-28 07:25:00+00:00,none,none,0.0
AWS-IND-KA-001,2026-08-28 07:30:00+00:00,none,none,0.0
AWS-IND-KA-001,2026-08-28 07:35:00+00:00,none,none,0.0
AWS-IND-KA-001,2026-08-28 07:40:00+00:00,none,none,0.0
AWS-IND-KA-001,2026-08-28 07:45:00+00:00,none,none,0.0
AWS-IND-KA-001,2026-08-28 07:50:00+00:00,none,none,0.0
AWS-IND-KA-001,2026-08-28 07:55:00+00:00,none,none,0.0
AWS-IND-KA-001,2026-08-28 08:00:00+00:00,none,none,0.0
AWS-IND-KA-001,2026-08-28 08:05:00+00:00,none,none,0.0
AWS-IND-KA-001,2026-08-28 08:10:00+00:00,none,none,0.0
AWS-IND-KA-001,2026-08-28 08:15:00+00:00,none,none,0.0
AWS-IND-KA-001,2026-08-28 08:20:00+00:00,none,none,0.0
AWS-IND-KA-001,2026-08-28 08:25:00+00:00,none,none,0.0
AWS-IND-KA-001,2026-08-28 08:30:00+00:00,none,none,0.0
AWS-IND-KA-001,2026-08-28 08:35:00+00:00,none,none,0.0
AWS-IND-KA-001,2026-08-28 08:40:00+00:00,none,none,0.0
AWS-IND-KA-001,2026-08-28 08:45:00+00:00,none,none,0.0
AWS-IND-KA-001,2026-08-28 08:50:00+00:00,none,none,0.0
AWS-IND-KA-001,2026-08-28 08:55:00+00:00,none,none,0.0
AWS-IND-KA-001,2026-08-28 09:00:00+00:00,none,none,0.0
AWS-IND-KA-001,2026-08-28 09:05:00+00:00,none,none,0.0
AWS-IND-KA-001,2026-08-28 09:10:00+00:00,none,none,0.0
AWS-IND-KA-001,2026-08-28 09:15:00+00:00,none,none,0.0
AWS-IND-KA-001,2026-08-28 09:20:00+00:00,none,none,0.0
AWS-IND-KA-001,2026-08-28 09:25:00+00:00,none,none,0.0
AWS-IND-KA-001,2026-08-28 09:30:00+00:00,none,none,0.0
AWS-IND-KA-001,2026-08-28 09:35:00+00:00,none,none,0.0
AWS-IND-KA-001,2026-08-28 09:40:00+00:00,none,none,0.0
AWS-IND-KA-001,2026-08-28 09:45:00+00:00,none,none,0.0
AWS-IND-KA-001,2026-08-28 09:50:00+00:00,none,none,0.0
AWS-IND-KA-001,2026-08-28 09:55:00+00:00,none,none,0.0
AWS-IND-KA-001,2026-08-28 10:00:00+00:00,none,none,0.0
AWS-IND-KA-001,2026-08-28 10:05:00+00:00,none,none,0.0
AWS-IND-KA-001,2026-08-28 10:10:00+00:00,none,none,0.0
AWS-IND-KA-001,2026-08-28 10:15:00+00:00,none,none,0.0
AWS-IND-KA-001,2026-08-28 10:20:00+00:00,none,none,0.0
AWS-IND-KA-001,2026-08-28 10:25:00+00:00,none,none,0.0
AWS-IND-KA-001,2026-08-28 10:30:00+00:00,none,none,0.0
AWS-IND-KA-001,2026-08-28 10:35:00+00:00,none,none,0.0
AWS-IND-KA-001,2026-08-28 10:40:00+00:00,none,none,0.0
AWS-IND-KA-001,2026-08-28 10:45:00+00:00,none,none,0.0
AWS-IND-KA-001,2026-08-28 10:50:00+00:00,none,none,0.0
AWS-IND-KA-001,2026-08-28 10:55:00+00:00,none,none,0.0
AWS-IND-KA-001,2026-08-28 11:00:00+00:00,none,none,0.0
AWS-IND-KA-001,2026-08-28 11:05:00+00:00,none,none,0.0
AWS-IND-KA-001,2026-08-28 11:10:00+00:00,none,none,0.0
AWS-IND-KA-001,2026-08-28 11:15:00+00:00,none,none,0.0
AWS-IND-KA-001,2026-08-28 11:20:00+00:00,none,none,0.0
AWS-IND-KA-001,2026-08-28 11:25:00+00:00,none,none,0.0
AWS-IND-KA-001,2026-08-28 11:30:00+00:00,none,none,0.0
AWS-IND-KA-001,2026-08-28 11:35:00+00:00,none,none,0.0
AWS-IND-KA-001,2026-08-28 11:40:00+00:00,none,none,0.0
AWS-IND-KA-001,2026-08-28 11:45:00+00:00,none,none,0.0
AWS-IND-KA-001,2026-08-28 11:50:00+00:00,none,none,0.0
AWS-IND-KA-001,2026-08-28 11:55:00+00:00,none,none,0.0
AWS-IND-KA-001,2026-08-28 12:00:00+00:00,none,none,0.0
AWS-IND-KA-001,2026-08-28 12:05:00+00:00,none,none,0.0
AWS-IND-KA-001,2026-08-28 12:10:00+00:00,none,none,0.0
AWS-IND-KA-001,2026-08-28 12:15:00+00:00,none,none,0.0
AWS-IND-KA-001,2026-08-28 12:20:00+00:00,none,none,0.0
AWS-IND-KA-001,2026-08-28 12:25:00+00:00,none,none,0.0
AWS-IND-KA-001,2026-08-28 12:30:00+00:00,none,none,0.0
AWS-IND-KA-001,2026-08-28 12:35:00+00:00,none,none,0.0
AWS-IND-KA-001,2026-08-28 12:40:00+00:00,none,none,0.0
AWS-IND-KA-001,2026-08-28 12:45:00+00:00,none,none,0.0
AWS-IND-KA-001,2026-08-28 12:50:00+00:00,none,none,0.0
AWS-IND-KA-001,2026-08-28 12:55:00+00:00,none,none,0.0
AWS-IND-KA-001,2026-08-28 13:00:00+00:00,none,none,0.0
AWS-IND-KA-001,2026-08-28 13:05:00+00:00,none,none,0.0
AWS-IND-KA-001,2026-08-28 13:10:00+00:00,none,none,0.0
AWS-IND-KA-001,2026-08-28 13:15:00+00:00,none,none,0.0
AWS-IND-KA-001,2026-08-28 13:20:00+00:00,none,none,0.0
AWS-IND-KA-001,2026-08-28 13:25:00+00:00,none,none,0.0
AWS-IND-KA-001,2026-08-28 13:30:00+00:00,none,none,0.0
AWS-IND-KA-001,2026-08-28 13:35:00+00:00,none,none,0.0
AWS-IND-KA-001,2026-08-28 13:40:00+00:00,none,none,0.0
AWS-IND-KA-001,2026-08-28 13:45:00+00:00,none,none,0.0
AWS-IND-KA-001,2026-08-28 13:50:00+00:00,none,none,0.0
AWS-IND-KA-001,2026-08-28 13:55:00+00:00,none,none,0.0
AWS-IND-KA-001,2026-08-28 14:00:00+00:00,none,none,0.0
AWS-IND-KA-001,2026-08-28 14:05:00+00:00,none,none,0.0
AWS-IND-KA-001,2026-08-28 14:10:00+00:00,none,none,0.0
AWS-IND-KA-001,2026-08-28 14:15:00+00:00,none,none,0.0
AWS-IND-KA-001,2026-08-28 14:20:00+00:00,none,none,0.0
AWS-IND-KA-001,2026-08-28 14:25:00+00:00,none,none,0.0
AWS-IND-KA-001,2026-08-28 14:30:00+00:00,none,none,0.0
AWS-IND-KA-001,2026-08-28 14:35:00+00:00,none,none,0.0
AWS-IND-KA-001,2026-08-28 14:40:00+00:00,none,none,0.0
AWS-IND-KA-001,2026-08-28 14:45:00+00:00,none,none,0.0
AWS-IND-KA-001,2026-08-28 14:50:00+00:00,none,none,0.0
AWS-IND-KA-001,2026-08-28 14:55:00+00:00,none,none,0.0
AWS-IND-KA-001,2026-08-28 15:00:00+00:00,none,none,0.0
AWS-IND-KA-001,2026-08-28 15:05:00+00:00,none,none,0.0
AWS-IND-KA-001,2026-08-28 15:10:00+00:00,none,none,0.0
AWS-IND-KA-001,2026-08-28 15:15:00+00:00,none,none,0.0
AWS-IND-KA-001,2026-08-28 15:20:00+00:00,none,none,0.0
AWS-IND-KA-001,2026-08-28 15:25:00+00:00,none,none,0.0
AWS-IND-KA-001,2026-08-28 15:30:00+00:00,none,none,0.0
AWS-IND-KA-001,2026-08-28 15:35:00+00:00,none,none,0.0
AWS-IND-KA-001,2026-08-28 15:40:00+00:00,none,none,0.0
AWS-IND-KA-001,2026-08-28 15:45:00+00:00,none,none,0.0
AWS-IND-KA-001,2026-08-28 15:50:00+00:00,none,none,0.0
AWS-IND-KA-001,2026-08-28 15:55:00+00:00,none,none,0.0
AWS-IND-KA-001,2026-08-28 16:00:00+00:00,none,none,0.0
AWS-IND-KA-001,2026-08-28 16:05:00+00:00,none,none,0.0
AWS-IND-KA-001,2026-08-28 16:10:00+00:00,none,none,0.0
AWS-IND-KA-001,2026-08-28 16:15:00+00:00,none,none,0.0
AWS-IND-KA-001,2026-08-28 16:20:00+00:00,none,none,0.0
AWS-IND-KA-001,2026-08-28 16:25:00+00:00,none,none,0.0
AWS-IND-KA-001,2026-08-28 16:30:00+00:00,none,none,0.0
AWS-IND-KA-001,2026-08-28 16:35:00+00:00,none,none,0.0
AWS-IND-KA-001,2026-08-28 16:40:00+00:00,none,none,0.0
AWS-IND-KA-001,2026-08-28 16:45:00+00:00,none,none,0.0
AWS-IND-KA-001,2026-08-28 16:50:00+00:00,none,none,0.0
AWS-IND-KA-001,2026-08-28 16:55:00+00:00,none,none,0.0
AWS-IND-KA-001,2026-08-28 17:00:00+00:00,none,none,0.0
AWS-IND-KA-001,2026-08-28 17:05:00+00:00,none,none,0.0
AWS-IND-KA-001,2026-08-28 17:10:00+00:00,none,none,0.0
AWS-IND-KA-001,2026-08-28 17:15:00+00:00,none,none,0.0
AWS-IND-KA-001,2026-08-28 17:20:00+00:00,none,none,0.0
AWS-IND-KA-001,2026-08-28 17:25:00+00:00,none,none,0.0
AWS-IND-KA-001,2026-08-28 17:30:00+00:00,none,none,0.0
AWS-IND-KA-001,2026-08-28 17:35:00+00:00,none,none,0.0
AWS-IND-KA-001,2026-08-28 17:40:00+00:00,none,none,0.0
AWS-IND-KA-001,2026-08-28 17:45:00+00:00,none,none,0.0
AWS-IND-KA-001,2026-08-28 17:50:00+00:00,none,none,0.0
AWS-IND-KA-001,2026-08-28 17:55:00+00:00,none,none,0.0
AWS-IND-KA-001,2026-08-28 18:00:00+00:00,none,none,0.0
AWS-IND-KA-001,2026-08-28 18:05:00+00:00,none,none,0.0
AWS-IND-KA-001,2026-08-28 18:10:00+00:00,none,none,0.0
AWS-IND-KA-001,2026-08-28 18:15:00+00:00,none,none,0.0
AWS-IND-KA-001,2026-08-28 18:20:00+00:00,none,none,0.0
AWS-IND-KA-001,2026-08-28 18:25:00+00:00,none,none,0.0
AWS-IND-KA-001,2026-08-28 18:30:00+00:00,drift,pressure_hpa,-21.678632037125837
AWS-IND-KA-001,2026-08-28 18:35:00+00:00,drift,pressure_hpa,-21.678632037125837
AWS-IND-KA-001,2026-08-28 18:40:00+00:00,drift,pressure_hpa,-21.678632037125837
AWS-IND-KA-001,2026-08-28 18:45:00+00:00,drift,pressure_hpa,-21.678632037125837
AWS-IND-KA-001,2026-08-28 18:50:00+00:00,drift,pressure_hpa,-21.678632037125837
AWS-IND-KA-001,2026-08-28 18:55:00+00:00,drift,pressure_hpa,-21.678632037125837
AWS-IND-KA-001,2026-08-28 19:00:00+00:00,drift,pressure_hpa,-21.678632037125837
AWS-IND-KA-001,2026-08-28 19:05:00+00:00,drift,pressure_hpa,-21.678632037125837
AWS-IND-KA-001,2026-08-28 19:10:00+00:00,drift,pressure_hpa,-21.678632037125837
AWS-IND-KA-001,2026-08-28 19:15:00+00:00,drift,pressure_hpa,-21.678632037125837
AWS-IND-KA-001,2026-08-28 19:20:00+00:00,drift,pressure_hpa,-21.678632037125837
AWS-IND-KA-001,2026-08-28 19:25:00+00:00,drift,pressure_hpa,-21.678632037125837
AWS-IND-KA-001,2026-08-28 19:30:00+00:00,drift,pressure_hpa,-21.678632037125837
AWS-IND-KA-001,2026-08-28 19:35:00+00:00,drift,pressure_hpa,-21.678632037125837
AWS-IND-KA-001,2026-08-28 19:40:00+00:00,drift,pressure_hpa,-21.678632037125837
AWS-IND-KA-001,2026-08-28 19:45:00+00:00,drift,pressure_hpa,-21.678632037125837
AWS-IND-KA-001,2026-08-28 19:50:00+00:00,drift,pressure_hpa,-21.678632037125837
AWS-IND-KA-001,2026-08-28 19:55:00+00:00,drift,pressure_hpa,-21.678632037125837
AWS-IND-KA-001,2026-08-28 20:00:00+00:00,drift,pressure_hpa,-21.678632037125837
AWS-IND-KA-001,2026-08-28 20:05:00+00:00,drift,pressure_hpa,-21.678632037125837
AWS-IND-KA-001,2026-08-28 20:10:00+00:00,drift,pressure_hpa,-21.678632037125837
AWS-IND-KA-001,2026-08-28 20:15:00+00:00,drift,pressure_hpa,-21.678632037125837
AWS-IND-KA-001,2026-08-28 20:20:00+00:00,drift,pressure_hpa,-21.678632037125837
AWS-IND-KA-001,2026-08-28 20:25:00+00:00,drift,pressure_hpa,-21.678632037125837
AWS-IND-KA-001,2026-08-28 20:30:00+00:00,drift,pressure_hpa,-21.678632037125837
AWS-IND-KA-001,2026-08-28 20:35:00+00:00,drift,pressure_hpa,-21.678632037125837
AWS-IND-KA-001,2026-08-28 20:40:00+00:00,drift,pressure_hpa,-21.678632037125837
AWS-IND-KA-001,2026-08-28 20:45:00+00:00,drift,pressure_hpa,-21.678632037125837
AWS-IND-KA-001,2026-08-28 20:50:00+00:00,drift,pressure_hpa,-21.678632037125837
AWS-IND-KA-001,2026-08-28 20:55:00+00:00,drift,pressure_hpa,-21.678632037125837
AWS-IND-KA-001,2026-08-28 21:00:00+00:00,drift,pressure_hpa,-21.678632037125837
AWS-IND-KA-001,2026-08-28 21:05:00+00:00,drift,pressure_hpa,-21.678632037125837
AWS-IND-KA-001,2026-08-28 21:10:00+00:00,drift,pressure_hpa,-21.678632037125837
AWS-IND-KA-001,2026-08-28 21:15:00+00:00,drift,pressure_hpa,-21.678632037125837
AWS-IND-KA-001,2026-08-28 21:20:00+00:00,drift,pressure_hpa,-21.678632037125837
AWS-IND-KA-001,2026-08-28 21:25:00+00:00,drift,pressure_hpa,-21.678632037125837
AWS-IND-KA-001,2026-08-28 21:30:00+00:00,drift,pressure_hpa,-21.678632037125837
AWS-IND-KA-001,2026-08-28 21:35:00+00:00,drift,pressure_hpa,-21.678632037125837
AWS-IND-KA-001,2026-08-28 21:40:00+00:00,drift,pressure_hpa,-21.678632037125837
AWS-IND-KA-001,2026-08-28 21:45:00+00:00,drift,pressure_hpa,-21.678632037125837
AWS-IND-KA-001,2026-08-28 21:50:00+00:00,drift,pressure_hpa,-21.678632037125837
AWS-IND-KA-001,2026-08-28 21:55:00+00:00,drift,pressure_hpa,-21.678632037125837
AWS-IND-KA-001,2026-08-28 22:00:00+00:00,drift,pressure_hpa,-21.678632037125837
AWS-IND-KA-001,2026-08-28 22:05:00+00:00,drift,pressure_hpa,-21.678632037125837
AWS-IND-KA-001,2026-08-28 22:10:00+00:00,drift,pressure_hpa,-21.678632037125837
AWS-IND-KA-001,2026-08-28 22:15:00+00:00,drift,pressure_hpa,-21.678632037125837
AWS-IND-KA-001,2026-08-28 22:20:00+00:00,drift,pressure_hpa,-21.678632037125837
AWS-IND-KA-001,2026-08-28 22:25:00+00:00,drift,pressure_hpa,-21.678632037125837
AWS-IND-KA-001,2026-08-28 22:30:00+00:00,drift,pressure_hpa,-21.678632037125837
AWS-IND-KA-001,2026-08-28 22:35:00+00:00,drift,pressure_hpa,-21.678632037125837
AWS-IND-KA-001,2026-08-28 22:40:00+00:00,drift,pressure_hpa,-21.678632037125837
AWS-IND-KA-001,2026-08-28 22:45:00+00:00,drift,pressure_hpa,-21.678632037125837
AWS-IND-KA-001,2026-08-28 22:50:00+00:00,drift,pressure_hpa,-21.678632037125837
AWS-IND-KA-001,2026-08-28 22:55:00+00:00,drift,pressure_hpa,-21.678632037125837
AWS-IND-KA-001,2026-08-28 23:00:00+00:00,drift,pressure_hpa,-21.678632037125837
AWS-IND-KA-001,2026-08-28 23:05:00+00:00,drift,pressure_hpa,-21.678632037125837
AWS-IND-KA-001,2026-08-28 23:10:00+00:00,drift,pressure_hpa,-21.678632037125837
AWS-IND-KA-001,2026-08-28 23:15:00+00:00,drift,pressure_hpa,-21.678632037125837
AWS-IND-KA-001,2026-08-28 23:20:00+00:00,drift,pressure_hpa,-21.678632037125837
AWS-IND-KA-001,2026-08-28 23:25:00+00:00,drift,pressure_hpa,-21.678632037125837
AWS-IND-KA-001,2026-08-28 23:30:00+00:00,drift,pressure_hpa,-21.678632037125837
AWS-IND-KA-001,2026-08-28 23:35:00+00:00,drift,pressure_hpa,-21.678632037125837
AWS-IND-KA-001,2026-08-28 23:40:00+00:00,drift,pressure_hpa,-21.678632037125837
AWS-IND-KA-001,2026-08-28 23:45:00+00:00,drift,pressure_hpa,-21.678632037125837
AWS-IND-KA-001,2026-08-28 23:50:00+00:00,drift,pressure_hpa,-21.678632037125837
AWS-IND-KA-001,2026-08-28 23:55:00+00:00,drift,pressure_hpa,-21.678632037125837
AWS-IND-KA-001,2026-08-29 00:00:00+00:00,drift,pressure_hpa,-21.678632037125837
AWS-IND-KA-001,2026-08-29 00:05:00+00:00,drift,pressure_hpa,-21.678632037125837
AWS-IND-KA-001,2026-08-29 00:10:00+00:00,drift,pressure_hpa,-21.678632037125837
AWS-IND-KA-001,2026-08-29 00:15:00+00:00,drift,pressure_hpa,-21.678632037125837
AWS-IND-KA-001,2026-08-29 00:20:00+00:00,drift,pressure_hpa,-21.678632037125837
AWS-IND-KA-001,2026-08-29 00:25:00+00:00,drift,pressure_hpa,-21.678632037125837
AWS-IND-KA-001,2026-08-29 00:30:00+00:00,drift,pressure_hpa,-21.678632037125837
AWS-IND-KA-001,2026-08-29 00:35:00+00:00,drift,pressure_hpa,-21.678632037125837
AWS-IND-KA-001,2026-08-29 00:40:00+00:00,drift,pressure_hpa,-21.678632037125837
AWS-IND-KA-001,2026-08-29 00:45:00+00:00,drift,pressure_hpa,-21.678632037125837
AWS-IND-KA-001,2026-08-29 00:50:00+00:00,drift,pressure_hpa,-21.678632037125837
AWS-IND-KA-001,2026-08-29 00:55:00+00:00,drift,pressure_hpa,-21.678632037125837
AWS-IND-KA-001,2026-08-29 01:00:00+00:00,drift,pressure_hpa,-21.678632037125837
AWS-IND-KA-001,2026-08-29 01:05:00+00:00,drift,pressure_hpa,-21.678632037125837
AWS-IND-KA-001,2026-08-29 01:10:00+00:00,drift,pressure_hpa,-21.678632037125837
AWS-IND-KA-001,2026-08-29 01:15:00+00:00,drift,pressure_hpa,-21.678632037125837
AWS-IND-KA-001,2026-08-29 01:20:00+00:00,drift,pressure_hpa,-21.678632037125837
AWS-IND-KA-001,2026-08-29 01:25:00+00:00,drift,pressure_hpa,-21.678632037125837
AWS-IND-KA-001,2026-08-29 01:30:00+00:00,drift,pressure_hpa,-21.678632037125837
AWS-IND-KA-001,2026-08-29 01:35:00+00:00,drift,pressure_hpa,-21.678632037125837
AWS-IND-KA-001,2026-08-29 01:40:00+00:00,drift,pressure_hpa,-21.678632037125837
AWS-IND-KA-001,2026-08-29 01:45:00+00:00,drift,pressure_hpa,-21.678632037125837
AWS-IND-KA-001,2026-08-29 01:50:00+00:00,drift,pressure_hpa,-21.678632037125837
AWS-IND-KA-001,2026-08-29 01:55:00+00:00,drift,pressure_hpa,-21.678632037125837
AWS-IND-KA-001,2026-08-29 02:00:00+00:00,drift,pressure_hpa,-21.678632037125837
AWS-IND-KA-001,2026-08-29 02:05:00+00:00,drift,pressure_hpa,-21.678632037125837
AWS-IND-KA-001,2026-08-29 02:10:00+00:00,drift,pressure_hpa,-21.678632037125837
AWS-IND-KA-001,2026-08-29 02:15:00+00:00,drift,pressure_hpa,-21.678632037125837
AWS-IND-KA-001,2026-08-29 02:20:00+00:00,drift,pressure_hpa,-21.678632037125837
AWS-IND-KA-001,2026-08-29 02:25:00+00:00,drift,pressure_hpa,-21.678632037125837
AWS-IND-KA-001,2026-08-29 02:30:00+00:00,drift,pressure_hpa,-21.678632037125837
AWS-IND-KA-001,2026-08-29 02:35:00+00:00,drift,pressure_hpa,-21.678632037125837
AWS-IND-KA-001,2026-08-29 02:40:00+00:00,drift,pressure_hpa,-21.678632037125837
AWS-IND-KA-001,2026-08-29 02:45:00+00:00,drift,pressure_hpa,-21.678632037125837
AWS-IND-KA-001,2026-08-29 02:50:00+00:00,drift,pressure_hpa,-21.678632037125837
AWS-IND-KA-001,2026-08-29 02:55:00+00:00,drift,pressure_hpa,-21.678632037125837
AWS-IND-KA-001,2026-08-29 03:00:00+00:00,drift,pressure_hpa,-21.678632037125837
AWS-IND-KA-001,2026-08-29 03:05:00+00:00,drift,pressure_hpa,-21.678632037125837
AWS-IND-KA-001,2026-08-29 03:10:00+00:00,drift,pressure_hpa,-21.678632037125837
AWS-IND-KA-001,2026-08-29 03:15:00+00:00,drift,pressure_hpa,-21.678632037125837
AWS-IND-KA-001,2026-08-29 03:20:00+00:00,drift,pressure_hpa,-21.678632037125837
AWS-IND-KA-001,2026-08-29 03:25:00+00:00,drift,pressure_hpa,-21.678632037125837
AWS-IND-KA-001,2026-08-29 03:30:00+00:00,drift,pressure_hpa,-21.678632037125837
AWS-IND-KA-001,2026-08-29 03:35:00+00:00,drift,pressure_hpa,-21.678632037125837
AWS-IND-KA-001,2026-08-29 03:40:00+00:00,drift,pressure_hpa,-21.678632037125837
AWS-IND-KA-001,2026-08-29 03:45:00+00:00,drift,pressure_hpa,-21.678632037125837
AWS-IND-KA-001,2026-08-29 03:50:00+00:00,drift,pressure_hpa,-21.678632037125837
AWS-IND-KA-001,2026-08-29 03:55:00+00:00,drift,pressure_hpa,-21.678632037125837
AWS-IND-KA-001,2026-08-29 04:00:00+00:00,none,none,0.0
AWS-IND-KA-001,2026-08-29 04:05:00+00:00,none,none,0.0
AWS-IND-KA-001,2026-08-29 04:10:00+00:00,none,none,0.0
AWS-IND-KA-001,2026-08-29 04:15:00+00:00,none,none,0.0
AWS-IND-KA-001,2026-08-29 04:20:00+00:00,none,none,0.0
AWS-IND-KA-001,2026-08-29 04:25:00+00:00,none,none,0.0
AWS-IND-KA-001,2026-08-29 04:30:00+00:00,none,none,0.0
AWS-IND-KA-001,2026-08-29 04:35:00+00:00,none,none,0.0
AWS-IND-KA-001,2026-08-29 04:40:00+00:00,none,none,0.0
AWS-IND-KA-001,2026-08-29 04:45:00+00:00,none,none,0.0
AWS-IND-KA-001,2026-08-29 04:50:00+00:00,none,none,0.0
AWS-IND-KA-001,2026-08-29 04:55:00+00:00,none,none,0.0
AWS-IND-KA-001,2026-08-29 05:00:00+00:00,none,none,0.0
AWS-IND-KA-001,2026-08-29 05:05:00+00:00,none,none,0.0
AWS-IND-KA-001,2026-08-29 05:10:00+00:00,none,none,0.0
AWS-IND-KA-001,2026-08-29 05:15:00+00:00,none,none,0.0
AWS-IND-KA-001,2026-08-29 05:20:00+00:00,none,none,0.0
AWS-IND-KA-001,2026-08-29 05:25:00+00:00,none,none,0.0
AWS-IND-KA-001,2026-08-29 05:30:00+00:00,none,none,0.0
AWS-IND-KA-001,2026-08-29 05:35:00+00:00,none,none,0.0
AWS-IND-KA-001,2026-08-29 05:40:00+00:00,none,none,0.0
AWS-IND-KA-001,2026-08-29 05:45:00+00:00,none,none,0.0
AWS-IND-KA-001,2026-08-29 05:50:00+00:00,none,none,0.0
AWS-IND-KA-001,2026-08-29 05:55:00+00:00,none,none,0.0
AWS-IND-KA-001,2026-08-29 06:00:00+00:00,none,none,0.0
AWS-IND-KA-001,2026-08-29 06:05:00+00:00,none,none,0.0
AWS-IND-KA-001,2026-08-29 06:10:00+00:00,none,none,0.0
AWS-IND-KA-001,2026-08-29 06:15:00+00:00,none,none,0.0
AWS-IND-KA-001,2026-08-29 06:20:00+00:00,none,none,0.0
AWS-IND-KA-001,2026-08-29 06:25:00+00:00,none,none,0.0
AWS-IND-KA-001,2026-08-29 06:30:00+00:00,none,none,0.0
AWS-IND-KA-001,2026-08-29 06:35:00+00:00,none,none,0.0
AWS-IND-KA-001,2026-08-29 06:40:00+00:00,none,none,0.0
AWS-IND-KA-001,2026-08-29 06:45:00+00:00,none,none,0.0
AWS-IND-KA-001,2026-08-29 06:50:00+00:00,none,none,0.0
AWS-IND-KA-001,2026-08-29 06:55:00+00:00,none,none,0.0
AWS-IND-KA-001,2026-08-29 07:00:00+00:00,none,none,0.0
AWS-IND-KA-001,2026-08-29 07:05:00+00:00,none,none,0.0
AWS-IND-KA-001,2026-08-29 07:10:00+00:00,none,none,0.0
AWS-IND-KA-001,2026-08-29 07:15:00+00:00,none,none,0.0
AWS-IND-KA-001,2026-08-29 07:20:00+00:00,none,none,0.0
AWS-IND-KA-001,2026-08-29 07:25:00+00:00,none,none,0.0
AWS-IND-KA-001,2026-08-29 07:30:00+00:00,none,none,0.0
AWS-IND-KA-001,2026-08-29 07:35:00+00:00,none,none,0.0
AWS-IND-KA-001,2026-08-29 07:40:00+00:00,none,none,0.0
AWS-IND-KA-001,2026-08-29 07:45:00+00:00,none,none,0.0
AWS-IND-KA-001,2026-08-29 07:50:00+00:00,none,none,0.0
AWS-IND-KA-001,2026-08-29 07:55:00+00:00,none,none,0.0
AWS-IND-KA-001,2026-08-29 08:00:00+00:00,none,none,0.0
AWS-IND-KA-001,2026-08-29 08:05:00+00:00,none,none,0.0
AWS-IND-KA-001,2026-08-29 08:10:00+00:00,none,none,0.0
AWS-IND-KA-001,2026-08-29 08:15:00+00:00,none,none,0.0
AWS-IND-KA-001,2026-08-29 08:20:00+00:00,none,none,0.0
AWS-IND-KA-001,2026-08-29 08:25:00+00:00,none,none,0.0
AWS-IND-KA-001,2026-08-29 08:30:00+00:00,none,none,0.0
AWS-IND-KA-001,2026-08-29 08:35:00+00:00,none,none,0.0
AWS-IND-KA-001,2026-08-29 08:40:00+00:00,noise,pressure_hpa,3.321107933128253
AWS-IND-KA-001,2026-08-29 08:45:00+00:00,noise,pressure_hpa,3.321107933128253
AWS-IND-KA-001,2026-08-29 08:50:00+00:00,noise,pressure_hpa,3.321107933128253
AWS-IND-KA-001,2026-08-29 08:55:00+00:00,noise,pressure_hpa,3.321107933128253
AWS-IND-KA-001,2026-08-29 09:00:00+00:00,noise,pressure_hpa,3.321107933128253
AWS-IND-KA-001,2026-08-29 09:05:00+00:00,noise,pressure_hpa,3.321107933128253
AWS-IND-KA-001,2026-08-29 09:10:00+00:00,noise,pressure_hpa,3.321107933128253
AWS-IND-KA-001,2026-08-29 09:15:00+00:00,noise,pressure_hpa,3.321107933128253
AWS-IND-KA-001,2026-08-29 09:20:00+00:00,noise,pressure_hpa,3.321107933128253
AWS-IND-KA-001,2026-08-29 09:25:00+00:00,noise,pressure_hpa,3.321107933128253
AWS-IND-KA-001,2026-08-29 09:30:00+00:00,noise,pressure_hpa,3.321107933128253
AWS-IND-KA-001,2026-08-29 09:35:00+00:00,noise,pressure_hpa,3.321107933128253
AWS-IND-KA-001,2026-08-29 09:40:00+00:00,noise,pressure_hpa,3.321107933128253
AWS-IND-KA-001,2026-08-29 09:45:00+00:00,noise,pressure_hpa,3.321107933128253
AWS-IND-KA-001,2026-08-29 09:50:00+00:00,noise,pressure_hpa,3.321107933128253
AWS-IND-KA-001,2026-08-29 09:55:00+00:00,noise,pressure_hpa,3.321107933128253
AWS-IND-KA-001,2026-08-29 10:00:00+00:00,noise,pressure_hpa,3.321107933128253
AWS-IND-KA-001,2026-08-29 10:05:00+00:00,noise,pressure_hpa,3.321107933128253
AWS-IND-KA-001,2026-08-29 10:10:00+00:00,noise,pressure_hpa,3.321107933128253
AWS-IND-KA-001,2026-08-29 10:15:00+00:00,none,none,0.0
AWS-IND-KA-001,2026-08-29 10:20:00+00:00,none,none,0.0
AWS-IND-KA-001,2026-08-29 10:25:00+00:00,none,none,0.0
AWS-IND-KA-001,2026-08-29 10:30:00+00:00,none,none,0.0
AWS-IND-KA-001,2026-08-29 10:35:00+00:00,none,none,0.0
AWS-IND-KA-001,2026-08-29 10:40:00+00:00,none,none,0.0
AWS-IND-KA-001,2026-08-29 10:45:00+00:00,none,none,0.0
AWS-IND-KA-001,2026-08-29 10:50:00+00:00,none,none,0.0
AWS-IND-KA-001,2026-08-29 10:55:00+00:00,none,none,0.0
AWS-IND-KA-001,2026-08-29 11:00:00+00:00,none,none,0.0
AWS-IND-KA-001,2026-08-29 11:05:00+00:00,none,none,0.0
AWS-IND-KA-001,2026-08-29 11:10:00+00:00,none,none,0.0
AWS-IND-KA-001,2026-08-29 11:15:00+00:00,none,none,0.0
AWS-IND-KA-001,2026-08-29 11:20:00+00:00,none,none,0.0
AWS-IND-KA-001,2026-08-29 11:25:00+00:00,none,none,0.0
AWS-IND-KA-001,2026-08-29 11:30:00+00:00,none,none,0.0
AWS-IND-KA-001,2026-08-29 11:35:00+00:00,none,none,0.0
AWS-IND-KA-001,2026-08-29 11:40:00+00:00,none,none,0.0
AWS-IND-KA-001,2026-08-29 11:45:00+00:00,none,none,0.0
AWS-IND-KA-001,2026-08-29 11:50:00+00:00,none,none,0.0
AWS-IND-KA-001,2026-08-29 11:55:00+00:00,none,none,0.0
AWS-IND-KA-001,2026-08-29 12:00:00+00:00,none,none,0.0
AWS-IND-KA-001,2026-08-29 12:05:00+00:00,none,none,0.0
AWS-IND-KA-001,2026-08-29 12:10:00+00:00,none,none,0.0
AWS-IND-KA-001,2026-08-29 12:15:00+00:00,none,none,0.0
AWS-IND-KA-001,2026-08-29 12:20:00+00:00,none,none,0.0
AWS-IND-KA-001,2026-08-29 12:25:00+00:00,none,none,0.0
AWS-IND-KA-001,2026-08-29 12:30:00+00:00,none,none,0.0
AWS-IND-KA-001,2026-08-29 12:35:00+00:00,none,none,0.0
AWS-IND-KA-001,2026-08-29 12:40:00+00:00,none,none,0.0
AWS-IND-KA-001,2026-08-29 12:45:00+00:00,none,none,0.0
AWS-IND-KA-001,2026-08-29 12:50:00+00:00,none,none,0.0
AWS-IND-KA-001,2026-08-29 12:55:00+00:00,none,none,0.0
AWS-IND-KA-001,2026-08-29 13:00:00+00:00,none,none,0.0
AWS-IND-KA-001,2026-08-29 13:05:00+00:00,none,none,0.0
AWS-IND-KA-001,2026-08-29 13:10:00+00:00,none,none,0.0
AWS-IND-KA-001,2026-08-29 13:15:00+00:00,none,none,0.0
AWS-IND-KA-001,2026-08-29 13:20:00+00:00,none,none,0.0
AWS-IND-KA-001,2026-08-29 13:25:00+00:00,none,none,0.0
AWS-IND-KA-001,2026-08-29 13:30:00+00:00,none,none,0.0
AWS-IND-KA-001,2026-08-29 13:35:00+00:00,none,none,0.0
AWS-IND-KA-001,2026-08-29 13:40:00+00:00,none,none,0.0
AWS-IND-KA-001,2026-08-29 13:45:00+00:00,none,none,0.0
AWS-IND-KA-001,2026-08-29 13:50:00+00:00,none,none,0.0
AWS-IND-KA-001,2026-08-29 13:55:00+00:00,none,none,0.0
AWS-IND-KA-001,2026-08-29 14:00:00+00:00,none,none,0.0
AWS-IND-KA-001,2026-08-29 14:05:00+00:00,none,none,0.0
AWS-IND-KA-001,2026-08-29 14:10:00+00:00,none,none,0.0
AWS-IND-KA-001,2026-08-29 14:15:00+00:00,none,none,0.0
AWS-IND-KA-001,2026-08-29 14:20:00+00:00,none,none,0.0
AWS-IND-KA-001,2026-08-29 14:25:00+00:00,none,none,0.0
AWS-IND-KA-001,2026-08-29 14:30:00+00:00,none,none,0.0
AWS-IND-KA-001,2026-08-29 14:35:00+00:00,none,none,0.0
AWS-IND-KA-001,2026-08-29 14:40:00+00:00,none,none,0.0
AWS-IND-KA-001,2026-08-29 14:45:00+00:00,none,none,0.0
AWS-IND-KA-001,2026-08-29 14:50:00+00:00,none,none,0.0
AWS-IND-KA-001,2026-08-29 14:55:00+00:00,none,none,0.0
AWS-IND-KA-001,2026-08-29 15:00:00+00:00,none,none,0.0
AWS-IND-KA-001,2026-08-29 15:05:00+00:00,none,none,0.0
AWS-IND-KA-001,2026-08-29 15:10:00+00:00,none,none,0.0
AWS-IND-KA-001,2026-08-29 15:15:00+00:00,none,none,0.0
AWS-IND-KA-001,2026-08-29 15:20:00+00:00,none,none,0.0
AWS-IND-KA-001,2026-08-29 15:25:00+00:00,none,none,0.0
AWS-IND-KA-001,2026-08-29 15:30:00+00:00,none,none,0.0
AWS-IND-KA-001,2026-08-29 15:35:00+00:00,none,none,0.0
AWS-IND-KA-001,2026-08-29 15:40:00+00:00,none,none,0.0
AWS-IND-KA-001,2026-08-29 15:45:00+00:00,none,none,0.0
AWS-IND-KA-001,2026-08-29 15:50:00+00:00,none,none,0.0
AWS-IND-KA-001,2026-08-29 15:55:00+00:00,none,none,0.0
AWS-IND-KA-001,2026-08-29 16:00:00+00:00,none,none,0.0
AWS-IND-KA-001,2026-08-29 16:05:00+00:00,none,none,0.0
AWS-IND-KA-001,2026-08-29 16:10:00+00:00,none,none,0.0
AWS-IND-KA-001,2026-08-29 16:15:00+00:00,none,none,0.0
AWS-IND-KA-001,2026-08-29 16:20:00+00:00,none,none,0.0
AWS-IND-KA-001,2026-08-29 16:25:00+00:00,none,none,0.0
AWS-IND-KA-001,2026-08-29 16:30:00+00:00,none,none,0.0
AWS-IND-KA-001,2026-08-29 16:35:00+00:00,none,none,0.0
AWS-IND-KA-001,2026-08-29 16:40:00+00:00,none,none,0.0
AWS-IND-KA-001,2026-08-29 16:45:00+00:00,none,none,0.0
AWS-IND-KA-001,2026-08-29 16:50:00+00:00,none,none,0.0
AWS-IND-KA-001,2026-08-29 16:55:00+00:00,none,none,0.0
AWS-IND-KA-001,2026-08-29 17:00:00+00:00,noise,humidity_pct,18.781269649735922
AWS-IND-KA-001,2026-08-29 17:05:00+00:00,noise,humidity_pct,18.781269649735922
AWS-IND-KA-001,2026-08-29 17:10:00+00:00,noise,humidity_pct,18.781269649735922
AWS-IND-KA-001,2026-08-29 17:15:00+00:00,noise,humidity_pct,18.781269649735922
AWS-IND-KA-001,2026-08-29 17:20:00+00:00,noise,humidity_pct,18.781269649735922
AWS-IND-KA-001,2026-08-29 17:25:00+00:00,noise,humidity_pct,18.781269649735922
AWS-IND-KA-001,2026-08-29 17:30:00+00:00,noise,humidity_pct,18.781269649735922
AWS-IND-KA-001,2026-08-29 17:35:00+00:00,noise,humidity_pct,18.781269649735922
AWS-IND-KA-001,2026-08-29 17:40:00+00:00,noise,humidity_pct,18.781269649735922
AWS-IND-KA-001,2026-08-29 17:45:00+00:00,noise,humidity_pct,18.781269649735922
AWS-IND-KA-001,2026-08-29 17:50:00+00:00,noise,humidity_pct,18.781269649735922
AWS-IND-KA-001,2026-08-29 17:55:00+00:00,noise,humidity_pct,18.781269649735922
AWS-IND-KA-001,2026-08-29 18:00:00+00:00,noise,humidity_pct,18.781269649735922
AWS-IND-KA-001,2026-08-29 18:05:00+00:00,noise,humidity_pct,18.781269649735922
AWS-IND-KA-001,2026-08-29 18:10:00+00:00,noise,humidity_pct,18.781269649735922
AWS-IND-KA-001,2026-08-29 18:15:00+00:00,noise,humidity_pct,18.781269649735922
AWS-IND-KA-001,2026-08-29 18:20:00+00:00,noise,humidity_pct,18.781269649735922
AWS-IND-KA-001,2026-08-29 18:25:00+00:00,noise,humidity_pct,18.781269649735922
AWS-IND-KA-001,2026-08-29 18:30:00+00:00,none,none,0.0
AWS-IND-KA-001,2026-08-29 18:35:00+00:00,none,none,0.0
AWS-IND-KA-001,2026-08-29 18:40:00+00:00,none,none,0.0
AWS-IND-KA-001,2026-08-29 18:45:00+00:00,none,none,0.0
AWS-IND-KA-001,2026-08-29 18:50:00+00:00,none,none,0.0
AWS-IND-KA-001,2026-08-29 18:55:00+00:00,none,none,0.0
AWS-IND-KA-001,2026-08-29 19:00:00+00:00,none,none,0.0
AWS-IND-KA-001,2026-08-29 19:05:00+00:00,none,none,0.0
AWS-IND-KA-001,2026-08-29 19:10:00+00:00,none,none,0.0
AWS-IND-KA-001,2026-08-29 19:15:00+00:00,none,none,0.0
AWS-IND-KA-001,2026-08-29 19:20:00+00:00,none,none,0.0
AWS-IND-KA-001,2026-08-29 19:25:00+00:00,none,none,0.0
AWS-IND-KA-001,2026-08-29 19:30:00+00:00,none,none,0.0
AWS-IND-KA-001,2026-08-29 19:35:00+00:00,none,none,0.0
AWS-IND-KA-001,2026-08-29 19:40:00+00:00,none,none,0.0
AWS-IND-KA-001,2026-08-29 19:45:00+00:00,none,none,0.0
AWS-IND-KA-001,2026-08-29 19:50:00+00:00,none,none,0.0
AWS-IND-KA-001,2026-08-29 19:55:00+00:00,none,none,0.0
AWS-IND-KA-001,2026-08-29 20:00:00+00:00,none,none,0.0
AWS-IND-KA-001,2026-08-29 20:05:00+00:00,none,none,0.0
AWS-IND-KA-001,2026-08-29 20:10:00+00:00,none,none,0.0
AWS-IND-KA-001,2026-08-29 20:15:00+00:00,none,none,0.0
AWS-IND-KA-001,2026-08-29 20:20:00+00:00,none,none,0.0
AWS-IND-KA-001,2026-08-29 20:25:00+00:00,none,none,0.0
AWS-IND-KA-001,2026-08-29 20:30:00+00:00,none,none,0.0
AWS-IND-KA-001,2026-08-29 20:35:00+00:00,none,none,0.0
AWS-IND-KA-001,2026-08-29 20:40:00+00:00,none,none,0.0
AWS-IND-KA-001,2026-08-29 20:45:00+00:00,none,none,0.0
AWS-IND-KA-001,2026-08-29 20:50:00+00:00,none,none,0.0
AWS-IND-KA-001,2026-08-29 20:55:00+00:00,none,none,0.0
AWS-IND-KA-001,2026-08-29 21:00:00+00:00,none,none,0.0
AWS-IND-KA-001,2026-08-29 21:05:00+00:00,none,none,0.0
AWS-IND-KA-001,2026-08-29 21:10:00+00:00,none,none,0.0
AWS-IND-KA-001,2026-08-29 21:15:00+00:00,none,none,0.0
AWS-IND-KA-001,2026-08-29 21:20:00+00:00,none,none,0.0
AWS-IND-KA-001,2026-08-29 21:25:00+00:00,none,none,0.0
AWS-IND-KA-001,2026-08-29 21:30:00+00:00,none,none,0.0
AWS-IND-KA-001,2026-08-29 21:35:00+00:00,none,none,0.0
AWS-IND-KA-001,2026-08-29 21:40:00+00:00,none,none,0.0
AWS-IND-KA-001,2026-08-29 21:45:00+00:00,none,none,0.0
AWS-IND-KA-001,2026-08-29 21:50:00+00:00,none,none,0.0
AWS-IND-KA-001,2026-08-29 21:55:00+00:00,none,none,0.0
AWS-IND-KA-001,2026-08-29 22:00:00+00:00,none,none,0.0
AWS-IND-KA-001,2026-08-29 22:05:00+00:00,none,none,0.0
AWS-IND-KA-001,2026-08-29 22:10:00+00:00,none,none,0.0
AWS-IND-KA-001,2026-08-29 22:15:00+00:00,none,none,0.0
AWS-IND-KA-001,2026-08-29 22:20:00+00:00,none,none,0.0
AWS-IND-KA-001,2026-08-29 22:25:00+00:00,none,none,0.0
AWS-IND-KA-001,2026-08-29 22:30:00+00:00,none,none,0.0
AWS-IND-KA-001,2026-08-29 22:35:00+00:00,none,none,0.0
AWS-IND-KA-001,2026-08-29 22:40:00+00:00,none,none,0.0
AWS-IND-KA-001,2026-08-29 22:45:00+00:00,none,none,0.0
AWS-IND-KA-001,2026-08-29 22:50:00+00:00,none,none,0.0
AWS-IND-KA-001,2026-08-29 22:55:00+00:00,none,none,0.0
AWS-IND-KA-001,2026-08-29 23:00:00+00:00,none,none,0.0
AWS-IND-KA-001,2026-08-29 23:05:00+00:00,none,none,0.0
AWS-IND-KA-001,2026-08-29 23:10:00+00:00,none,none,0.0
AWS-IND-KA-001,2026-08-29 23:15:00+00:00,none,none,0.0
AWS-IND-KA-001,2026-08-29 23:20:00+00:00,none,none,0.0
AWS-IND-KA-001,2026-08-29 23:25:00+00:00,none,none,0.0
AWS-IND-KA-001,2026-08-29 23:30:00+00:00,none,none,0.0
AWS-IND-KA-001,2026-08-29 23:35:00+00:00,none,none,0.0
AWS-IND-KA-001,2026-08-29 23:40:00+00:00,none,none,0.0
AWS-IND-KA-001,2026-08-29 23:45:00+00:00,none,none,0.0
AWS-IND-KA-001,2026-08-29 23:50:00+00:00,none,none,0.0
AWS-IND-KA-001,2026-08-29 23:55:00+00:00,none,none,0.0
AWS-IND-TN-001,2026-08-23 00:00:00+00:00,none,none,0.0
AWS-IND-TN-001,2026-08-23 00:05:00+00:00,none,none,0.0
AWS-IND-TN-001,2026-08-23 00:10:00+00:00,none,none,0.0
AWS-IND-TN-001,2026-08-23 00:15:00+00:00,none,none,0.0
AWS-IND-TN-001,2026-08-23 00:20:00+00:00,none,none,0.0
AWS-IND-TN-001,2026-08-23 00:25:00+00:00,none,none,0.0
AWS-IND-TN-001,2026-08-23 00:30:00+00:00,none,none,0.0
AWS-IND-TN-001,2026-08-23 00:35:00+00:00,none,none,0.0
AWS-IND-TN-001,2026-08-23 00:40:00+00:00,none,none,0.0
AWS-IND-TN-001,2026-08-23 00:45:00+00:00,none,none,0.0
AWS-IND-TN-001,2026-08-23 00:50:00+00:00,none,none,0.0
AWS-IND-TN-001,2026-08-23 00:55:00+00:00,none,none,0.0
AWS-IND-TN-001,2026-08-23 01:00:00+00:00,none,none,0.0
AWS-IND-TN-001,2026-08-23 01:05:00+00:00,none,none,0.0
AWS-IND-TN-001,2026-08-23 01:10:00+00:00,none,none,0.0
AWS-IND-TN-001,2026-08-23 01:15:00+00:00,none,none,0.0
AWS-IND-TN-001,2026-08-23 01:20:00+00:00,none,none,0.0
AWS-IND-TN-001,2026-08-23 01:25:00+00:00,none,none,0.0
AWS-IND-TN-001,2026-08-23 01:30:00+00:00,none,none,0.0
AWS-IND-TN-001,2026-08-23 01:35:00+00:00,none,none,0.0
AWS-IND-TN-001,2026-08-23 01:40:00+00:00,none,none,0.0
AWS-IND-TN-001,2026-08-23 01:45:00+00:00,none,none,0.0
AWS-IND-TN-001,2026-08-23 01:50:00+00:00,none,none,0.0
AWS-IND-TN-001,2026-08-23 01:55:00+00:00,none,none,0.0
AWS-IND-TN-001,2026-08-23 02:00:00+00:00,none,none,0.0
AWS-IND-TN-001,2026-08-23 02:05:00+00:00,none,none,0.0
AWS-IND-TN-001,2026-08-23 02:10:00+00:00,none,none,0.0
AWS-IND-TN-001,2026-08-23 02:15:00+00:00,none,none,0.0
AWS-IND-TN-001,2026-08-23 02:20:00+00:00,none,none,0.0
AWS-IND-TN-001,2026-08-23 02:25:00+00:00,spike,pressure_hpa,-21.881096501844176
AWS-IND-TN-001,2026-08-23 02:30:00+00:00,spike,pressure_hpa,-21.881096501844176
AWS-IND-TN-001,2026-08-23 02:35:00+00:00,spike,pressure_hpa,-21.881096501844176
AWS-IND-TN-001,2026-08-23 02:40:00+00:00,none,none,0.0
AWS-IND-TN-001,2026-08-23 02:45:00+00:00,none,none,0.0
AWS-IND-TN-001,2026-08-23 02:50:00+00:00,none,none,0.0
AWS-IND-TN-001,2026-08-23 02:55:00+00:00,none,none,0.0
AWS-IND-TN-001,2026-08-23 03:00:00+00:00,none,none,0.0
AWS-IND-TN-001,2026-08-23 03:05:00+00:00,none,none,0.0
AWS-IND-TN-001,2026-08-23 03:10:00+00:00,none,none,0.0
AWS-IND-TN-001,2026-08-23 03:15:00+00:00,none,none,0.0
AWS-IND-TN-001,2026-08-23 03:20:00+00:00,none,none,0.0
AWS-IND-TN-001,2026-08-23 03:25:00+00:00,none,none,0.0
AWS-IND-TN-001,2026-08-23 03:30:00+00:00,none,none,0.0
AWS-IND-TN-001,2026-08-23 03:35:00+00:00,none,none,0.0
AWS-IND-TN-001,2026-08-23 03:40:00+00:00,none,none,0.0
AWS-IND-TN-001,2026-08-23 03:45:00+00:00,none,none,0.0
AWS-IND-TN-001,2026-08-23 03:50:00+00:00,none,none,0.0
AWS-IND-TN-001,2026-08-23 03:55:00+00:00,none,none,0.0
AWS-IND-TN-001,2026-08-23 04:00:00+00:00,none,none,0.0
AWS-IND-TN-001,2026-08-23 04:05:00+00:00,none,none,0.0
AWS-IND-TN-001,2026-08-23 04:10:00+00:00,none,none,0.0
AWS-IND-TN-001,2026-08-23 04:15:00+00:00,none,none,0.0
AWS-IND-TN-001,2026-08-23 04:20:00+00:00,none,none,0.0
AWS-IND-TN-001,2026-08-23 04:25:00+00:00,none,none,0.0
AWS-IND-TN-001,2026-08-23 04:30:00+00:00,none,none,0.0
AWS-IND-TN-001,2026-08-23 04:35:00+00:00,none,none,0.0
AWS-IND-TN-001,2026-08-23 04:40:00+00:00,none,none,0.0
AWS-IND-TN-001,2026-08-23 04:45:00+00:00,none,none,0.0
AWS-IND-TN-001,2026-08-23 04:50:00+00:00,none,none,0.0
AWS-IND-TN-001,2026-08-23 04:55:00+00:00,none,none,0.0
AWS-IND-TN-001,2026-08-23 05:00:00+00:00,none,none,0.0
AWS-IND-TN-001,2026-08-23 05:05:00+00:00,none,none,0.0
AWS-IND-TN-001,2026-08-23 05:10:00+00:00,none,none,0.0
AWS-IND-TN-001,2026-08-23 05:15:00+00:00,none,none,0.0
AWS-IND-TN-001,2026-08-23 05:20:00+00:00,none,none,0.0
AWS-IND-TN-001,2026-08-23 05:25:00+00:00,none,none,0.0
AWS-IND-TN-001,2026-08-23 05:30:00+00:00,none,none,0.0
AWS-IND-TN-001,2026-08-23 05:35:00+00:00,none,none,0.0
AWS-IND-TN-001,2026-08-23 05:40:00+00:00,none,none,0.0
AWS-IND-TN-001,2026-08-23 05:45:00+00:00,none,none,0.0
AWS-IND-TN-001,2026-08-23 05:50:00+00:00,none,none,0.0
AWS-IND-TN-001,2026-08-23 05:55:00+00:00,none,none,0.0
AWS-IND-TN-001,2026-08-23 06:00:00+00:00,none,none,0.0
AWS-IND-TN-001,2026-08-23 06:05:00+00:00,none,none,0.0
AWS-IND-TN-001,2026-08-23 06:10:00+00:00,none,none,0.0
AWS-IND-TN-001,2026-08-23 06:15:00+00:00,none,none,0.0
AWS-IND-TN-001,2026-08-23 06:20:00+00:00,none,none,0.0
AWS-IND-TN-001,2026-08-23 06:25:00+00:00,none,none,0.0
AWS-IND-TN-001,2026-08-23 06:30:00+00:00,none,none,0.0
AWS-IND-TN-001,2026-08-23 06:35:00+00:00,none,none,0.0
AWS-IND-TN-001,2026-08-23 06:40:00+00:00,none,none,0.0
AWS-IND-TN-001,2026-08-23 06:45:00+00:00,none,none,0.0
AWS-IND-TN-001,2026-08-23 06:50:00+00:00,none,none,0.0
AWS-IND-TN-001,2026-08-23 06:55:00+00:00,none,none,0.0
AWS-IND-TN-001,2026-08-23 07:00:00+00:00,none,none,0.0
AWS-IND-TN-001,2026-08-23 07:05:00+00:00,none,none,0.0
AWS-IND-TN-001,2026-08-23 07:10:00+00:00,none,none,0.0
AWS-IND-TN-001,2026-08-23 07:15:00+00:00,none,none,0.0
AWS-IND-TN-001,2026-08-23 07:20:00+00:00,none,none,0.0
AWS-IND-TN-001,2026-08-23 07:25:00+00:00,none,none,0.0
AWS-IND-TN-001,2026-08-23 07:30:00+00:00,none,none,0.0
AWS-IND-TN-001,2026-08-23 07:35:00+00:00,none,none,0.0
AWS-IND-TN-001,2026-08-23 07:40:00+00:00,none,none,0.0
AWS-IND-TN-001,2026-08-23 07:45:00+00:00,none,none,0.0
AWS-IND-TN-001,2026-08-23 07:50:00+00:00,none,none,0.0
AWS-IND-TN-001,2026-08-23 07:55:00+00:00,none,none,0.0
AWS-IND-TN-001,2026-08-23 08:00:00+00:00,none,none,0.0
AWS-IND-TN-001,2026-08-23 08:05:00+00:00,none,none,0.0
AWS-IND-TN-001,2026-08-23 08:10:00+00:00,none,none,0.0
AWS-IND-TN-001,2026-08-23 08:15:00+00:00,none,none,0.0
AWS-IND-TN-001,2026-08-23 08:20:00+00:00,none,none,0.0
AWS-IND-TN-001,2026-08-23 08:25:00+00:00,none,none,0.0
AWS-IND-TN-001,2026-08-23 08:30:00+00:00,none,none,0.0
AWS-IND-TN-001,2026-08-23 08:35:00+00:00,none,none,0.0
AWS-IND-TN-001,2026-08-23 08:40:00+00:00,none,none,0.0
AWS-IND-TN-001,2026-08-23 08:45:00+00:00,none,none,0.0
AWS-IND-TN-001,2026-08-23 08:50:00+00:00,none,none,0.0
AWS-IND-TN-001,2026-08-23 08:55:00+00:00,none,none,0.0
AWS-IND-TN-001,2026-08-23 09:00:00+00:00,none,none,0.0
AWS-IND-TN-001,2026-08-23 09:05:00+00:00,none,none,0.0
AWS-IND-TN-001,2026-08-23 09:10:00+00:00,none,none,0.0
AWS-IND-TN-001,2026-08-23 09:15:00+00:00,none,none,0.0
AWS-IND-TN-001,2026-08-23 09:20:00+00:00,none,none,0.0
AWS-IND-TN-001,2026-08-23 09:25:00+00:00,none,none,0.0
AWS-IND-TN-001,2026-08-23 09:30:00+00:00,none,none,0.0
AWS-IND-TN-001,2026-08-23 09:35:00+00:00,none,none,0.0
AWS-IND-TN-001,2026-08-23 09:40:00+00:00,none,none,0.0
AWS-IND-TN-001,2026-08-23 09:45:00+00:00,none,none,0.0
AWS-IND-TN-001,2026-08-23 09:50:00+00:00,none,none,0.0
AWS-IND-TN-001,2026-08-23 09:55:00+00:00,none,none,0.0
AWS-IND-TN-001,2026-08-23 10:00:00+00:00,none,none,0.0
AWS-IND-TN-001,2026-08-23 10:05:00+00:00,none,none,0.0
AWS-IND-TN-001,2026-08-23 10:10:00+00:00,none,none,0.0
AWS-IND-TN-001,2026-08-23 10:15:00+00:00,none,none,0.0
AWS-IND-TN-001,2026-08-23 10:20:00+00:00,none,none,0.0
AWS-IND-TN-001,2026-08-23 10:25:00+00:00,none,none,0.0
AWS-IND-TN-001,2026-08-23 10:30:00+00:00,none,none,0.0
AWS-IND-TN-001,2026-08-23 10:35:00+00:00,none,none,0.0
AWS-IND-TN-001,2026-08-23 10:40:00+00:00,none,none,0.0
AWS-IND-TN-001,2026-08-23 10:45:00+00:00,none,none,0.0
AWS-IND-TN-001,2026-08-23 10:50:00+00:00,none,none,0.0
AWS-IND-TN-001,2026-08-23 10:55:00+00:00,none,none,0.0
AWS-IND-TN-001,2026-08-23 11:00:00+00:00,none,none,0.0
AWS-IND-TN-001,2026-08-23 11:05:00+00:00,none,none,0.0
AWS-IND-TN-001,2026-08-23 11:10:00+00:00,none,none,0.0
AWS-IND-TN-001,2026-08-23 11:15:00+00:00,none,none,0.0
AWS-IND-TN-001,2026-08-23 11:20:00+00:00,none,none,0.0
AWS-IND-TN-001,2026-08-23 11:25:00+00:00,none,none,0.0
AWS-IND-TN-001,2026-08-23 11:30:00+00:00,none,none,0.0
AWS-IND-TN-001,2026-08-23 11:35:00+00:00,none,none,0.0
AWS-IND-TN-001,2026-08-23 11:40:00+00:00,none,none,0.0
AWS-IND-TN-001,2026-08-23 11:45:00+00:00,none,none,0.0
AWS-IND-TN-001,2026-08-23 11:50:00+00:00,none,none,0.0
AWS-IND-TN-001,2026-08-23 11:55:00+00:00,none,none,0.0
AWS-IND-TN-001,2026-08-23 12:00:00+00:00,none,none,0.0
AWS-IND-TN-001,2026-08-23 12:05:00+00:00,none,none,0.0
AWS-IND-TN-001,2026-08-23 12:10:00+00:00,none,none,0.0
AWS-IND-TN-001,2026-08-23 12:15:00+00:00,none,none,0.0
AWS-IND-TN-001,2026-08-23 12:20:00+00:00,none,none,0.0
AWS-IND-TN-001,2026-08-23 12:25:00+00:00,none,none,0.0
AWS-IND-TN-001,2026-08-23 12:30:00+00:00,none,none,0.0
AWS-IND-TN-001,2026-08-23 12:35:00+00:00,none,none,0.0
AWS-IND-TN-001,2026-08-23 12:40:00+00:00,none,none,0.0
AWS-IND-TN-001,2026-08-23 12:45:00+00:00,none,none,0.0
AWS-IND-TN-001,2026-08-23 12:50:00+00:00,none,none,0.0
AWS-IND-TN-001,2026-08-23 12:55:00+00:00,none,none,0.0
AWS-IND-TN-001,2026-08-23 13:00:00+00:00,none,none,0.0
AWS-IND-TN-001,2026-08-23 13:05:00+00:00,none,none,0.0
AWS-IND-TN-001,2026-08-23 13:10:00+00:00,none,none,0.0
AWS-IND-TN-001,2026-08-23 13:15:00+00:00,none,none,0.0
AWS-IND-TN-001,2026-08-23 13:20:00+00:00,none,none,0.0
AWS-IND-TN-001,2026-08-23 13:25:00+00:00,none,none,0.0
AWS-IND-TN-001,2026-08-23 13:30:00+00:00,none,none,0.0
AWS-IND-TN-001,2026-08-23 13:35:00+00:00,none,none,0.0
AWS-IND-TN-001,2026-08-23 13:40:00+00:00,none,none,0.0
AWS-IND-TN-001,2026-08-23 13:45:00+00:00,none,none,0.0
AWS-IND-TN-001,2026-08-23 13:50:00+00:00,none,none,0.0
AWS-IND-TN-001,2026-08-23 13:55:00+00:00,none,none,0.0
AWS-IND-TN-001,2026-08-23 14:00:00+00:00,none,none,0.0
AWS-IND-TN-001,2026-08-23 14:05:00+00:00,none,none,0.0
AWS-IND-TN-001,2026-08-23 14:10:00+00:00,none,none,0.0
AWS-IND-TN-001,2026-08-23 14:15:00+00:00,none,none,0.0
AWS-IND-TN-001,2026-08-23 14:20:00+00:00,none,none,0.0
AWS-IND-TN-001,2026-08-23 14:25:00+00:00,none,none,0.0
AWS-IND-TN-001,2026-08-23 14:30:00+00:00,none,none,0.0
AWS-IND-TN-001,2026-08-23 14:35:00+00:00,none,none,0.0
AWS-IND-TN-001,2026-08-23 14:40:00+00:00,none,none,0.0
AWS-IND-TN-001,2026-08-23 14:45:00+00:00,none,none,0.0
AWS-IND-TN-001,2026-08-23 14:50:00+00:00,none,none,0.0
AWS-IND-TN-001,2026-08-23 14:55:00+00:00,none,none,0.0
AWS-IND-TN-001,2026-08-23 15:00:00+00:00,none,none,0.0
AWS-IND-TN-001,2026-08-23 15:05:00+00:00,none,none,0.0
AWS-IND-TN-001,2026-08-23 15:10:00+00:00,none,none,0.0
AWS-IND-TN-001,2026-08-23 15:15:00+00:00,none,none,0.0
AWS-IND-TN-001,2026-08-23 15:20:00+00:00,none,none,0.0
AWS-IND-TN-001,2026-08-23 15:25:00+00:00,none,none,0.0
AWS-IND-TN-001,2026-08-23 15:30:00+00:00,none,none,0.0
AWS-IND-TN-001,2026-08-23 15:35:00+00:00,none,none,0.0
AWS-IND-TN-001,2026-08-23 15:40:00+00:00,none,none,0.0
AWS-IND-TN-001,2026-08-23 15:45:00+00:00,none,none,0.0
AWS-IND-TN-001,2026-08-23 15:50:00+00:00,none,none,0.0
AWS-IND-TN-001,2026-08-23 15:55:00+00:00,none,none,0.0
AWS-IND-TN-001,2026-08-23 16:00:00+00:00,none,none,0.0
AWS-IND-TN-001,2026-08-23 16:05:00+00:00,none,none,0.0
AWS-IND-TN-001,2026-08-23 16:10:00+00:00,none,none,0.0
AWS-IND-TN-001,2026-08-23 16:15:00+00:00,none,none,0.0
AWS-IND-TN-001,2026-08-23 16:20:00+00:00,none,none,0.0
AWS-IND-TN-001,2026-08-23 16:25:00+00:00,none,none,0.0
AWS-IND-TN-001,2026-08-23 16:30:00+00:00,none,none,0.0
AWS-IND-TN-001,2026-08-23 16:35:00+00:00,none,none,0.0
AWS-IND-TN-001,2026-08-23 16:40:00+00:00,none,none,0.0
AWS-IND-TN-001,2026-08-23 16:45:00+00:00,none,none,0.0
AWS-IND-TN-001,2026-08-23 16:50:00+00:00,none,none,0.0
AWS-IND-TN-001,2026-08-23 16:55:00+00:00,none,none,0.0
AWS-IND-TN-001,2026-08-23 17:00:00+00:00,none,none,0.0
AWS-IND-TN-001,2026-08-23 17:05:00+00:00,none,none,0.0
AWS-IND-TN-001,2026-08-23 17:10:00+00:00,none,none,0.0
AWS-IND-TN-001,2026-08-23 17:15:00+00:00,none,none,0.0
AWS-IND-TN-001,2026-08-23 17:20:00+00:00,none,none,0.0
AWS-IND-TN-001,2026-08-23 17:25:00+00:00,none,none,0.0
AWS-IND-TN-001,2026-08-23 17:30:00+00:00,none,none,0.0
AWS-IND-TN-001,2026-08-23 17:35:00+00:00,none,none,0.0
AWS-IND-TN-001,2026-08-23 17:40:00+00:00,none,none,0.0
AWS-IND-TN-001,2026-08-23 17:45:00+00:00,none,none,0.0
AWS-IND-TN-001,2026-08-23 17:50:00+00:00,none,none,0.0
AWS-IND-TN-001,2026-08-23 17:55:00+00:00,none,none,0.0
AWS-IND-TN-001,2026-08-23 18:00:00+00:00,none,none,0.0
AWS-IND-TN-001,2026-08-23 18:05:00+00:00,none,none,0.0
AWS-IND-TN-001,2026-08-23 18:10:00+00:00,none,none,0.0
AWS-IND-TN-001,2026-08-23 18:15:00+00:00,none,none,0.0
AWS-IND-TN-001,2026-08-23 18:20:00+00:00,none,none,0.0
AWS-IND-TN-001,2026-08-23 18:25:00+00:00,none,none,0.0
AWS-IND-TN-001,2026-08-23 18:30:00+00:00,none,none,0.0
AWS-IND-TN-001,2026-08-23 18:35:00+00:00,none,none,0.0
AWS-IND-TN-001,2026-08-23 18:40:00+00:00,none,none,0.0
AWS-IND-TN-001,2026-08-23 18:45:00+00:00,none,none,0.0
AWS-IND-TN-001,2026-08-23 18:50:00+00:00,none,none,0.0
AWS-IND-TN-001,2026-08-23 18:55:00+00:00,none,none,0.0
AWS-IND-TN-001,2026-08-23 19:00:00+00:00,none,none,0.0
AWS-IND-TN-001,2026-08-23 19:05:00+00:00,none,none,0.0
AWS-IND-TN-001,2026-08-23 19:10:00+00:00,none,none,0.0
AWS-IND-TN-001,2026-08-23 19:15:00+00:00,cross_sensor,multiple,5.530166890387737
AWS-IND-TN-001,2026-08-23 19:20:00+00:00,cross_sensor,multiple,5.530166890387737
AWS-IND-TN-001,2026-08-23 19:25:00+00:00,cross_sensor,multiple,5.530166890387737
AWS-IND-TN-001,2026-08-23 19:30:00+00:00,cross_sensor,multiple,5.530166890387737
AWS-IND-TN-001,2026-08-23 19:35:00+00:00,cross_sensor,multiple,5.530166890387737
AWS-IND-TN-001,2026-08-23 19:40:00+00:00,cross_sensor,multiple,5.530166890387737
AWS-IND-TN-001,2026-08-23 19:45:00+00:00,cross_sensor,multiple,5.530166890387737
AWS-IND-TN-001,2026-08-23 19:50:00+00:00,cross_sensor,multiple,5.530166890387737
AWS-IND-TN-001,2026-08-23 19:55:00+00:00,cross_sensor,multiple,5.530166890387737
AWS-IND-TN-001,2026-08-23 20:00:00+00:00,cross_sensor,multiple,5.530166890387737
AWS-IND-TN-001,2026-08-23 20:05:00+00:00,cross_sensor,multiple,5.530166890387737
AWS-IND-TN-001,2026-08-23 20:10:00+00:00,cross_sensor,multiple,5.530166890387737
AWS-IND-TN-001,2026-08-23 20:15:00+00:00,cross_sensor,multiple,5.530166890387737
AWS-IND-TN-001,2026-08-23 20:20:00+00:00,cross_sensor,multiple,5.530166890387737
AWS-IND-TN-001,2026-08-23 20:25:00+00:00,cross_sensor,multiple,5.530166890387737
AWS-IND-TN-001,2026-08-23 20:30:00+00:00,cross_sensor,multiple,5.530166890387737
AWS-IND-TN-001,2026-08-23 20:35:00+00:00,cross_sensor,multiple,5.530166890387737
AWS-IND-TN-001,2026-08-23 20:40:00+00:00,cross_sensor,multiple,5.530166890387737
AWS-IND-TN-001,2026-08-23 20:45:00+00:00,cross_sensor,multiple,5.530166890387737
AWS-IND-TN-001,2026-08-23 20:50:00+00:00,cross_sensor,multiple,5.530166890387737
AWS-IND-TN-001,2026-08-23 20:55:00+00:00,cross_sensor,multiple,5.530166890387737
AWS-IND-TN-001,2026-08-23 21:00:00+00:00,cross_sensor,multiple,5.530166890387737
AWS-IND-TN-001,2026-08-23 21:05:00+00:00,cross_sensor,multiple,5.530166890387737
AWS-IND-TN-001,2026-08-23 21:10:00+00:00,cross_sensor,multiple,5.530166890387737
AWS-IND-TN-001,2026-08-23 21:15:00+00:00,cross_sensor,multiple,5.530166890387737
AWS-IND-TN-001,2026-08-23 21:20:00+00:00,cross_sensor,multiple,5.530166890387737
AWS-IND-TN-001,2026-08-23 21:25:00+00:00,cross_sensor,multiple,5.530166890387737
AWS-IND-TN-001,2026-08-23 21:30:00+00:00,cross_sensor,multiple,5.530166890387737
AWS-IND-TN-001,2026-08-23 21:35:00+00:00,cross_sensor,multiple,5.530166890387737
AWS-IND-TN-001,2026-08-23 21:40:00+00:00,cross_sensor,multiple,5.530166890387737
AWS-IND-TN-001,2026-08-23 21:45:00+00:00,cross_sensor,multiple,5.530166890387737
AWS-IND-TN-001,2026-08-23 21:50:00+00:00,cross_sensor,multiple,5.530166890387737
AWS-IND-TN-001,2026-08-23 21:55:00+00:00,cross_sensor,multiple,5.530166890387737
AWS-IND-TN-001,2026-08-23 22:00:00+00:00,cross_sensor,multiple,5.530166890387737
AWS-IND-TN-001,2026-08-23 22:05:00+00:00,cross_sensor,multiple,5.530166890387737
AWS-IND-TN-001,2026-08-23 22:10:00+00:00,cross_sensor,multiple,5.530166890387737
AWS-IND-TN-001,2026-08-23 22:15:00+00:00,cross_sensor,multiple,5.530166890387737
AWS-IND-TN-001,2026-08-23 22:20:00+00:00,cross_sensor,multiple,5.530166890387737
AWS-IND-TN-001,2026-08-23 22:25:00+00:00,cross_sensor,multiple,5.530166890387737
AWS-IND-TN-001,2026-08-23 22:30:00+00:00,cross_sensor,multiple,5.530166890387737
AWS-IND-TN-001,2026-08-23 22:35:00+00:00,cross_sensor,multiple,5.530166890387737
AWS-IND-TN-001,2026-08-23 22:40:00+00:00,cross_sensor,multiple,5.530166890387737
AWS-IND-TN-001,2026-08-23 22:45:00+00:00,cross_sensor,multiple,5.530166890387737
AWS-IND-TN-001,2026-08-23 22:50:00+00:00,cross_sensor,multiple,5.530166890387737
AWS-IND-TN-001,2026-08-23 22:55:00+00:00,cross_sensor,multiple,5.530166890387737
AWS-IND-TN-001,2026-08-23 23:00:00+00:00,cross_sensor,multiple,5.530166890387737
AWS-IND-TN-001,2026-08-23 23:05:00+00:00,cross_sensor,multiple,5.530166890387737
AWS-IND-TN-001,2026-08-23 23:10:00+00:00,cross_sensor,multiple,5.530166890387737
AWS-IND-TN-001,2026-08-23 23:15:00+00:00,cross_sensor,multiple,5.530166890387737
AWS-IND-TN-001,2026-08-23 23:20:00+00:00,cross_sensor,multiple,5.530166890387737
AWS-IND-TN-001,2026-08-23 23:25:00+00:00,cross_sensor,multiple,5.530166890387737
AWS-IND-TN-001,2026-08-23 23:30:00+00:00,cross_sensor,multiple,5.530166890387737
AWS-IND-TN-001,2026-08-23 23:35:00+00:00,cross_sensor,multiple,5.530166890387737
AWS-IND-TN-001,2026-08-23 23:40:00+00:00,cross_sensor,multiple,5.530166890387737
AWS-IND-TN-001,2026-08-23 23:45:00+00:00,cross_sensor,multiple,5.530166890387737
AWS-IND-TN-001,2026-08-23 23:50:00+00:00,cross_sensor,multiple,5.530166890387737
AWS-IND-TN-001,2026-08-23 23:55:00+00:00,cross_sensor,multiple,5.530166890387737
AWS-IND-TN-001,2026-08-24 00:00:00+00:00,cross_sensor,multiple,5.530166890387737
AWS-IND-TN-001,2026-08-24 00:05:00+00:00,cross_sensor,multiple,5.530166890387737
AWS-IND-TN-001,2026-08-24 00:10:00+00:00,cross_sensor,multiple,5.530166890387737
AWS-IND-TN-001,2026-08-24 00:15:00+00:00,cross_sensor,multiple,5.530166890387737
AWS-IND-TN-001,2026-08-24 00:20:00+00:00,cross_sensor,multiple,5.530166890387737
AWS-IND-TN-001,2026-08-24 00:25:00+00:00,cross_sensor,multiple,5.530166890387737
AWS-IND-TN-001,2026-08-24 00:30:00+00:00,cross_sensor,multiple,5.530166890387737
AWS-IND-TN-001,2026-08-24 00:35:00+00:00,cross_sensor,multiple,5.530166890387737
AWS-IND-TN-001,2026-08-24 00:40:00+00:00,cross_sensor,multiple,5.530166890387737
AWS-IND-TN-001,2026-08-24 00:45:00+00:00,cross_sensor,multiple,5.530166890387737
AWS-IND-TN-001,2026-08-24 00:50:00+00:00,cross_sensor,multiple,5.530166890387737
AWS-IND-TN-001,2026-08-24 00:55:00+00:00,none,none,0.0
AWS-IND-TN-001,2026-08-24 01:00:00+00:00,none,none,0.0
AWS-IND-TN-001,2026-08-24 01:05:00+00:00,none,none,0.0
AWS-IND-TN-001,2026-08-24 01:10:00+00:00,none,none,0.0
AWS-IND-TN-001,2026-08-24 01:15:00+00:00,none,none,0.0
AWS-IND-TN-001,2026-08-24 01:20:00+00:00,none,none,0.0
AWS-IND-TN-001,2026-08-24 01:25:00+00:00,none,none,0.0
AWS-IND-TN-001,2026-08-24 01:30:00+00:00,none,none,0.0
AWS-IND-TN-001,2026-08-24 01:35:00+00:00,none,none,0.0
AWS-IND-TN-001,2026-08-24 01:40:00+00:00,none,none,0.0
AWS-IND-TN-001,2026-08-24 01:45:00+00:00,none,none,0.0
AWS-IND-TN-001,2026-08-24 01:50:00+00:00,none,none,0.0
AWS-IND-TN-001,2026-08-24 01:55:00+00:00,none,none,0.0
AWS-IND-TN-001,2026-08-24 02:00:00+00:00,none,none,0.0
AWS-IND-TN-001,2026-08-24 02:05:00+00:00,spike,humidity_pct,27.548910385642774
AWS-IND-TN-001,2026-08-24 02:10:00+00:00,spike,humidity_pct,27.548910385642774
AWS-IND-TN-001,2026-08-24 02:15:00+00:00,spike,humidity_pct,27.548910385642774
AWS-IND-TN-001,2026-08-24 02:20:00+00:00,none,none,0.0
AWS-IND-TN-001,2026-08-24 02:25:00+00:00,none,none,0.0
AWS-IND-TN-001,2026-08-24 02:30:00+00:00,none,none,0.0
AWS-IND-TN-001,2026-08-24 02:35:00+00:00,none,none,0.0
AWS-IND-TN-001,2026-08-24 02:40:00+00:00,none,none,0.0
AWS-IND-TN-001,2026-08-24 02:45:00+00:00,none,none,0.0
AWS-IND-TN-001,2026-08-24 02:50:00+00:00,none,none,0.0
AWS-IND-TN-001,2026-08-24 02:55:00+00:00,none,none,0.0
AWS-IND-TN-001,2026-08-24 03:00:00+00:00,none,none,0.0
AWS-IND-TN-001,2026-08-24 03:05:00+00:00,none,none,0.0
AWS-IND-TN-001,2026-08-24 03:10:00+00:00,none,none,0.0
AWS-IND-TN-001,2026-08-24 03:15:00+00:00,none,none,0.0
AWS-IND-TN-001,2026-08-24 03:20:00+00:00,none,none,0.0
AWS-IND-TN-001,2026-08-24 03:25:00+00:00,none,none,0.0
AWS-IND-TN-001,2026-08-24 03:30:00+00:00,none,none,0.0
AWS-IND-TN-001,2026-08-24 03:35:00+00:00,none,none,0.0
AWS-IND-TN-001,2026-08-24 03:40:00+00:00,none,none,0.0
AWS-IND-TN-001,2026-08-24 03:45:00+00:00,none,none,0.0
AWS-IND-TN-001,2026-08-24 03:50:00+00:00,none,none,0.0
AWS-IND-TN-001,2026-08-24 03:55:00+00:00,none,none,0.0
AWS-IND-TN-001,2026-08-24 04:00:00+00:00,none,none,0.0
AWS-IND-TN-001,2026-08-24 04:05:00+00:00,none,none,0.0
AWS-IND-TN-001,2026-08-24 04:10:00+00:00,none,none,0.0
AWS-IND-TN-001,2026-08-24 04:15:00+00:00,none,none,0.0
AWS-IND-TN-001,2026-08-24 04:20:00+00:00,none,none,0.0
AWS-IND-TN-001,2026-08-24 04:25:00+00:00,none,none,0.0
AWS-IND-TN-001,2026-08-24 04:30:00+00:00,none,none,0.0
AWS-IND-TN-001,2026-08-24 04:35:00+00:00,none,none,0.0
AWS-IND-TN-001,2026-08-24 04:40:00+00:00,none,none,0.0
AWS-IND-TN-001,2026-08-24 04:45:00+00:00,none,none,0.0
AWS-IND-TN-001,2026-08-24 04:50:00+00:00,none,none,0.0
AWS-IND-TN-001,2026-08-24 04:55:00+00:00,none,none,0.0
AWS-IND-TN-001,2026-08-24 05:00:00+00:00,none,none,0.0
AWS-IND-TN-001,2026-08-24 05:05:00+00:00,none,none,0.0
AWS-IND-TN-001,2026-08-24 05:10:00+00:00,none,none,0.0
AWS-IND-TN-001,2026-08-24 05:15:00+00:00,none,none,0.0
AWS-IND-TN-001,2026-08-24 05:20:00+00:00,none,none,0.0
AWS-IND-TN-001,2026-08-24 05:25:00+00:00,none,none,0.0
AWS-IND-TN-001,2026-08-24 05:30:00+00:00,none,none,0.0
AWS-IND-TN-001,2026-08-24 05:35:00+00:00,none,none,0.0
AWS-IND-TN-001,2026-08-24 05:40:00+00:00,none,none,0.0
AWS-IND-TN-001,2026-08-24 05:45:00+00:00,none,none,0.0
AWS-IND-TN-001,2026-08-24 05:50:00+00:00,none,none,0.0
AWS-IND-TN-001,2026-08-24 05:55:00+00:00,none,none,0.0
AWS-IND-TN-001,2026-08-24 06:00:00+00:00,none,none,0.0
AWS-IND-TN-001,2026-08-24 06:05:00+00:00,none,none,0.0
AWS-IND-TN-001,2026-08-24 06:10:00+00:00,none,none,0.0
AWS-IND-TN-001,2026-08-24 06:15:00+00:00,none,none,0.0
AWS-IND-TN-001,2026-08-24 06:20:00+00:00,none,none,0.0
AWS-IND-TN-001,2026-08-24 06:25:00+00:00,none,none,0.0
AWS-IND-TN-001,2026-08-24 06:30:00+00:00,none,none,0.0
AWS-IND-TN-001,2026-08-24 06:35:00+00:00,none,none,0.0
AWS-IND-TN-001,2026-08-24 06:40:00+00:00,none,none,0.0
AWS-IND-TN-001,2026-08-24 06:45:00+00:00,none,none,0.0
AWS-IND-TN-001,2026-08-24 06:50:00+00:00,none,none,0.0
AWS-IND-TN-001,2026-08-24 06:55:00+00:00,none,none,0.0
AWS-IND-TN-001,2026-08-24 07:00:00+00:00,none,none,0.0
AWS-IND-TN-001,2026-08-24 07:05:00+00:00,none,none,0.0
AWS-IND-TN-001,2026-08-24 07:10:00+00:00,none,none,0.0
AWS-IND-TN-001,2026-08-24 07:15:00+00:00,none,none,0.0
AWS-IND-TN-001,2026-08-24 07:20:00+00:00,none,none,0.0
AWS-IND-TN-001,2026-08-24 07:25:00+00:00,none,none,0.0
AWS-IND-TN-001,2026-08-24 07:30:00+00:00,none,none,0.0
AWS-IND-TN-001,2026-08-24 07:35:00+00:00,none,none,0.0
AWS-IND-TN-001,2026-08-24 07:40:00+00:00,none,none,0.0
AWS-IND-TN-001,2026-08-24 07:45:00+00:00,none,none,0.0
AWS-IND-TN-001,2026-08-24 07:50:00+00:00,none,none,0.0
AWS-IND-TN-001,2026-08-24 07:55:00+00:00,none,none,0.0
AWS-IND-TN-001,2026-08-24 08:00:00+00:00,none,none,0.0
AWS-IND-TN-001,2026-08-24 08:05:00+00:00,none,none,0.0
AWS-IND-TN-001,2026-08-24 08:10:00+00:00,none,none,0.0
AWS-IND-TN-001,2026-08-24 08:15:00+00:00,none,none,0.0
AWS-IND-TN-001,2026-08-24 08:20:00+00:00,none,none,0.0
AWS-IND-TN-001,2026-08-24 08:25:00+00:00,none,none,0.0
AWS-IND-TN-001,2026-08-24 08:30:00+00:00,none,none,0.0
AWS-IND-TN-001,2026-08-24 08:35:00+00:00,none,none,0.0
AWS-IND-TN-001,2026-08-24 08:40:00+00:00,none,none,0.0
AWS-IND-TN-001,2026-08-24 08:45:00+00:00,none,none,0.0
AWS-IND-TN-001,2026-08-24 08:50:00+00:00,none,none,0.0
AWS-IND-TN-001,2026-08-24 08:55:00+00:00,none,none,0.0
AWS-IND-TN-001,2026-08-24 09:00:00+00:00,none,none,0.0
AWS-IND-TN-001,2026-08-24 09:05:00+00:00,none,none,0.0
AWS-IND-TN-001,2026-08-24 09:10:00+00:00,none,none,0.0
AWS-IND-TN-001,2026-08-24 09:15:00+00:00,none,none,0.0
AWS-IND-TN-001,2026-08-24 09:20:00+00:00,none,none,0.0
AWS-IND-TN-001,2026-08-24 09:25:00+00:00,none,none,0.0
AWS-IND-TN-001,2026-08-24 09:30:00+00:00,none,none,0.0
AWS-IND-TN-001,2026-08-24 09:35:00+00:00,none,none,0.0
AWS-IND-TN-001,2026-08-24 09:40:00+00:00,none,none,0.0
AWS-IND-TN-001,2026-08-24 09:45:00+00:00,none,none,0.0
AWS-IND-TN-001,2026-08-24 09:50:00+00:00,none,none,0.0
AWS-IND-TN-001,2026-08-24 09:55:00+00:00,none,none,0.0
AWS-IND-TN-001,2026-08-24 10:00:00+00:00,none,none,0.0
AWS-IND-TN-001,2026-08-24 10:05:00+00:00,none,none,0.0
AWS-IND-TN-001,2026-08-24 10:10:00+00:00,none,none,0.0
AWS-IND-TN-001,2026-08-24 10:15:00+00:00,none,none,0.0
AWS-IND-TN-001,2026-08-24 10:20:00+00:00,none,none,0.0
AWS-IND-TN-001,2026-08-24 10:25:00+00:00,none,none,0.0
AWS-IND-TN-001,2026-08-24 10:30:00+00:00,none,none,0.0
AWS-IND-TN-001,2026-08-24 10:35:00+00:00,none,none,0.0
AWS-IND-TN-001,2026-08-24 10:40:00+00:00,none,none,0.0
AWS-IND-TN-001,2026-08-24 10:45:00+00:00,none,none,0.0
AWS-IND-TN-001,2026-08-24 10:50:00+00:00,none,none,0.0
AWS-IND-TN-001,2026-08-24 10:55:00+00:00,none,none,0.0
AWS-IND-TN-001,2026-08-24 11:00:00+00:00,none,none,0.0
AWS-IND-TN-001,2026-08-24 11:05:00+00:00,none,none,0.0
AWS-IND-TN-001,2026-08-24 11:10:00+00:00,none,none,0.0
AWS-IND-TN-001,2026-08-24 11:15:00+00:00,none,none,0.0
AWS-IND-TN-001,2026-08-24 11:20:00+00:00,none,none,0.0
AWS-IND-TN-001,2026-08-24 11:25:00+00:00,none,none,0.0
AWS-IND-TN-001,2026-08-24 11:30:00+00:00,none,none,0.0
AWS-IND-TN-001,2026-08-24 11:35:00+00:00,none,none,0.0
AWS-IND-TN-001,2026-08-24 11:40:00+00:00,none,none,0.0
AWS-IND-TN-001,2026-08-24 11:45:00+00:00,none,none,0.0
AWS-IND-TN-001,2026-08-24 11:50:00+00:00,none,none,0.0
AWS-IND-TN-001,2026-08-24 11:55:00+00:00,none,none,0.0
AWS-IND-TN-001,2026-08-24 12:00:00+00:00,none,none,0.0
AWS-IND-TN-001,2026-08-24 12:05:00+00:00,none,none,0.0
AWS-IND-TN-001,2026-08-24 12:10:00+00:00,none,none,0.0
AWS-IND-TN-001,2026-08-24 12:15:00+00:00,none,none,0.0
AWS-IND-TN-001,2026-08-24 12:20:00+00:00,none,none,0.0
AWS-IND-TN-001,2026-08-24 12:25:00+00:00,none,none,0.0
AWS-IND-TN-001,2026-08-24 12:30:00+00:00,none,none,0.0
AWS-IND-TN-001,2026-08-24 12:35:00+00:00,none,none,0.0
AWS-IND-TN-001,2026-08-24 12:40:00+00:00,none,none,0.0
AWS-IND-TN-001,2026-08-24 12:45:00+00:00,none,none,0.0
AWS-IND-TN-001,2026-08-24 12:50:00+00:00,none,none,0.0
AWS-IND-TN-001,2026-08-24 12:55:00+00:00,none,none,0.0
AWS-IND-TN-001,2026-08-24 13:00:00+00:00,none,none,0.0
AWS-IND-TN-001,2026-08-24 13:05:00+00:00,none,none,0.0
AWS-IND-TN-001,2026-08-24 13:10:00+00:00,none,none,0.0
AWS-IND-TN-001,2026-08-24 13:15:00+00:00,none,none,0.0
AWS-IND-TN-001,2026-08-24 13:20:00+00:00,none,none,0.0
AWS-IND-TN-001,2026-08-24 13:25:00+00:00,none,none,0.0
AWS-IND-TN-001,2026-08-24 13:30:00+00:00,none,none,0.0
AWS-IND-TN-001,2026-08-24 13:35:00+00:00,none,none,0.0
AWS-IND-TN-001,2026-08-24 13:40:00+00:00,none,none,0.0
AWS-IND-TN-001,2026-08-24 13:45:00+00:00,none,none,0.0
AWS-IND-TN-001,2026-08-24 13:50:00+00:00,none,none,0.0
AWS-IND-TN-001,2026-08-24 13:55:00+00:00,none,none,0.0
AWS-IND-TN-001,2026-08-24 14:00:00+00:00,none,none,0.0
AWS-IND-TN-001,2026-08-24 14:05:00+00:00,none,none,0.0
AWS-IND-TN-001,2026-08-24 14:10:00+00:00,none,none,0.0
AWS-IND-TN-001,2026-08-24 14:15:00+00:00,none,none,0.0
AWS-IND-TN-001,2026-08-24 14:20:00+00:00,none,none,0.0
AWS-IND-TN-001,2026-08-24 14:25:00+00:00,none,none,0.0
AWS-IND-TN-001,2026-08-24 14:30:00+00:00,none,none,0.0
AWS-IND-TN-001,2026-08-24 14:35:00+00:00,none,none,0.0
AWS-IND-TN-001,2026-08-24 14:40:00+00:00,none,none,0.0
AWS-IND-TN-001,2026-08-24 14:45:00+00:00,none,none,0.0
AWS-IND-TN-001,2026-08-24 14:50:00+00:00,none,none,0.0
AWS-IND-TN-001,2026-08-24 14:55:00+00:00,none,none,0.0
AWS-IND-TN-001,2026-08-24 15:00:00+00:00,none,none,0.0
AWS-IND-TN-001,2026-08-24 15:05:00+00:00,none,none,0.0
AWS-IND-TN-001,2026-08-24 15:10:00+00:00,none,none,0.0
AWS-IND-TN-001,2026-08-24 15:15:00+00:00,none,none,0.0
AWS-IND-TN-001,2026-08-24 15:20:00+00:00,none,none,0.0
AWS-IND-TN-001,2026-08-24 15:25:00+00:00,none,none,0.0
AWS-IND-TN-001,2026-08-24 15:30:00+00:00,none,none,0.0
AWS-IND-TN-001,2026-08-24 15:35:00+00:00,none,none,0.0
AWS-IND-TN-001,2026-08-24 15:40:00+00:00,none,none,0.0
AWS-IND-TN-001,2026-08-24 15:45:00+00:00,none,none,0.0
AWS-IND-TN-001,2026-08-24 15:50:00+00:00,none,none,0.0
AWS-IND-TN-001,2026-08-24 15:55:00+00:00,none,none,0.0
AWS-IND-TN-001,2026-08-24 16:00:00+00:00,none,none,0.0
AWS-IND-TN-001,2026-08-24 16:05:00+00:00,none,none,0.0
AWS-IND-TN-001,2026-08-24 16:10:00+00:00,none,none,0.0
AWS-IND-TN-001,2026-08-24 16:15:00+00:00,none,none,0.0
AWS-IND-TN-001,2026-08-24 16:20:00+00:00,none,none,0.0
AWS-IND-TN-001,2026-08-24 16:25:00+00:00,none,none,0.0
AWS-IND-TN-001,2026-08-24 16:30:00+00:00,none,none,0.0
AWS-IND-TN-001,2026-08-24 16:35:00+00:00,none,none,0.0
AWS-IND-TN-001,2026-08-24 16:40:00+00:00,none,none,0.0
AWS-IND-TN-001,2026-08-24 16:45:00+00:00,none,none,0.0
AWS-IND-TN-001,2026-08-24 16:50:00+00:00,none,none,0.0
AWS-IND-TN-001,2026-08-24 16:55:00+00:00,none,none,0.0
AWS-IND-TN-001,2026-08-24 17:00:00+00:00,none,none,0.0
AWS-IND-TN-001,2026-08-24 17:05:00+00:00,none,none,0.0
AWS-IND-TN-001,2026-08-24 17:10:00+00:00,none,none,0.0
AWS-IND-TN-001,2026-08-24 17:15:00+00:00,none,none,0.0
AWS-IND-TN-001,2026-08-24 17:20:00+00:00,none,none,0.0
AWS-IND-TN-001,2026-08-24 17:25:00+00:00,none,none,0.0
AWS-IND-TN-001,2026-08-24 17:30:00+00:00,none,none,0.0
AWS-IND-TN-001,2026-08-24 17:35:00+00:00,none,none,0.0
AWS-IND-TN-001,2026-08-24 17:40:00+00:00,none,none,0.0
AWS-IND-TN-001,2026-08-24 17:45:00+00:00,none,none,0.0
AWS-IND-TN-001,2026-08-24 17:50:00+00:00,none,none,0.0
AWS-IND-TN-001,2026-08-24 17:55:00+00:00,none,none,0.0
AWS-IND-TN-001,2026-08-24 18:00:00+00:00,none,none,0.0
AWS-IND-TN-001,2026-08-24 18:05:00+00:00,none,none,0.0
AWS-IND-TN-001,2026-08-24 18:10:00+00:00,none,none,0.0
AWS-IND-TN-001,2026-08-24 18:15:00+00:00,none,none,0.0
AWS-IND-TN-001,2026-08-24 18:20:00+00:00,none,none,0.0
AWS-IND-TN-001,2026-08-24 18:25:00+00:00,none,none,0.0
AWS-IND-TN-001,2026-08-24 18:30:00+00:00,none,none,0.0
AWS-IND-TN-001,2026-08-24 18:35:00+00:00,none,none,0.0
AWS-IND-TN-001,2026-08-24 18:40:00+00:00,none,none,0.0
AWS-IND-TN-001,2026-08-24 18:45:00+00:00,none,none,0.0
AWS-IND-TN-001,2026-08-24 18:50:00+00:00,none,none,0.0
AWS-IND-TN-001,2026-08-24 18:55:00+00:00,none,none,0.0
AWS-IND-TN-001,2026-08-24 19:00:00+00:00,none,none,0.0
AWS-IND-TN-001,2026-08-24 19:05:00+00:00,none,none,0.0
AWS-IND-TN-001,2026-08-24 19:10:00+00:00,none,none,0.0
AWS-IND-TN-001,2026-08-24 19:15:00+00:00,none,none,0.0
AWS-IND-TN-001,2026-08-24 19:20:00+00:00,none,none,0.0
AWS-IND-TN-001,2026-08-24 19:25:00+00:00,spike,temperature_c,-9.475750442302328
AWS-IND-TN-001,2026-08-24 19:30:00+00:00,spike,temperature_c,-9.475750442302328
AWS-IND-TN-001,2026-08-24 19:35:00+00:00,spike,temperature_c,-9.475750442302328
AWS-IND-TN-001,2026-08-24 19:40:00+00:00,none,none,0.0
AWS-IND-TN-001,2026-08-24 19:45:00+00:00,none,none,0.0
AWS-IND-TN-001,2026-08-24 19:50:00+00:00,none,none,0.0
AWS-IND-TN-001,2026-08-24 19:55:00+00:00,none,none,0.0
AWS-IND-TN-001,2026-08-24 20:00:00+00:00,none,none,0.0
AWS-IND-TN-001,2026-08-24 20:05:00+00:00,none,none,0.0
AWS-IND-TN-001,2026-08-24 20:10:00+00:00,none,none,0.0
AWS-IND-TN-001,2026-08-24 20:15:00+00:00,none,none,0.0
AWS-IND-TN-001,2026-08-24 20:20:00+00:00,none,none,0.0
AWS-IND-TN-001,2026-08-24 20:25:00+00:00,none,none,0.0
AWS-IND-TN-001,2026-08-24 20:30:00+00:00,none,none,0.0
AWS-IND-TN-001,2026-08-24 20:35:00+00:00,none,none,0.0
AWS-IND-TN-001,2026-08-24 20:40:00+00:00,none,none,0.0
AWS-IND-TN-001,2026-08-24 20:45:00+00:00,none,none,0.0
AWS-IND-TN-001,2026-08-24 20:50:00+00:00,none,none,0.0
AWS-IND-TN-001,2026-08-24 20:55:00+00:00,none,none,0.0
AWS-IND-TN-001,2026-08-24 21:00:00+00:00,none,none,0.0
AWS-IND-TN-001,2026-08-24 21:05:00+00:00,none,none,0.0
AWS-IND-TN-001,2026-08-24 21:10:00+00:00,none,none,0.0
AWS-IND-TN-001,2026-08-24 21:15:00+00:00,none,none,0.0
AWS-IND-TN-001,2026-08-24 21:20:00+00:00,none,none,0.0
AWS-IND-TN-001,2026-08-24 21:25:00+00:00,none,none,0.0
AWS-IND-TN-001,2026-08-24 21:30:00+00:00,none,none,0.0
AWS-IND-TN-001,2026-08-24 21:35:00+00:00,none,none,0.0
AWS-IND-TN-001,2026-08-24 21:40:00+00:00,none,none,0.0
AWS-IND-TN-001,2026-08-24 21:45:00+00:00,none,none,0.0
AWS-IND-TN-001,2026-08-24 21:50:00+00:00,none,none,0.0
AWS-IND-TN-001,2026-08-24 21:55:00+00:00,none,none,0.0
AWS-IND-TN-001,2026-08-24 22:00:00+00:00,none,none,0.0
AWS-IND-TN-001,2026-08-24 22:05:00+00:00,none,none,0.0
AWS-IND-TN-001,2026-08-24 22:10:00+00:00,none,none,0.0
AWS-IND-TN-001,2026-08-24 22:15:00+00:00,none,none,0.0
AWS-IND-TN-001,2026-08-24 22:20:00+00:00,flatline,humidity_pct,79.31838859499493
AWS-IND-TN-001,2026-08-24 22:25:00+00:00,flatline,humidity_pct,79.31838859499493
AWS-IND-TN-001,2026-08-24 22:30:00+00:00,flatline,humidity_pct,79.31838859499493
AWS-IND-TN-001,2026-08-24 22:35:00+00:00,flatline,humidity_pct,79.31838859499493
AWS-IND-TN-001,2026-08-24 22:40:00+00:00,flatline,humidity_pct,79.31838859499493
AWS-IND-TN-001,2026-08-24 22:45:00+00:00,flatline,humidity_pct,79.31838859499493
AWS-IND-TN-001,2026-08-24 22:50:00+00:00,flatline,humidity_pct,79.31838859499493
AWS-IND-TN-001,2026-08-24 22:55:00+00:00,flatline,humidity_pct,79.31838859499493
AWS-IND-TN-001,2026-08-24 23:00:00+00:00,flatline,humidity_pct,79.31838859499493
AWS-IND-TN-001,2026-08-24 23:05:00+00:00,flatline,humidity_pct,79.31838859499493
AWS-IND-TN-001,2026-08-24 23:10:00+00:00,flatline,humidity_pct,79.31838859499493
AWS-IND-TN-001,2026-08-24 23:15:00+00:00,flatline,humidity_pct,79.31838859499493
AWS-IND-TN-001,2026-08-24 23:20:00+00:00,flatline,humidity_pct,79.31838859499493
AWS-IND-TN-001,2026-08-24 23:25:00+00:00,flatline,humidity_pct,79.31838859499493
AWS-IND-TN-001,2026-08-24 23:30:00+00:00,flatline,humidity_pct,79.31838859499493
AWS-IND-TN-001,2026-08-24 23:35:00+00:00,flatline,humidity_pct,79.31838859499493
AWS-IND-TN-001,2026-08-24 23:40:00+00:00,flatline,humidity_pct,79.31838859499493
AWS-IND-TN-001,2026-08-24 23:45:00+00:00,flatline,humidity_pct,79.31838859499493
AWS-IND-TN-001,2026-08-24 23:50:00+00:00,flatline,humidity_pct,79.31838859499493
AWS-IND-TN-001,2026-08-24 23:55:00+00:00,flatline,humidity_pct,79.31838859499493
AWS-IND-TN-001,2026-08-25 00:00:00+00:00,flatline,humidity_pct,79.31838859499493
AWS-IND-TN-001,2026-08-25 00:05:00+00:00,flatline,humidity_pct,79.31838859499493
AWS-IND-TN-001,2026-08-25 00:10:00+00:00,flatline,humidity_pct,79.31838859499493
AWS-IND-TN-001,2026-08-25 00:15:00+00:00,flatline,humidity_pct,79.31838859499493
AWS-IND-TN-001,2026-08-25 00:20:00+00:00,flatline,humidity_pct,79.31838859499493
AWS-IND-TN-001,2026-08-25 00:25:00+00:00,flatline,humidity_pct,79.31838859499493
AWS-IND-TN-001,2026-08-25 00:30:00+00:00,flatline,humidity_pct,79.31838859499493
AWS-IND-TN-001,2026-08-25 00:35:00+00:00,none,none,0.0
AWS-IND-TN-001,2026-08-25 00:40:00+00:00,none,none,0.0
AWS-IND-TN-001,2026-08-25 00:45:00+00:00,none,none,0.0
AWS-IND-TN-001,2026-08-25 00:50:00+00:00,none,none,0.0
AWS-IND-TN-001,2026-08-25 00:55:00+00:00,none,none,0.0
AWS-IND-TN-001,2026-08-25 01:00:00+00:00,none,none,0.0
AWS-IND-TN-001,2026-08-25 01:05:00+00:00,none,none,0.0
AWS-IND-TN-001,2026-08-25 01:10:00+00:00,none,none,0.0
AWS-IND-TN-001,2026-08-25 01:15:00+00:00,none,none,0.0
AWS-IND-TN-001,2026-08-25 01:20:00+00:00,none,none,0.0
AWS-IND-TN-001,2026-08-25 01:25:00+00:00,none,none,0.0
AWS-IND-TN-001,2026-08-25 01:30:00+00:00,none,none,0.0
AWS-IND-TN-001,2026-08-25 01:35:00+00:00,none,none,0.0
AWS-IND-TN-001,2026-08-25 01:40:00+00:00,none,none,0.0
AWS-IND-TN-001,2026-08-25 01:45:00+00:00,none,none,0.0
AWS-IND-TN-001,2026-08-25 01:50:00+00:00,none,none,0.0
AWS-IND-TN-001,2026-08-25 01:55:00+00:00,none,none,0.0
AWS-IND-TN-001,2026-08-25 02:00:00+00:00,none,none,0.0
AWS-IND-TN-001,2026-08-25 02:05:00+00:00,none,none,0.0
AWS-IND-TN-001,2026-08-25 02:10:00+00:00,none,none,0.0
AWS-IND-TN-001,2026-08-25 02:15:00+00:00,none,none,0.0
AWS-IND-TN-001,2026-08-25 02:20:00+00:00,none,none,0.0
AWS-IND-TN-001,2026-08-25 02:25:00+00:00,none,none,0.0
AWS-IND-TN-001,2026-08-25 02:30:00+00:00,none,none,0.0
AWS-IND-TN-001,2026-08-25 02:35:00+00:00,none,none,0.0
AWS-IND-TN-001,2026-08-25 02:40:00+00:00,none,none,0.0
AWS-IND-TN-001,2026-08-25 02:45:00+00:00,none,none,0.0
AWS-IND-TN-001,2026-08-25 02:50:00+00:00,none,none,0.0
AWS-IND-TN-001,2026-08-25 02:55:00+00:00,none,none,0.0
AWS-IND-TN-001,2026-08-25 03:00:00+00:00,none,none,0.0
AWS-IND-TN-001,2026-08-25 03:05:00+00:00,none,none,0.0
AWS-IND-TN-001,2026-08-25 03:10:00+00:00,none,none,0.0
AWS-IND-TN-001,2026-08-25 03:15:00+00:00,none,none,0.0
AWS-IND-TN-001,2026-08-25 03:20:00+00:00,none,none,0.0
AWS-IND-TN-001,2026-08-25 03:25:00+00:00,none,none,0.0
AWS-IND-TN-001,2026-08-25 03:30:00+00:00,none,none,0.0
AWS-IND-TN-001,2026-08-25 03:35:00+00:00,none,none,0.0
AWS-IND-TN-001,2026-08-25 03:40:00+00:00,none,none,0.0
AWS-IND-TN-001,2026-08-25 03:45:00+00:00,none,none,0.0
AWS-IND-TN-001,2026-08-25 03:50:00+00:00,none,none,0.0
AWS-IND-TN-001,2026-08-25 03:55:00+00:00,none,none,0.0
AWS-IND-TN-001,2026-08-25 04:00:00+00:00,none,none,0.0
AWS-IND-TN-001,2026-08-25 04:05:00+00:00,none,none,0.0
AWS-IND-TN-001,2026-08-25 04:10:00+00:00,none,none,0.0
AWS-IND-TN-001,2026-08-25 04:15:00+00:00,none,none,0.0
AWS-IND-TN-001,2026-08-25 04:20:00+00:00,none,none,0.0
AWS-IND-TN-001,2026-08-25 04:25:00+00:00,none,none,0.0
AWS-IND-TN-001,2026-08-25 04:30:00+00:00,none,none,0.0
AWS-IND-TN-001,2026-08-25 04:35:00+00:00,none,none,0.0
AWS-IND-TN-001,2026-08-25 04:40:00+00:00,none,none,0.0
AWS-IND-TN-001,2026-08-25 04:45:00+00:00,none,none,0.0
AWS-IND-TN-001,2026-08-25 04:50:00+00:00,none,none,0.0
AWS-IND-TN-001,2026-08-25 04:55:00+00:00,none,none,0.0
AWS-IND-TN-001,2026-08-25 05:00:00+00:00,none,none,0.0
AWS-IND-TN-001,2026-08-25 05:05:00+00:00,none,none,0.0
AWS-IND-TN-001,2026-08-25 05:10:00+00:00,none,none,0.0
AWS-IND-TN-001,2026-08-25 05:15:00+00:00,none,none,0.0
AWS-IND-TN-001,2026-08-25 05:20:00+00:00,none,none,0.0
AWS-IND-TN-001,2026-08-25 05:25:00+00:00,none,none,0.0
AWS-IND-TN-001,2026-08-25 05:30:00+00:00,none,none,0.0
AWS-IND-TN-001,2026-08-25 05:35:00+00:00,none,none,0.0
AWS-IND-TN-001,2026-08-25 05:40:00+00:00,none,none,0.0
AWS-IND-TN-001,2026-08-25 05:45:00+00:00,none,none,0.0
AWS-IND-TN-001,2026-08-25 05:50:00+00:00,none,none,0.0
AWS-IND-TN-001,2026-08-25 05:55:00+00:00,none,none,0.0
AWS-IND-TN-001,2026-08-25 06:00:00+00:00,none,none,0.0
AWS-IND-TN-001,2026-08-25 06:05:00+00:00,none,none,0.0
AWS-IND-TN-001,2026-08-25 06:10:00+00:00,none,none,0.0
AWS-IND-TN-001,2026-08-25 06:15:00+00:00,none,none,0.0
AWS-IND-TN-001,2026-08-25 06:20:00+00:00,none,none,0.0
AWS-IND-TN-001,2026-08-25 06:25:00+00:00,none,none,0.0
AWS-IND-TN-001,2026-08-25 06:30:00+00:00,none,none,0.0
AWS-IND-TN-001,2026-08-25 06:35:00+00:00,none,none,0.0
AWS-IND-TN-001,2026-08-25 06:40:00+00:00,none,none,0.0
AWS-IND-TN-001,2026-08-25 06:45:00+00:00,none,none,0.0
AWS-IND-TN-001,2026-08-25 06:50:00+00:00,none,none,0.0
AWS-IND-TN-001,2026-08-25 06:55:00+00:00,none,none,0.0
AWS-IND-TN-001,2026-08-25 07:00:00+00:00,none,none,0.0
AWS-IND-TN-001,2026-08-25 07:05:00+00:00,none,none,0.0
AWS-IND-TN-001,2026-08-25 07:10:00+00:00,none,none,0.0
AWS-IND-TN-001,2026-08-25 07:15:00+00:00,none,none,0.0
AWS-IND-TN-001,2026-08-25 07:20:00+00:00,none,none,0.0
AWS-IND-TN-001,2026-08-25 07:25:00+00:00,none,none,0.0
AWS-IND-TN-001,2026-08-25 07:30:00+00:00,none,none,0.0
AWS-IND-TN-001,2026-08-25 07:35:00+00:00,none,none,0.0
AWS-IND-TN-001,2026-08-25 07:40:00+00:00,none,none,0.0
AWS-IND-TN-001,2026-08-25 07:45:00+00:00,none,none,0.0
AWS-IND-TN-001,2026-08-25 07:50:00+00:00,none,none,0.0
AWS-IND-TN-001,2026-08-25 07:55:00+00:00,none,none,0.0
AWS-IND-TN-001,2026-08-25 08:00:00+00:00,none,none,0.0
AWS-IND-TN-001,2026-08-25 08:05:00+00:00,none,none,0.0
AWS-IND-TN-001,2026-08-25 08:10:00+00:00,none,none,0.0
AWS-IND-TN-001,2026-08-25 08:15:00+00:00,none,none,0.0
AWS-IND-TN-001,2026-08-25 08:20:00+00:00,none,none,0.0
AWS-IND-TN-001,2026-08-25 08:25:00+00:00,none,none,0.0
AWS-IND-TN-001,2026-08-25 08:30:00+00:00,none,none,0.0
AWS-IND-TN-001,2026-08-25 08:35:00+00:00,none,none,0.0
AWS-IND-TN-001,2026-08-25 08:40:00+00:00,none,none,0.0
AWS-IND-TN-001,2026-08-25 08:45:00+00:00,none,none,0.0
AWS-IND-TN-001,2026-08-25 08:50:00+00:00,none,none,0.0
AWS-IND-TN-001,2026-08-25 08:55:00+00:00,none,none,0.0
AWS-IND-TN-001,2026-08-25 09:00:00+00:00,none,none,0.0
AWS-IND-TN-001,2026-08-25 09:05:00+00:00,none,none,0.0
AWS-IND-TN-001,2026-08-25 09:10:00+00:00,none,none,0.0
AWS-IND-TN-001,2026-08-25 09:15:00+00:00,none,none,0.0
AWS-IND-TN-001,2026-08-25 09:20:00+00:00,none,none,0.0
AWS-IND-TN-001,2026-08-25 09:25:00+00:00,none,none,0.0
AWS-IND-TN-001,2026-08-25 09:30:00+00:00,none,none,0.0
AWS-IND-TN-001,2026-08-25 09:35:00+00:00,none,none,0.0
AWS-IND-TN-001,2026-08-25 09:40:00+00:00,none,none,0.0
AWS-IND-TN-001,2026-08-25 09:45:00+00:00,spike,temperature_c,-11.459793641109657
AWS-IND-TN-001,2026-08-25 09:50:00+00:00,none,none,0.0
AWS-IND-TN-001,2026-08-25 09:55:00+00:00,none,none,0.0
AWS-IND-TN-001,2026-08-25 10:00:00+00:00,none,none,0.0
AWS-IND-TN-001,2026-08-25 10:05:00+00:00,none,none,0.0
AWS-IND-TN-001,2026-08-25 10:10:00+00:00,none,none,0.0
AWS-IND-TN-001,2026-08-25 10:15:00+00:00,none,none,0.0
AWS-IND-TN-001,2026-08-25 10:20:00+00:00,none,none,0.0
AWS-IND-TN-001,2026-08-25 10:25:00+00:00,none,none,0.0
AWS-IND-TN-001,2026-08-25 10:30:00+00:00,none,none,0.0
AWS-IND-TN-001,2026-08-25 10:35:00+00:00,none,none,0.0
AWS-IND-TN-001,2026-08-25 10:40:00+00:00,none,none,0.0
AWS-IND-TN-001,2026-08-25 10:45:00+00:00,none,none,0.0
AWS-IND-TN-001,2026-08-25 10:50:00+00:00,none,none,0.0
AWS-IND-TN-001,2026-08-25 10:55:00+00:00,none,none,0.0
AWS-IND-TN-001,2026-08-25 11:00:00+00:00,none,none,0.0
AWS-IND-TN-001,2026-08-25 11:05:00+00:00,none,none,0.0
AWS-IND-TN-001,2026-08-25 11:10:00+00:00,none,none,0.0
AWS-IND-TN-001,2026-08-25 11:15:00+00:00,none,none,0.0
AWS-IND-TN-001,2026-08-25 11:20:00+00:00,none,none,0.0
AWS-IND-TN-001,2026-08-25 11:25:00+00:00,none,none,0.0
AWS-IND-TN-001,2026-08-25 11:30:00+00:00,none,none,0.0
AWS-IND-TN-001,2026-08-25 11:35:00+00:00,none,none,0.0
AWS-IND-TN-001,2026-08-25 11:40:00+00:00,none,none,0.0
AWS-IND-TN-001,2026-08-25 11:45:00+00:00,none,none,0.0
AWS-IND-TN-001,2026-08-25 11:50:00+00:00,none,none,0.0
AWS-IND-TN-001,2026-08-25 11:55:00+00:00,none,none,0.0
AWS-IND-TN-001,2026-08-25 12:00:00+00:00,none,none,0.0
AWS-IND-TN-001,2026-08-25 12:05:00+00:00,none,none,0.0
AWS-IND-TN-001,2026-08-25 12:10:00+00:00,none,none,0.0
AWS-IND-TN-001,2026-08-25 12:15:00+00:00,none,none,0.0
AWS-IND-TN-001,2026-08-25 12:20:00+00:00,none,none,0.0
AWS-IND-TN-001,2026-08-25 12:25:00+00:00,none,none,0.0
AWS-IND-TN-001,2026-08-25 12:30:00+00:00,none,none,0.0
AWS-IND-TN-001,2026-08-25 12:35:00+00:00,none,none,0.0
AWS-IND-TN-001,2026-08-25 12:40:00+00:00,none,none,0.0
AWS-IND-TN-001,2026-08-25 12:45:00+00:00,none,none,0.0
AWS-IND-TN-001,2026-08-25 12:50:00+00:00,none,none,0.0
AWS-IND-TN-001,2026-08-25 12:55:00+00:00,none,none,0.0
AWS-IND-TN-001,2026-08-25 13:00:00+00:00,none,none,0.0
AWS-IND-TN-001,2026-08-25 13:05:00+00:00,none,none,0.0
AWS-IND-TN-001,2026-08-25 13:10:00+00:00,none,none,0.0
AWS-IND-TN-001,2026-08-25 13:15:00+00:00,none,none,0.0
AWS-IND-TN-001,2026-08-25 13:20:00+00:00,none,none,0.0
AWS-IND-TN-001,2026-08-25 13:25:00+00:00,none,none,0.0
AWS-IND-TN-001,2026-08-25 13:30:00+00:00,none,none,0.0
AWS-IND-TN-001,2026-08-25 13:35:00+00:00,none,none,0.0
AWS-IND-TN-001,2026-08-25 13:40:00+00:00,none,none,0.0
AWS-IND-TN-001,2026-08-25 13:45:00+00:00,none,none,0.0
AWS-IND-TN-001,2026-08-25 13:50:00+00:00,none,none,0.0
AWS-IND-TN-001,2026-08-25 13:55:00+00:00,none,none,0.0
AWS-IND-TN-001,2026-08-25 14:00:00+00:00,none,none,0.0
AWS-IND-TN-001,2026-08-25 14:05:00+00:00,none,none,0.0
AWS-IND-TN-001,2026-08-25 14:10:00+00:00,none,none,0.0
AWS-IND-TN-001,2026-08-25 14:15:00+00:00,none,none,0.0
AWS-IND-TN-001,2026-08-25 14:20:00+00:00,none,none,0.0
AWS-IND-TN-001,2026-08-25 14:25:00+00:00,none,none,0.0
AWS-IND-TN-001,2026-08-25 14:30:00+00:00,none,none,0.0
AWS-IND-TN-001,2026-08-25 14:35:00+00:00,none,none,0.0
AWS-IND-TN-001,2026-08-25 14:40:00+00:00,none,none,0.0
AWS-IND-TN-001,2026-08-25 14:45:00+00:00,none,none,0.0
AWS-IND-TN-001,2026-08-25 14:50:00+00:00,none,none,0.0
AWS-IND-TN-001,2026-08-25 14:55:00+00:00,none,none,0.0
AWS-IND-TN-001,2026-08-25 15:00:00+00:00,none,none,0.0
AWS-IND-TN-001,2026-08-25 15:05:00+00:00,none,none,0.0
AWS-IND-TN-001,2026-08-25 15:10:00+00:00,none,none,0.0
AWS-IND-TN-001,2026-08-25 15:15:00+00:00,none,none,0.0
AWS-IND-TN-001,2026-08-25 15:20:00+00:00,none,none,0.0
AWS-IND-TN-001,2026-08-25 15:25:00+00:00,none,none,0.0
AWS-IND-TN-001,2026-08-25 15:30:00+00:00,none,none,0.0
AWS-IND-TN-001,2026-08-25 15:35:00+00:00,none,none,0.0
AWS-IND-TN-001,2026-08-25 15:40:00+00:00,none,none,0.0
AWS-IND-TN-001,2026-08-25 15:45:00+00:00,none,none,0.0
AWS-IND-TN-001,2026-08-25 15:50:00+00:00,none,none,0.0
AWS-IND-TN-001,2026-08-25 15:55:00+00:00,none,none,0.0
AWS-IND-TN-001,2026-08-25 16:00:00+00:00,none,none,0.0
AWS-IND-TN-001,2026-08-25 16:05:00+00:00,none,none,0.0
AWS-IND-TN-001,2026-08-25 16:10:00+00:00,none,none,0.0
AWS-IND-TN-001,2026-08-25 16:15:00+00:00,none,none,0.0
AWS-IND-TN-001,2026-08-25 16:20:00+00:00,none,none,0.0
AWS-IND-TN-001,2026-08-25 16:25:00+00:00,none,none,0.0
AWS-IND-TN-001,2026-08-25 16:30:00+00:00,none,none,0.0
AWS-IND-TN-001,2026-08-25 16:35:00+00:00,none,none,0.0
AWS-IND-TN-001,2026-08-25 16:40:00+00:00,none,none,0.0
AWS-IND-TN-001,2026-08-25 16:45:00+00:00,none,none,0.0
AWS-IND-TN-001,2026-08-25 16:50:00+00:00,none,none,0.0
AWS-IND-TN-001,2026-08-25 16:55:00+00:00,none,none,0.0
AWS-IND-TN-001,2026-08-25 17:00:00+00:00,none,none,0.0
AWS-IND-TN-001,2026-08-25 17:05:00+00:00,none,none,0.0
AWS-IND-TN-001,2026-08-25 17:10:00+00:00,none,none,0.0
AWS-IND-TN-001,2026-08-25 17:15:00+00:00,none,none,0.0
AWS-IND-TN-001,2026-08-25 17:20:00+00:00,none,none,0.0
AWS-IND-TN-001,2026-08-25 17:25:00+00:00,none,none,0.0
AWS-IND-TN-001,2026-08-25 17:30:00+00:00,none,none,0.0
AWS-IND-TN-001,2026-08-25 17:35:00+00:00,none,none,0.0
AWS-IND-TN-001,2026-08-25 17:40:00+00:00,none,none,0.0
AWS-IND-TN-001,2026-08-25 17:45:00+00:00,none,none,0.0
AWS-IND-TN-001,2026-08-25 17:50:00+00:00,none,none,0.0
AWS-IND-TN-001,2026-08-25 17:55:00+00:00,none,none,0.0
AWS-IND-TN-001,2026-08-25 18:00:00+00:00,none,none,0.0
AWS-IND-TN-001,2026-08-25 18:05:00+00:00,none,none,0.0
AWS-IND-TN-001,2026-08-25 18:10:00+00:00,none,none,0.0
AWS-IND-TN-001,2026-08-25 18:15:00+00:00,none,none,0.0
AWS-IND-TN-001,2026-08-25 18:20:00+00:00,none,none,0.0
AWS-IND-TN-001,2026-08-25 18:25:00+00:00,none,none,0.0
AWS-IND-TN-001,2026-08-25 18:30:00+00:00,none,none,0.0
AWS-IND-TN-001,2026-08-25 18:35:00+00:00,none,none,0.0
AWS-IND-TN-001,2026-08-25 18:40:00+00:00,none,none,0.0
AWS-IND-TN-001,2026-08-25 18:45:00+00:00,none,none,0.0
AWS-IND-TN-001,2026-08-25 18:50:00+00:00,none,none,0.0
AWS-IND-TN-001,2026-08-25 18:55:00+00:00,none,none,0.0
AWS-IND-TN-001,2026-08-25 19:00:00+00:00,none,none,0.0
AWS-IND-TN-001,2026-08-25 19:05:00+00:00,none,none,0.0
AWS-IND-TN-001,2026-08-25 19:10:00+00:00,none,none,0.0
AWS-IND-TN-001,2026-08-25 19:15:00+00:00,none,none,0.0
AWS-IND-TN-001,2026-08-25 19:20:00+00:00,none,none,0.0
AWS-IND-TN-001,2026-08-25 19:25:00+00:00,none,none,0.0
AWS-IND-TN-001,2026-08-25 19:30:00+00:00,none,none,0.0
AWS-IND-TN-001,2026-08-25 19:35:00+00:00,none,none,0.0
AWS-IND-TN-001,2026-08-25 19:40:00+00:00,none,none,0.0
AWS-IND-TN-001,2026-08-25 19:45:00+00:00,none,none,0.0
AWS-IND-TN-001,2026-08-25 19:50:00+00:00,none,none,0.0
AWS-IND-TN-001,2026-08-25 19:55:00+00:00,none,none,0.0
AWS-IND-TN-001,2026-08-25 20:00:00+00:00,none,none,0.0
AWS-IND-TN-001,2026-08-25 20:05:00+00:00,none,none,0.0
AWS-IND-TN-001,2026-08-25 20:10:00+00:00,none,none,0.0
AWS-IND-TN-001,2026-08-25 20:15:00+00:00,none,none,0.0
AWS-IND-TN-001,2026-08-25 20:20:00+00:00,none,none,0.0
AWS-IND-TN-001,2026-08-25 20:25:00+00:00,none,none,0.0
AWS-IND-TN-001,2026-08-25 20:30:00+00:00,none,none,0.0
AWS-IND-TN-001,2026-08-25 20:35:00+00:00,none,none,0.0
AWS-IND-TN-001,2026-08-25 20:40:00+00:00,none,none,0.0
AWS-IND-TN-001,2026-08-25 20:45:00+00:00,none,none,0.0
AWS-IND-TN-001,2026-08-25 20:50:00+00:00,none,none,0.0
AWS-IND-TN-001,2026-08-25 20:55:00+00:00,none,none,0.0
AWS-IND-TN-001,2026-08-25 21:00:00+00:00,none,none,0.0
AWS-IND-TN-001,2026-08-25 21:05:00+00:00,none,none,0.0
AWS-IND-TN-001,2026-08-25 21:10:00+00:00,none,none,0.0
AWS-IND-TN-001,2026-08-25 21:15:00+00:00,none,none,0.0
AWS-IND-TN-001,2026-08-25 21:20:00+00:00,none,none,0.0
AWS-IND-TN-001,2026-08-25 21:25:00+00:00,none,none,0.0
AWS-IND-TN-001,2026-08-25 21:30:00+00:00,none,none,0.0
AWS-IND-TN-001,2026-08-25 21:35:00+00:00,none,none,0.0
AWS-IND-TN-001,2026-08-25 21:40:00+00:00,none,none,0.0
AWS-IND-TN-001,2026-08-25 21:45:00+00:00,none,none,0.0
AWS-IND-TN-001,2026-08-25 21:50:00+00:00,none,none,0.0
AWS-IND-TN-001,2026-08-25 21:55:00+00:00,none,none,0.0
AWS-IND-TN-001,2026-08-25 22:00:00+00:00,none,none,0.0
AWS-IND-TN-001,2026-08-25 22:05:00+00:00,none,none,0.0
AWS-IND-TN-001,2026-08-25 22:10:00+00:00,none,none,0.0
AWS-IND-TN-001,2026-08-25 22:15:00+00:00,none,none,0.0
AWS-IND-TN-001,2026-08-25 22:20:00+00:00,none,none,0.0
AWS-IND-TN-001,2026-08-25 22:25:00+00:00,none,none,0.0
AWS-IND-TN-001,2026-08-25 22:30:00+00:00,none,none,0.0
AWS-IND-TN-001,2026-08-25 22:35:00+00:00,none,none,0.0
AWS-IND-TN-001,2026-08-25 22:40:00+00:00,none,none,0.0
AWS-IND-TN-001,2026-08-25 22:45:00+00:00,none,none,0.0
AWS-IND-TN-001,2026-08-25 22:50:00+00:00,none,none,0.0
AWS-IND-TN-001,2026-08-25 22:55:00+00:00,none,none,0.0
AWS-IND-TN-001,2026-08-25 23:00:00+00:00,none,none,0.0
AWS-IND-TN-001,2026-08-25 23:05:00+00:00,none,none,0.0
AWS-IND-TN-001,2026-08-25 23:10:00+00:00,none,none,0.0
AWS-IND-TN-001,2026-08-25 23:15:00+00:00,none,none,0.0
AWS-IND-TN-001,2026-08-25 23:20:00+00:00,none,none,0.0
AWS-IND-TN-001,2026-08-25 23:25:00+00:00,none,none,0.0
AWS-IND-TN-001,2026-08-25 23:30:00+00:00,none,none,0.0
AWS-IND-TN-001,2026-08-25 23:35:00+00:00,none,none,0.0
AWS-IND-TN-001,2026-08-25 23:40:00+00:00,none,none,0.0
AWS-IND-TN-001,2026-08-25 23:45:00+00:00,none,none,0.0
AWS-IND-TN-001,2026-08-25 23:50:00+00:00,none,none,0.0
AWS-IND-TN-001,2026-08-25 23:55:00+00:00,none,none,0.0
AWS-IND-TN-001,2026-08-26 00:00:00+00:00,none,none,0.0
AWS-IND-TN-001,2026-08-26 00:05:00+00:00,none,none,0.0
AWS-IND-TN-001,2026-08-26 00:10:00+00:00,none,none,0.0
AWS-IND-TN-001,2026-08-26 00:15:00+00:00,none,none,0.0
AWS-IND-TN-001,2026-08-26 00:20:00+00:00,none,none,0.0
AWS-IND-TN-001,2026-08-26 00:25:00+00:00,none,none,0.0
AWS-IND-TN-001,2026-08-26 00:30:00+00:00,none,none,0.0
AWS-IND-TN-001,2026-08-26 00:35:00+00:00,none,none,0.0
AWS-IND-TN-001,2026-08-26 00:40:00+00:00,none,none,0.0
AWS-IND-TN-001,2026-08-26 00:45:00+00:00,none,none,0.0
AWS-IND-TN-001,2026-08-26 00:50:00+00:00,none,none,0.0
AWS-IND-TN-001,2026-08-26 00:55:00+00:00,none,none,0.0
AWS-IND-TN-001,2026-08-26 01:00:00+00:00,none,none,0.0
AWS-IND-TN-001,2026-08-26 01:05:00+00:00,none,none,0.0
AWS-IND-TN-001,2026-08-26 01:10:00+00:00,none,none,0.0
AWS-IND-TN-001,2026-08-26 01:15:00+00:00,none,none,0.0
AWS-IND-TN-001,2026-08-26 01:20:00+00:00,none,none,0.0
AWS-IND-TN-001,2026-08-26 01:25:00+00:00,none,none,0.0
AWS-IND-TN-001,2026-08-26 01:30:00+00:00,none,none,0.0
AWS-IND-TN-001,2026-08-26 01:35:00+00:00,none,none,0.0
AWS-IND-TN-001,2026-08-26 01:40:00+00:00,none,none,0.0
AWS-IND-TN-001,2026-08-26 01:45:00+00:00,none,none,0.0
AWS-IND-TN-001,2026-08-26 01:50:00+00:00,none,none,0.0
AWS-IND-TN-001,2026-08-26 01:55:00+00:00,none,none,0.0
AWS-IND-TN-001,2026-08-26 02:00:00+00:00,none,none,0.0
AWS-IND-TN-001,2026-08-26 02:05:00+00:00,none,none,0.0
AWS-IND-TN-001,2026-08-26 02:10:00+00:00,none,none,0.0
AWS-IND-TN-001,2026-08-26 02:15:00+00:00,none,none,0.0
AWS-IND-TN-001,2026-08-26 02:20:00+00:00,none,none,0.0
AWS-IND-TN-001,2026-08-26 02:25:00+00:00,none,none,0.0
AWS-IND-TN-001,2026-08-26 02:30:00+00:00,none,none,0.0
AWS-IND-TN-001,2026-08-26 02:35:00+00:00,none,none,0.0
AWS-IND-TN-001,2026-08-26 02:40:00+00:00,none,none,0.0
AWS-IND-TN-001,2026-08-26 02:45:00+00:00,none,none,0.0
AWS-IND-TN-001,2026-08-26 02:50:00+00:00,none,none,0.0
AWS-IND-TN-001,2026-08-26 02:55:00+00:00,none,none,0.0
AWS-IND-TN-001,2026-08-26 03:00:00+00:00,none,none,0.0
AWS-IND-TN-001,2026-08-26 03:05:00+00:00,none,none,0.0
AWS-IND-TN-001,2026-08-26 03:10:00+00:00,none,none,0.0
AWS-IND-TN-001,2026-08-26 03:15:00+00:00,none,none,0.0
AWS-IND-TN-001,2026-08-26 03:20:00+00:00,none,none,0.0
AWS-IND-TN-001,2026-08-26 03:25:00+00:00,none,none,0.0
AWS-IND-TN-001,2026-08-26 03:30:00+00:00,none,none,0.0
AWS-IND-TN-001,2026-08-26 03:35:00+00:00,none,none,0.0
AWS-IND-TN-001,2026-08-26 03:40:00+00:00,none,none,0.0
AWS-IND-TN-001,2026-08-26 03:45:00+00:00,none,none,0.0
AWS-IND-TN-001,2026-08-26 03:50:00+00:00,none,none,0.0
AWS-IND-TN-001,2026-08-26 03:55:00+00:00,none,none,0.0
AWS-IND-TN-001,2026-08-26 04:00:00+00:00,none,none,0.0
AWS-IND-TN-001,2026-08-26 04:05:00+00:00,none,none,0.0
AWS-IND-TN-001,2026-08-26 04:10:00+00:00,none,none,0.0
AWS-IND-TN-001,2026-08-26 04:15:00+00:00,none,none,0.0
AWS-IND-TN-001,2026-08-26 04:20:00+00:00,none,none,0.0
AWS-IND-TN-001,2026-08-26 04:25:00+00:00,none,none,0.0
AWS-IND-TN-001,2026-08-26 04:30:00+00:00,none,none,0.0
AWS-IND-TN-001,2026-08-26 04:35:00+00:00,none,none,0.0
AWS-IND-TN-001,2026-08-26 04:40:00+00:00,none,none,0.0
AWS-IND-TN-001,2026-08-26 04:45:00+00:00,none,none,0.0
AWS-IND-TN-001,2026-08-26 04:50:00+00:00,none,none,0.0
AWS-IND-TN-001,2026-08-26 04:55:00+00:00,none,none,0.0
AWS-IND-TN-001,2026-08-26 05:00:00+00:00,none,none,0.0
AWS-IND-TN-001,2026-08-26 05:05:00+00:00,none,none,0.0
AWS-IND-TN-001,2026-08-26 05:10:00+00:00,none,none,0.0
AWS-IND-TN-001,2026-08-26 05:15:00+00:00,none,none,0.0
AWS-IND-TN-001,2026-08-26 05:20:00+00:00,none,none,0.0
AWS-IND-TN-001,2026-08-26 05:25:00+00:00,none,none,0.0
AWS-IND-TN-001,2026-08-26 05:30:00+00:00,none,none,0.0
AWS-IND-TN-001,2026-08-26 05:35:00+00:00,none,none,0.0
AWS-IND-TN-001,2026-08-26 05:40:00+00:00,none,none,0.0
AWS-IND-TN-001,2026-08-26 05:45:00+00:00,none,none,0.0
AWS-IND-TN-001,2026-08-26 05:50:00+00:00,none,none,0.0
AWS-IND-TN-001,2026-08-26 05:55:00+00:00,none,none,0.0
AWS-IND-TN-001,2026-08-26 06:00:00+00:00,none,none,0.0
AWS-IND-TN-001,2026-08-26 06:05:00+00:00,none,none,0.0
AWS-IND-TN-001,2026-08-26 06:10:00+00:00,none,none,0.0
AWS-IND-TN-001,2026-08-26 06:15:00+00:00,none,none,0.0
AWS-IND-TN-001,2026-08-26 06:20:00+00:00,none,none,0.0
AWS-IND-TN-001,2026-08-26 06:25:00+00:00,none,none,0.0
AWS-IND-TN-001,2026-08-26 06:30:00+00:00,none,none,0.0
AWS-IND-TN-001,2026-08-26 06:35:00+00:00,none,none,0.0
AWS-IND-TN-001,2026-08-26 06:40:00+00:00,none,none,0.0
AWS-IND-TN-001,2026-08-26 06:45:00+00:00,none,none,0.0
AWS-IND-TN-001,2026-08-26 06:50:00+00:00,none,none,0.0
AWS-IND-TN-001,2026-08-26 06:55:00+00:00,none,none,0.0
AWS-IND-TN-001,2026-08-26 07:00:00+00:00,none,none,0.0
AWS-IND-TN-001,2026-08-26 07:05:00+00:00,none,none,0.0
AWS-IND-TN-001,2026-08-26 07:10:00+00:00,none,none,0.0
AWS-IND-TN-001,2026-08-26 07:15:00+00:00,none,none,0.0
AWS-IND-TN-001,2026-08-26 07:20:00+00:00,none,none,0.0
AWS-IND-TN-001,2026-08-26 07:25:00+00:00,none,none,0.0
AWS-IND-TN-001,2026-08-26 07:30:00+00:00,none,none,0.0
AWS-IND-TN-001,2026-08-26 07:35:00+00:00,none,none,0.0
AWS-IND-TN-001,2026-08-26 07:40:00+00:00,none,none,0.0
AWS-IND-TN-001,2026-08-26 07:45:00+00:00,none,none,0.0
AWS-IND-TN-001,2026-08-26 07:50:00+00:00,none,none,0.0
AWS-IND-TN-001,2026-08-26 07:55:00+00:00,none,none,0.0
AWS-IND-TN-001,2026-08-26 08:00:00+00:00,none,none,0.0
AWS-IND-TN-001,2026-08-26 08:05:00+00:00,none,none,0.0
AWS-IND-TN-001,2026-08-26 08:10:00+00:00,none,none,0.0
AWS-IND-TN-001,2026-08-26 08:15:00+00:00,none,none,0.0
AWS-IND-TN-001,2026-08-26 08:20:00+00:00,none,none,0.0
AWS-IND-TN-001,2026-08-26 08:25:00+00:00,none,none,0.0
AWS-IND-TN-001,2026-08-26 08:30:00+00:00,none,none,0.0
AWS-IND-TN-001,2026-08-26 08:35:00+00:00,none,none,0.0
AWS-IND-TN-001,2026-08-26 08:40:00+00:00,none,none,0.0
AWS-IND-TN-001,2026-08-26 08:45:00+00:00,none,none,0.0
AWS-IND-TN-001,2026-08-26 08:50:00+00:00,none,none,0.0
AWS-IND-TN-001,2026-08-26 08:55:00+00:00,none,none,0.0
AWS-IND-TN-001,2026-08-26 09:00:00+00:00,none,none,0.0
AWS-IND-TN-001,2026-08-26 09:05:00+00:00,none,none,0.0
AWS-IND-TN-001,2026-08-26 09:10:00+00:00,none,none,0.0
AWS-IND-TN-001,2026-08-26 09:15:00+00:00,none,none,0.0
AWS-IND-TN-001,2026-08-26 09:20:00+00:00,none,none,0.0
AWS-IND-TN-001,2026-08-26 09:25:00+00:00,none,none,0.0
AWS-IND-TN-001,2026-08-26 09:30:00+00:00,none,none,0.0
AWS-IND-TN-001,2026-08-26 09:35:00+00:00,none,none,0.0
AWS-IND-TN-001,2026-08-26 09:40:00+00:00,none,none,0.0
AWS-IND-TN-001,2026-08-26 09:45:00+00:00,none,none,0.0
AWS-IND-TN-001,2026-08-26 09:50:00+00:00,none,none,0.0
AWS-IND-TN-001,2026-08-26 09:55:00+00:00,none,none,0.0
AWS-IND-TN-001,2026-08-26 10:00:00+00:00,none,none,0.0
AWS-IND-TN-001,2026-08-26 10:05:00+00:00,none,none,0.0
AWS-IND-TN-001,2026-08-26 10:10:00+00:00,none,none,0.0
AWS-IND-TN-001,2026-08-26 10:15:00+00:00,none,none,0.0
AWS-IND-TN-001,2026-08-26 10:20:00+00:00,none,none,0.0
AWS-IND-TN-001,2026-08-26 10:25:00+00:00,none,none,0.0
AWS-IND-TN-001,2026-08-26 10:30:00+00:00,none,none,0.0
AWS-IND-TN-001,2026-08-26 10:35:00+00:00,none,none,0.0
AWS-IND-TN-001,2026-08-26 10:40:00+00:00,none,none,0.0
AWS-IND-TN-001,2026-08-26 10:45:00+00:00,none,none,0.0
AWS-IND-TN-001,2026-08-26 10:50:00+00:00,none,none,0.0
AWS-IND-TN-001,2026-08-26 10:55:00+00:00,none,none,0.0
AWS-IND-TN-001,2026-08-26 11:00:00+00:00,none,none,0.0
AWS-IND-TN-001,2026-08-26 11:05:00+00:00,none,none,0.0
AWS-IND-TN-001,2026-08-26 11:10:00+00:00,none,none,0.0
AWS-IND-TN-001,2026-08-26 11:15:00+00:00,none,none,0.0
AWS-IND-TN-001,2026-08-26 11:20:00+00:00,none,none,0.0
AWS-IND-TN-001,2026-08-26 11:25:00+00:00,none,none,0.0
AWS-IND-TN-001,2026-08-26 11:30:00+00:00,none,none,0.0
AWS-IND-TN-001,2026-08-26 11:35:00+00:00,none,none,0.0
AWS-IND-TN-001,2026-08-26 11:40:00+00:00,none,none,0.0
AWS-IND-TN-001,2026-08-26 11:45:00+00:00,none,none,0.0
AWS-IND-TN-001,2026-08-26 11:50:00+00:00,none,none,0.0
AWS-IND-TN-001,2026-08-26 11:55:00+00:00,none,none,0.0
AWS-IND-TN-001,2026-08-26 12:00:00+00:00,none,none,0.0
AWS-IND-TN-001,2026-08-26 12:05:00+00:00,none,none,0.0
AWS-IND-TN-001,2026-08-26 12:10:00+00:00,none,none,0.0
AWS-IND-TN-001,2026-08-26 12:15:00+00:00,none,none,0.0
AWS-IND-TN-001,2026-08-26 12:20:00+00:00,none,none,0.0
AWS-IND-TN-001,2026-08-26 12:25:00+00:00,none,none,0.0
AWS-IND-TN-001,2026-08-26 12:30:00+00:00,none,none,0.0
AWS-IND-TN-001,2026-08-26 12:35:00+00:00,none,none,0.0
AWS-IND-TN-001,2026-08-26 12:40:00+00:00,none,none,0.0
AWS-IND-TN-001,2026-08-26 12:45:00+00:00,none,none,0.0
AWS-IND-TN-001,2026-08-26 12:50:00+00:00,none,none,0.0
AWS-IND-TN-001,2026-08-26 12:55:00+00:00,none,none,0.0
AWS-IND-TN-001,2026-08-26 13:00:00+00:00,none,none,0.0
AWS-IND-TN-001,2026-08-26 13:05:00+00:00,none,none,0.0
AWS-IND-TN-001,2026-08-26 13:10:00+00:00,none,none,0.0
AWS-IND-TN-001,2026-08-26 13:15:00+00:00,none,none,0.0
AWS-IND-TN-001,2026-08-26 13:20:00+00:00,none,none,0.0
AWS-IND-TN-001,2026-08-26 13:25:00+00:00,none,none,0.0
AWS-IND-TN-001,2026-08-26 13:30:00+00:00,none,none,0.0
AWS-IND-TN-001,2026-08-26 13:35:00+00:00,none,none,0.0
AWS-IND-TN-001,2026-08-26 13:40:00+00:00,none,none,0.0
AWS-IND-TN-001,2026-08-26 13:45:00+00:00,none,none,0.0
AWS-IND-TN-001,2026-08-26 13:50:00+00:00,none,none,0.0
AWS-IND-TN-001,2026-08-26 13:55:00+00:00,none,none,0.0
AWS-IND-TN-001,2026-08-26 14:00:00+00:00,none,none,0.0
AWS-IND-TN-001,2026-08-26 14:05:00+00:00,none,none,0.0
AWS-IND-TN-001,2026-08-26 14:10:00+00:00,none,none,0.0
AWS-IND-TN-001,2026-08-26 14:15:00+00:00,none,none,0.0
AWS-IND-TN-001,2026-08-26 14:20:00+00:00,none,none,0.0
AWS-IND-TN-001,2026-08-26 14:25:00+00:00,none,none,0.0
AWS-IND-TN-001,2026-08-26 14:30:00+00:00,none,none,0.0
AWS-IND-TN-001,2026-08-26 14:35:00+00:00,none,none,0.0
AWS-IND-TN-001,2026-08-26 14:40:00+00:00,none,none,0.0
AWS-IND-TN-001,2026-08-26 14:45:00+00:00,none,none,0.0
AWS-IND-TN-001,2026-08-26 14:50:00+00:00,none,none,0.0
AWS-IND-TN-001,2026-08-26 14:55:00+00:00,none,none,0.0
AWS-IND-TN-001,2026-08-26 15:00:00+00:00,none,none,0.0
AWS-IND-TN-001,2026-08-26 15:05:00+00:00,spike,humidity_pct,30.02242504139788
AWS-IND-TN-001,2026-08-26 15:10:00+00:00,spike,humidity_pct,30.02242504139788
AWS-IND-TN-001,2026-08-26 15:15:00+00:00,none,none,0.0
AWS-IND-TN-001,2026-08-26 15:20:00+00:00,none,none,0.0
AWS-IND-TN-001,2026-08-26 15:25:00+00:00,none,none,0.0
AWS-IND-TN-001,2026-08-26 15:30:00+00:00,none,none,0.0
AWS-IND-TN-001,2026-08-26 15:35:00+00:00,none,none,0.0
AWS-IND-TN-001,2026-08-26 15:40:00+00:00,none,none,0.0
AWS-IND-TN-001,2026-08-26 15:45:00+00:00,none,none,0.0
AWS-IND-TN-001,2026-08-26 15:50:00+00:00,none,none,0.0
AWS-IND-TN-001,2026-08-26 15:55:00+00:00,none,none,0.0
AWS-IND-TN-001,2026-08-26 16:00:00+00:00,none,none,0.0
AWS-IND-TN-001,2026-08-26 16:05:00+00:00,none,none,0.0
AWS-IND-TN-001,2026-08-26 16:10:00+00:00,none,none,0.0
AWS-IND-TN-001,2026-08-26 16:15:00+00:00,none,none,0.0
AWS-IND-TN-001,2026-08-26 16:20:00+00:00,none,none,0.0
AWS-IND-TN-001,2026-08-26 16:25:00+00:00,none,none,0.0
AWS-IND-TN-001,2026-08-26 16:30:00+00:00,none,none,0.0
AWS-IND-TN-001,2026-08-26 16:35:00+00:00,none,none,0.0
AWS-IND-TN-001,2026-08-26 16:40:00+00:00,none,none,0.0
AWS-IND-TN-001,2026-08-26 16:45:00+00:00,none,none,0.0
AWS-IND-TN-001,2026-08-26 16:50:00+00:00,none,none,0.0
AWS-IND-TN-001,2026-08-26 16:55:00+00:00,none,none,0.0
AWS-IND-TN-001,2026-08-26 17:00:00+00:00,none,none,0.0
AWS-IND-TN-001,2026-08-26 17:05:00+00:00,none,none,0.0
AWS-IND-TN-001,2026-08-26 17:10:00+00:00,none,none,0.0
AWS-IND-TN-001,2026-08-26 17:15:00+00:00,none,none,0.0
AWS-IND-TN-001,2026-08-26 17:20:00+00:00,none,none,0.0
AWS-IND-TN-001,2026-08-26 17:25:00+00:00,none,none,0.0
AWS-IND-TN-001,2026-08-26 17:30:00+00:00,none,none,0.0
AWS-IND-TN-001,2026-08-26 17:35:00+00:00,none,none,0.0
AWS-IND-TN-001,2026-08-26 17:40:00+00:00,none,none,0.0
AWS-IND-TN-001,2026-08-26 17:45:00+00:00,none,none,0.0
AWS-IND-TN-001,2026-08-26 17:50:00+00:00,none,none,0.0
AWS-IND-TN-001,2026-08-26 17:55:00+00:00,none,none,0.0
AWS-IND-TN-001,2026-08-26 18:00:00+00:00,none,none,0.0
AWS-IND-TN-001,2026-08-26 18:05:00+00:00,none,none,0.0
AWS-IND-TN-001,2026-08-26 18:10:00+00:00,none,none,0.0
AWS-IND-TN-001,2026-08-26 18:15:00+00:00,none,none,0.0
AWS-IND-TN-001,2026-08-26 18:20:00+00:00,none,none,0.0
AWS-IND-TN-001,2026-08-26 18:25:00+00:00,none,none,0.0
AWS-IND-TN-001,2026-08-26 18:30:00+00:00,none,none,0.0
AWS-IND-TN-001,2026-08-26 18:35:00+00:00,none,none,0.0
AWS-IND-TN-001,2026-08-26 18:40:00+00:00,none,none,0.0
AWS-IND-TN-001,2026-08-26 18:45:00+00:00,none,none,0.0
AWS-IND-TN-001,2026-08-26 18:50:00+00:00,none,none,0.0
AWS-IND-TN-001,2026-08-26 18:55:00+00:00,none,none,0.0
AWS-IND-TN-001,2026-08-26 19:00:00+00:00,none,none,0.0
AWS-IND-TN-001,2026-08-26 19:05:00+00:00,none,none,0.0
AWS-IND-TN-001,2026-08-26 19:10:00+00:00,none,none,0.0
AWS-IND-TN-001,2026-08-26 19:15:00+00:00,none,none,0.0
AWS-IND-TN-001,2026-08-26 19:20:00+00:00,none,none,0.0
AWS-IND-TN-001,2026-08-26 19:25:00+00:00,none,none,0.0
AWS-IND-TN-001,2026-08-26 19:30:00+00:00,none,none,0.0
AWS-IND-TN-001,2026-08-26 19:35:00+00:00,none,none,0.0
AWS-IND-TN-001,2026-08-26 19:40:00+00:00,none,none,0.0
AWS-IND-TN-001,2026-08-26 19:45:00+00:00,none,none,0.0
AWS-IND-TN-001,2026-08-26 19:50:00+00:00,none,none,0.0
AWS-IND-TN-001,2026-08-26 19:55:00+00:00,none,none,0.0
AWS-IND-TN-001,2026-08-26 20:00:00+00:00,none,none,0.0
AWS-IND-TN-001,2026-08-26 20:05:00+00:00,none,none,0.0
AWS-IND-TN-001,2026-08-26 20:10:00+00:00,none,none,0.0
AWS-IND-TN-001,2026-08-26 20:15:00+00:00,none,none,0.0
AWS-IND-TN-001,2026-08-26 20:20:00+00:00,none,none,0.0
AWS-IND-TN-001,2026-08-26 20:25:00+00:00,none,none,0.0
AWS-IND-TN-001,2026-08-26 20:30:00+00:00,none,none,0.0
AWS-IND-TN-001,2026-08-26 20:35:00+00:00,none,none,0.0
AWS-IND-TN-001,2026-08-26 20:40:00+00:00,none,none,0.0
AWS-IND-TN-001,2026-08-26 20:45:00+00:00,none,none,0.0
AWS-IND-TN-001,2026-08-26 20:50:00+00:00,none,none,0.0
AWS-IND-TN-001,2026-08-26 20:55:00+00:00,none,none,0.0
AWS-IND-TN-001,2026-08-26 21:00:00+00:00,none,none,0.0
AWS-IND-TN-001,2026-08-26 21:05:00+00:00,none,none,0.0
AWS-IND-TN-001,2026-08-26 21:10:00+00:00,none,none,0.0
AWS-IND-TN-001,2026-08-26 21:15:00+00:00,none,none,0.0
AWS-IND-TN-001,2026-08-26 21:20:00+00:00,none,none,0.0
AWS-IND-TN-001,2026-08-26 21:25:00+00:00,none,none,0.0
AWS-IND-TN-001,2026-08-26 21:30:00+00:00,none,none,0.0
AWS-IND-TN-001,2026-08-26 21:35:00+00:00,none,none,0.0
AWS-IND-TN-001,2026-08-26 21:40:00+00:00,none,none,0.0
AWS-IND-TN-001,2026-08-26 21:45:00+00:00,none,none,0.0
AWS-IND-TN-001,2026-08-26 21:50:00+00:00,none,none,0.0
AWS-IND-TN-001,2026-08-26 21:55:00+00:00,spike,humidity_pct,-41.69190039772033
AWS-IND-TN-001,2026-08-26 22:00:00+00:00,none,none,0.0
AWS-IND-TN-001,2026-08-26 22:05:00+00:00,none,none,0.0
AWS-IND-TN-001,2026-08-26 22:10:00+00:00,none,none,0.0
AWS-IND-TN-001,2026-08-26 22:15:00+00:00,none,none,0.0
AWS-IND-TN-001,2026-08-26 22:20:00+00:00,none,none,0.0
AWS-IND-TN-001,2026-08-26 22:25:00+00:00,none,none,0.0
AWS-IND-TN-001,2026-08-26 22:30:00+00:00,none,none,0.0
AWS-IND-TN-001,2026-08-26 22:35:00+00:00,none,none,0.0
AWS-IND-TN-001,2026-08-26 22:40:00+00:00,none,none,0.0
AWS-IND-TN-001,2026-08-26 22:45:00+00:00,none,none,0.0
AWS-IND-TN-001,2026-08-26 22:50:00+00:00,none,none,0.0
AWS-IND-TN-001,2026-08-26 22:55:00+00:00,none,none,0.0
AWS-IND-TN-001,2026-08-26 23:00:00+00:00,none,none,0.0
AWS-IND-TN-001,2026-08-26 23:05:00+00:00,none,none,0.0
AWS-IND-TN-001,2026-08-26 23:10:00+00:00,none,none,0.0
AWS-IND-TN-001,2026-08-26 23:15:00+00:00,none,none,0.0
AWS-IND-TN-001,2026-08-26 23:20:00+00:00,none,none,0.0
AWS-IND-TN-001,2026-08-26 23:25:00+00:00,none,none,0.0
AWS-IND-TN-001,2026-08-26 23:30:00+00:00,none,none,0.0
AWS-IND-TN-001,2026-08-26 23:35:00+00:00,none,none,0.0
AWS-IND-TN-001,2026-08-26 23:40:00+00:00,none,none,0.0
AWS-IND-TN-001,2026-08-26 23:45:00+00:00,none,none,0.0
AWS-IND-TN-001,2026-08-26 23:50:00+00:00,none,none,0.0
AWS-IND-TN-001,2026-08-26 23:55:00+00:00,none,none,0.0
AWS-IND-TN-001,2026-08-27 00:00:00+00:00,none,none,0.0
AWS-IND-TN-001,2026-08-27 00:05:00+00:00,none,none,0.0
AWS-IND-TN-001,2026-08-27 00:10:00+00:00,none,none,0.0
AWS-IND-TN-001,2026-08-27 00:15:00+00:00,none,none,0.0
AWS-IND-TN-001,2026-08-27 00:20:00+00:00,none,none,0.0
AWS-IND-TN-001,2026-08-27 00:25:00+00:00,none,none,0.0
AWS-IND-TN-001,2026-08-27 00:30:00+00:00,none,none,0.0
AWS-IND-TN-001,2026-08-27 00:35:00+00:00,none,none,0.0
AWS-IND-TN-001,2026-08-27 00:40:00+00:00,none,none,0.0
AWS-IND-TN-001,2026-08-27 00:45:00+00:00,none,none,0.0
AWS-IND-TN-001,2026-08-27 00:50:00+00:00,none,none,0.0
AWS-IND-TN-001,2026-08-27 00:55:00+00:00,none,none,0.0
AWS-IND-TN-001,2026-08-27 01:00:00+00:00,none,none,0.0
AWS-IND-TN-001,2026-08-27 01:05:00+00:00,none,none,0.0
AWS-IND-TN-001,2026-08-27 01:10:00+00:00,none,none,0.0
AWS-IND-TN-001,2026-08-27 01:15:00+00:00,none,none,0.0
AWS-IND-TN-001,2026-08-27 01:20:00+00:00,none,none,0.0
AWS-IND-TN-001,2026-08-27 01:25:00+00:00,none,none,0.0
AWS-IND-TN-001,2026-08-27 01:30:00+00:00,none,none,0.0
AWS-IND-TN-001,2026-08-27 01:35:00+00:00,none,none,0.0
AWS-IND-TN-001,2026-08-27 01:40:00+00:00,none,none,0.0
AWS-IND-TN-001,2026-08-27 01:45:00+00:00,none,none,0.0
AWS-IND-TN-001,2026-08-27 01:50:00+00:00,none,none,0.0
AWS-IND-TN-001,2026-08-27 01:55:00+00:00,none,none,0.0
AWS-IND-TN-001,2026-08-27 02:00:00+00:00,none,none,0.0
AWS-IND-TN-001,2026-08-27 02:05:00+00:00,none,none,0.0
AWS-IND-TN-001,2026-08-27 02:10:00+00:00,none,none,0.0
AWS-IND-TN-001,2026-08-27 02:15:00+00:00,none,none,0.0
AWS-IND-TN-001,2026-08-27 02:20:00+00:00,none,none,0.0
AWS-IND-TN-001,2026-08-27 02:25:00+00:00,none,none,0.0
AWS-IND-TN-001,2026-08-27 02:30:00+00:00,none,none,0.0
AWS-IND-TN-001,2026-08-27 02:35:00+00:00,none,none,0.0
AWS-IND-TN-001,2026-08-27 02:40:00+00:00,none,none,0.0
AWS-IND-TN-001,2026-08-27 02:45:00+00:00,none,none,0.0
AWS-IND-TN-001,2026-08-27 02:50:00+00:00,none,none,0.0
AWS-IND-TN-001,2026-08-27 02:55:00+00:00,none,none,0.0
AWS-IND-TN-001,2026-08-27 03:00:00+00:00,none,none,0.0
AWS-IND-TN-001,2026-08-27 03:05:00+00:00,none,none,0.0
AWS-IND-TN-001,2026-08-27 03:10:00+00:00,none,none,0.0
AWS-IND-TN-001,2026-08-27 03:15:00+00:00,none,none,0.0
AWS-IND-TN-001,2026-08-27 03:20:00+00:00,none,none,0.0
AWS-IND-TN-001,2026-08-27 03:25:00+00:00,none,none,0.0
AWS-IND-TN-001,2026-08-27 03:30:00+00:00,none,none,0.0
AWS-IND-TN-001,2026-08-27 03:35:00+00:00,none,none,0.0
AWS-IND-TN-001,2026-08-27 03:40:00+00:00,none,none,0.0
AWS-IND-TN-001,2026-08-27 03:45:00+00:00,none,none,0.0
AWS-IND-TN-001,2026-08-27 03:50:00+00:00,none,none,0.0
AWS-IND-TN-001,2026-08-27 03:55:00+00:00,none,none,0.0
AWS-IND-TN-001,2026-08-27 04:00:00+00:00,none,none,0.0
AWS-IND-TN-001,2026-08-27 04:05:00+00:00,none,none,0.0
AWS-IND-TN-001,2026-08-27 04:10:00+00:00,none,none,0.0
AWS-IND-TN-001,2026-08-27 04:15:00+00:00,none,none,0.0
AWS-IND-TN-001,2026-08-27 04:20:00+00:00,none,none,0.0
AWS-IND-TN-001,2026-08-27 04:25:00+00:00,none,none,0.0
AWS-IND-TN-001,2026-08-27 04:30:00+00:00,none,none,0.0
AWS-IND-TN-001,2026-08-27 04:35:00+00:00,none,none,0.0
AWS-IND-TN-001,2026-08-27 04:40:00+00:00,none,none,0.0
AWS-IND-TN-001,2026-08-27 04:45:00+00:00,none,none,0.0
AWS-IND-TN-001,2026-08-27 04:50:00+00:00,none,none,0.0
AWS-IND-TN-001,2026-08-27 04:55:00+00:00,none,none,0.0
AWS-IND-TN-001,2026-08-27 05:00:00+00:00,none,none,0.0
AWS-IND-TN-001,2026-08-27 05:05:00+00:00,none,none,0.0
AWS-IND-TN-001,2026-08-27 05:10:00+00:00,none,none,0.0
AWS-IND-TN-001,2026-08-27 05:15:00+00:00,none,none,0.0
AWS-IND-TN-001,2026-08-27 05:20:00+00:00,none,none,0.0
AWS-IND-TN-001,2026-08-27 05:25:00+00:00,none,none,0.0
AWS-IND-TN-001,2026-08-27 05:30:00+00:00,none,none,0.0
AWS-IND-TN-001,2026-08-27 05:35:00+00:00,none,none,0.0
AWS-IND-TN-001,2026-08-27 05:40:00+00:00,none,none,0.0
AWS-IND-TN-001,2026-08-27 05:45:00+00:00,none,none,0.0
AWS-IND-TN-001,2026-08-27 05:50:00+00:00,none,none,0.0
AWS-IND-TN-001,2026-08-27 05:55:00+00:00,none,none,0.0
AWS-IND-TN-001,2026-08-27 06:00:00+00:00,none,none,0.0
AWS-IND-TN-001,2026-08-27 06:05:00+00:00,none,none,0.0
AWS-IND-TN-001,2026-08-27 06:10:00+00:00,none,none,0.0
AWS-IND-TN-001,2026-08-27 06:15:00+00:00,none,none,0.0
AWS-IND-TN-001,2026-08-27 06:20:00+00:00,none,none,0.0
AWS-IND-TN-001,2026-08-27 06:25:00+00:00,none,none,0.0
AWS-IND-TN-001,2026-08-27 06:30:00+00:00,none,none,0.0
AWS-IND-TN-001,2026-08-27 06:35:00+00:00,none,none,0.0
AWS-IND-TN-001,2026-08-27 06:40:00+00:00,none,none,0.0
AWS-IND-TN-001,2026-08-27 06:45:00+00:00,none,none,0.0
AWS-IND-TN-001,2026-08-27 06:50:00+00:00,none,none,0.0
AWS-IND-TN-001,2026-08-27 06:55:00+00:00,none,none,0.0
AWS-IND-TN-001,2026-08-27 07:00:00+00:00,none,none,0.0
AWS-IND-TN-001,2026-08-27 07:05:00+00:00,none,none,0.0
AWS-IND-TN-001,2026-08-27 07:10:00+00:00,none,none,0.0
AWS-IND-TN-001,2026-08-27 07:15:00+00:00,none,none,0.0
AWS-IND-TN-001,2026-08-27 07:20:00+00:00,none,none,0.0
AWS-IND-TN-001,2026-08-27 07:25:00+00:00,none,none,0.0
AWS-IND-TN-001,2026-08-27 07:30:00+00:00,none,none,0.0
AWS-IND-TN-001,2026-08-27 07:35:00+00:00,none,none,0.0
AWS-IND-TN-001,2026-08-27 07:40:00+00:00,none,none,0.0
AWS-IND-TN-001,2026-08-27 07:45:00+00:00,none,none,0.0
AWS-IND-TN-001,2026-08-27 07:50:00+00:00,none,none,0.0
AWS-IND-TN-001,2026-08-27 07:55:00+00:00,none,none,0.0
AWS-IND-TN-001,2026-08-27 08:00:00+00:00,none,none,0.0
AWS-IND-TN-001,2026-08-27 08:05:00+00:00,none,none,0.0
AWS-IND-TN-001,2026-08-27 08:10:00+00:00,none,none,0.0
AWS-IND-TN-001,2026-08-27 08:15:00+00:00,none,none,0.0
AWS-IND-TN-001,2026-08-27 08:20:00+00:00,none,none,0.0
AWS-IND-TN-001,2026-08-27 08:25:00+00:00,none,none,0.0
AWS-IND-TN-001,2026-08-27 08:30:00+00:00,none,none,0.0
AWS-IND-TN-001,2026-08-27 08:35:00+00:00,none,none,0.0
AWS-IND-TN-001,2026-08-27 08:40:00+00:00,none,none,0.0
AWS-IND-TN-001,2026-08-27 08:45:00+00:00,none,none,0.0
AWS-IND-TN-001,2026-08-27 08:50:00+00:00,none,none,0.0
AWS-IND-TN-001,2026-08-27 08:55:00+00:00,none,none,0.0
AWS-IND-TN-001,2026-08-27 09:00:00+00:00,none,none,0.0
AWS-IND-TN-001,2026-08-27 09:05:00+00:00,none,none,0.0
AWS-IND-TN-001,2026-08-27 09:10:00+00:00,none,none,0.0
AWS-IND-TN-001,2026-08-27 09:15:00+00:00,none,none,0.0
AWS-IND-TN-001,2026-08-27 09:20:00+00:00,none,none,0.0
AWS-IND-TN-001,2026-08-27 09:25:00+00:00,none,none,0.0
AWS-IND-TN-001,2026-08-27 09:30:00+00:00,none,none,0.0
AWS-IND-TN-001,2026-08-27 09:35:00+00:00,none,none,0.0
AWS-IND-TN-001,2026-08-27 09:40:00+00:00,none,none,0.0
AWS-IND-TN-001,2026-08-27 09:45:00+00:00,none,none,0.0
AWS-IND-TN-001,2026-08-27 09:50:00+00:00,none,none,0.0
AWS-IND-TN-001,2026-08-27 09:55:00+00:00,none,none,0.0
AWS-IND-TN-001,2026-08-27 10:00:00+00:00,none,none,0.0
AWS-IND-TN-001,2026-08-27 10:05:00+00:00,none,none,0.0
AWS-IND-TN-001,2026-08-27 10:10:00+00:00,none,none,0.0
AWS-IND-TN-001,2026-08-27 10:15:00+00:00,none,none,0.0
AWS-IND-TN-001,2026-08-27 10:20:00+00:00,none,none,0.0
AWS-IND-TN-001,2026-08-27 10:25:00+00:00,none,none,0.0
AWS-IND-TN-001,2026-08-27 10:30:00+00:00,none,none,0.0
AWS-IND-TN-001,2026-08-27 10:35:00+00:00,none,none,0.0
AWS-IND-TN-001,2026-08-27 10:40:00+00:00,none,none,0.0
AWS-IND-TN-001,2026-08-27 10:45:00+00:00,none,none,0.0
AWS-IND-TN-001,2026-08-27 10:50:00+00:00,none,none,0.0
AWS-IND-TN-001,2026-08-27 10:55:00+00:00,none,none,0.0
AWS-IND-TN-001,2026-08-27 11:00:00+00:00,none,none,0.0
AWS-IND-TN-001,2026-08-27 11:05:00+00:00,none,none,0.0
AWS-IND-TN-001,2026-08-27 11:10:00+00:00,none,none,0.0
AWS-IND-TN-001,2026-08-27 11:15:00+00:00,none,none,0.0
AWS-IND-TN-001,2026-08-27 11:20:00+00:00,none,none,0.0
AWS-IND-TN-001,2026-08-27 11:25:00+00:00,none,none,0.0
AWS-IND-TN-001,2026-08-27 11:30:00+00:00,none,none,0.0
AWS-IND-TN-001,2026-08-27 11:35:00+00:00,none,none,0.0
AWS-IND-TN-001,2026-08-27 11:40:00+00:00,none,none,0.0
AWS-IND-TN-001,2026-08-27 11:45:00+00:00,none,none,0.0
AWS-IND-TN-001,2026-08-27 11:50:00+00:00,none,none,0.0
AWS-IND-TN-001,2026-08-27 11:55:00+00:00,none,none,0.0
AWS-IND-TN-001,2026-08-27 12:00:00+00:00,none,none,0.0
AWS-IND-TN-001,2026-08-27 12:05:00+00:00,none,none,0.0
AWS-IND-TN-001,2026-08-27 12:10:00+00:00,none,none,0.0
AWS-IND-TN-001,2026-08-27 12:15:00+00:00,none,none,0.0
AWS-IND-TN-001,2026-08-27 12:20:00+00:00,none,none,0.0
AWS-IND-TN-001,2026-08-27 12:25:00+00:00,none,none,0.0
AWS-IND-TN-001,2026-08-27 12:30:00+00:00,none,none,0.0
AWS-IND-TN-001,2026-08-27 12:35:00+00:00,none,none,0.0
AWS-IND-TN-001,2026-08-27 12:40:00+00:00,none,none,0.0
AWS-IND-TN-001,2026-08-27 12:45:00+00:00,none,none,0.0
AWS-IND-TN-001,2026-08-27 12:50:00+00:00,none,none,0.0
AWS-IND-TN-001,2026-08-27 12:55:00+00:00,none,none,0.0
AWS-IND-TN-001,2026-08-27 13:00:00+00:00,none,none,0.0
AWS-IND-TN-001,2026-08-27 13:05:00+00:00,spike,temperature_c,12.805436625605534
AWS-IND-TN-001,2026-08-27 13:10:00+00:00,none,none,0.0
AWS-IND-TN-001,2026-08-27 13:15:00+00:00,none,none,0.0
AWS-IND-TN-001,2026-08-27 13:20:00+00:00,none,none,0.0
AWS-IND-TN-001,2026-08-27 13:25:00+00:00,none,none,0.0
AWS-IND-TN-001,2026-08-27 13:30:00+00:00,none,none,0.0
AWS-IND-TN-001,2026-08-27 13:35:00+00:00,none,none,0.0
AWS-IND-TN-001,2026-08-27 13:40:00+00:00,none,none,0.0
AWS-IND-TN-001,2026-08-27 13:45:00+00:00,none,none,0.0
AWS-IND-TN-001,2026-08-27 13:50:00+00:00,none,none,0.0
AWS-IND-TN-001,2026-08-27 13:55:00+00:00,none,none,0.0
AWS-IND-TN-001,2026-08-27 14:00:00+00:00,none,none,0.0
AWS-IND-TN-001,2026-08-27 14:05:00+00:00,none,none,0.0
AWS-IND-TN-001,2026-08-27 14:10:00+00:00,none,none,0.0
AWS-IND-TN-001,2026-08-27 14:15:00+00:00,none,none,0.0
AWS-IND-TN-001,2026-08-27 14:20:00+00:00,none,none,0.0
AWS-IND-TN-001,2026-08-27 14:25:00+00:00,none,none,0.0
AWS-IND-TN-001,2026-08-27 14:30:00+00:00,none,none,0.0
AWS-IND-TN-001,2026-08-27 14:35:00+00:00,none,none,0.0
AWS-IND-TN-001,2026-08-27 14:40:00+00:00,none,none,0.0
AWS-IND-TN-001,2026-08-27 14:45:00+00:00,none,none,0.0
AWS-IND-TN-001,2026-08-27 14:50:00+00:00,none,none,0.0
AWS-IND-TN-001,2026-08-27 14:55:00+00:00,none,none,0.0
AWS-IND-TN-001,2026-08-27 15:00:00+00:00,none,none,0.0
AWS-IND-TN-001,2026-08-27 15:05:00+00:00,none,none,0.0
AWS-IND-TN-001,2026-08-27 15:10:00+00:00,none,none,0.0
AWS-IND-TN-001,2026-08-27 15:15:00+00:00,none,none,0.0
AWS-IND-TN-001,2026-08-27 15:20:00+00:00,none,none,0.0
AWS-IND-TN-001,2026-08-27 15:25:00+00:00,none,none,0.0
AWS-IND-TN-001,2026-08-27 15:30:00+00:00,none,none,0.0
AWS-IND-TN-001,2026-08-27 15:35:00+00:00,none,none,0.0
AWS-IND-TN-001,2026-08-27 15:40:00+00:00,none,none,0.0
AWS-IND-TN-001,2026-08-27 15:45:00+00:00,none,none,0.0
AWS-IND-TN-001,2026-08-27 15:50:00+00:00,none,none,0.0
AWS-IND-TN-001,2026-08-27 15:55:00+00:00,none,none,0.0
AWS-IND-TN-001,2026-08-27 16:00:00+00:00,none,none,0.0
AWS-IND-TN-001,2026-08-27 16:05:00+00:00,none,none,0.0
AWS-IND-TN-001,2026-08-27 16:10:00+00:00,none,none,0.0
AWS-IND-TN-001,2026-08-27 16:15:00+00:00,none,none,0.0
AWS-IND-TN-001,2026-08-27 16:20:00+00:00,none,none,0.0
AWS-IND-TN-001,2026-08-27 16:25:00+00:00,none,none,0.0
AWS-IND-TN-001,2026-08-27 16:30:00+00:00,none,none,0.0
AWS-IND-TN-001,2026-08-27 16:35:00+00:00,none,none,0.0
AWS-IND-TN-001,2026-08-27 16:40:00+00:00,none,none,0.0
AWS-IND-TN-001,2026-08-27 16:45:00+00:00,none,none,0.0
AWS-IND-TN-001,2026-08-27 16:50:00+00:00,none,none,0.0
AWS-IND-TN-001,2026-08-27 16:55:00+00:00,none,none,0.0
AWS-IND-TN-001,2026-08-27 17:00:00+00:00,none,none,0.0
AWS-IND-TN-001,2026-08-27 17:05:00+00:00,none,none,0.0
AWS-IND-TN-001,2026-08-27 17:10:00+00:00,none,none,0.0
AWS-IND-TN-001,2026-08-27 17:15:00+00:00,none,none,0.0
AWS-IND-TN-001,2026-08-27 17:20:00+00:00,none,none,0.0
AWS-IND-TN-001,2026-08-27 17:25:00+00:00,none,none,0.0
AWS-IND-TN-001,2026-08-27 17:30:00+00:00,none,none,0.0
AWS-IND-TN-001,2026-08-27 17:35:00+00:00,none,none,0.0
AWS-IND-TN-001,2026-08-27 17:40:00+00:00,none,none,0.0
AWS-IND-TN-001,2026-08-27 17:45:00+00:00,none,none,0.0
AWS-IND-TN-001,2026-08-27 17:50:00+00:00,none,none,0.0
AWS-IND-TN-001,2026-08-27 17:55:00+00:00,none,none,0.0
AWS-IND-TN-001,2026-08-27 18:00:00+00:00,none,none,0.0
AWS-IND-TN-001,2026-08-27 18:05:00+00:00,none,none,0.0
AWS-IND-TN-001,2026-08-27 18:10:00+00:00,none,none,0.0
AWS-IND-TN-001,2026-08-27 18:15:00+00:00,none,none,0.0
AWS-IND-TN-001,2026-08-27 18:20:00+00:00,none,none,0.0
AWS-IND-TN-001,2026-08-27 18:25:00+00:00,none,none,0.0
AWS-IND-TN-001,2026-08-27 18:30:00+00:00,none,none,0.0
AWS-IND-TN-001,2026-08-27 18:35:00+00:00,none,none,0.0
AWS-IND-TN-001,2026-08-27 18:40:00+00:00,none,none,0.0
AWS-IND-TN-001,2026-08-27 18:45:00+00:00,none,none,0.0
AWS-IND-TN-001,2026-08-27 18:50:00+00:00,none,none,0.0
AWS-IND-TN-001,2026-08-27 18:55:00+00:00,none,none,0.0
AWS-IND-TN-001,2026-08-27 19:00:00+00:00,none,none,0.0
AWS-IND-TN-001,2026-08-27 19:05:00+00:00,none,none,0.0
AWS-IND-TN-001,2026-08-27 19:10:00+00:00,none,none,0.0
AWS-IND-TN-001,2026-08-27 19:15:00+00:00,none,none,0.0
AWS-IND-TN-001,2026-08-27 19:20:00+00:00,none,none,0.0
AWS-IND-TN-001,2026-08-27 19:25:00+00:00,none,none,0.0
AWS-IND-TN-001,2026-08-27 19:30:00+00:00,none,none,0.0
AWS-IND-TN-001,2026-08-27 19:35:00+00:00,none,none,0.0
AWS-IND-TN-001,2026-08-27 19:40:00+00:00,none,none,0.0
AWS-IND-TN-001,2026-08-27 19:45:00+00:00,none,none,0.0
AWS-IND-TN-001,2026-08-27 19:50:00+00:00,none,none,0.0
AWS-IND-TN-001,2026-08-27 19:55:00+00:00,none,none,0.0
AWS-IND-TN-001,2026-08-27 20:00:00+00:00,none,none,0.0
AWS-IND-TN-001,2026-08-27 20:05:00+00:00,none,none,0.0
AWS-IND-TN-001,2026-08-27 20:10:00+00:00,none,none,0.0
AWS-IND-TN-001,2026-08-27 20:15:00+00:00,none,none,0.0
AWS-IND-TN-001,2026-08-27 20:20:00+00:00,none,none,0.0
AWS-IND-TN-001,2026-08-27 20:25:00+00:00,none,none,0.0
AWS-IND-TN-001,2026-08-27 20:30:00+00:00,none,none,0.0
AWS-IND-TN-001,2026-08-27 20:35:00+00:00,none,none,0.0
AWS-IND-TN-001,2026-08-27 20:40:00+00:00,none,none,0.0
AWS-IND-TN-001,2026-08-27 20:45:00+00:00,none,none,0.0
AWS-IND-TN-001,2026-08-27 20:50:00+00:00,none,none,0.0
AWS-IND-TN-001,2026-08-27 20:55:00+00:00,none,none,0.0
AWS-IND-TN-001,2026-08-27 21:00:00+00:00,none,none,0.0
AWS-IND-TN-001,2026-08-27 21:05:00+00:00,none,none,0.0
AWS-IND-TN-001,2026-08-27 21:10:00+00:00,none,none,0.0
AWS-IND-TN-001,2026-08-27 21:15:00+00:00,none,none,0.0
AWS-IND-TN-001,2026-08-27 21:20:00+00:00,none,none,0.0
AWS-IND-TN-001,2026-08-27 21:25:00+00:00,none,none,0.0
AWS-IND-TN-001,2026-08-27 21:30:00+00:00,none,none,0.0
AWS-IND-TN-001,2026-08-27 21:35:00+00:00,none,none,0.0
AWS-IND-TN-001,2026-08-27 21:40:00+00:00,none,none,0.0
AWS-IND-TN-001,2026-08-27 21:45:00+00:00,none,none,0.0
AWS-IND-TN-001,2026-08-27 21:50:00+00:00,none,none,0.0
AWS-IND-TN-001,2026-08-27 21:55:00+00:00,none,none,0.0
AWS-IND-TN-001,2026-08-27 22:00:00+00:00,none,none,0.0
AWS-IND-TN-001,2026-08-27 22:05:00+00:00,none,none,0.0
AWS-IND-TN-001,2026-08-27 22:10:00+00:00,none,none,0.0
AWS-IND-TN-001,2026-08-27 22:15:00+00:00,none,none,0.0
AWS-IND-TN-001,2026-08-27 22:20:00+00:00,none,none,0.0
AWS-IND-TN-001,2026-08-27 22:25:00+00:00,none,none,0.0
AWS-IND-TN-001,2026-08-27 22:30:00+00:00,none,none,0.0
AWS-IND-TN-001,2026-08-27 22:35:00+00:00,none,none,0.0
AWS-IND-TN-001,2026-08-27 22:40:00+00:00,none,none,0.0
AWS-IND-TN-001,2026-08-27 22:45:00+00:00,none,none,0.0
AWS-IND-TN-001,2026-08-27 22:50:00+00:00,none,none,0.0
AWS-IND-TN-001,2026-08-27 22:55:00+00:00,none,none,0.0
AWS-IND-TN-001,2026-08-27 23:00:00+00:00,none,none,0.0
AWS-IND-TN-001,2026-08-27 23:05:00+00:00,none,none,0.0
AWS-IND-TN-001,2026-08-27 23:10:00+00:00,none,none,0.0
AWS-IND-TN-001,2026-08-27 23:15:00+00:00,none,none,0.0
AWS-IND-TN-001,2026-08-27 23:20:00+00:00,none,none,0.0
AWS-IND-TN-001,2026-08-27 23:25:00+00:00,none,none,0.0
AWS-IND-TN-001,2026-08-27 23:30:00+00:00,none,none,0.0
AWS-IND-TN-001,2026-08-27 23:35:00+00:00,none,none,0.0
AWS-IND-TN-001,2026-08-27 23:40:00+00:00,none,none,0.0
AWS-IND-TN-001,2026-08-27 23:45:00+00:00,none,none,0.0
AWS-IND-TN-001,2026-08-27 23:50:00+00:00,none,none,0.0
AWS-IND-TN-001,2026-08-27 23:55:00+00:00,none,none,0.0
AWS-IND-TN-001,2026-08-28 00:00:00+00:00,none,none,0.0
AWS-IND-TN-001,2026-08-28 00:05:00+00:00,none,none,0.0
AWS-IND-TN-001,2026-08-28 00:10:00+00:00,none,none,0.0
AWS-IND-TN-001,2026-08-28 00:15:00+00:00,none,none,0.0
AWS-IND-TN-001,2026-08-28 00:20:00+00:00,none,none,0.0
AWS-IND-TN-001,2026-08-28 00:25:00+00:00,none,none,0.0
AWS-IND-TN-001,2026-08-28 00:30:00+00:00,none,none,0.0
AWS-IND-TN-001,2026-08-28 00:35:00+00:00,none,none,0.0
AWS-IND-TN-001,2026-08-28 00:40:00+00:00,none,none,0.0
AWS-IND-TN-001,2026-08-28 00:45:00+00:00,none,none,0.0
AWS-IND-TN-001,2026-08-28 00:50:00+00:00,none,none,0.0
AWS-IND-TN-001,2026-08-28 00:55:00+00:00,none,none,0.0
AWS-IND-TN-001,2026-08-28 01:00:00+00:00,none,none,0.0
AWS-IND-TN-001,2026-08-28 01:05:00+00:00,none,none,0.0
AWS-IND-TN-001,2026-08-28 01:10:00+00:00,none,none,0.0
AWS-IND-TN-001,2026-08-28 01:15:00+00:00,none,none,0.0
AWS-IND-TN-001,2026-08-28 01:20:00+00:00,none,none,0.0
AWS-IND-TN-001,2026-08-28 01:25:00+00:00,none,none,0.0
AWS-IND-TN-001,2026-08-28 01:30:00+00:00,none,none,0.0
AWS-IND-TN-001,2026-08-28 01:35:00+00:00,none,none,0.0
AWS-IND-TN-001,2026-08-28 01:40:00+00:00,none,none,0.0
AWS-IND-TN-001,2026-08-28 01:45:00+00:00,none,none,0.0
AWS-IND-TN-001,2026-08-28 01:50:00+00:00,none,none,0.0
AWS-IND-TN-001,2026-08-28 01:55:00+00:00,none,none,0.0
AWS-IND-TN-001,2026-08-28 02:00:00+00:00,none,none,0.0
AWS-IND-TN-001,2026-08-28 02:05:00+00:00,none,none,0.0
AWS-IND-TN-001,2026-08-28 02:10:00+00:00,none,none,0.0
AWS-IND-TN-001,2026-08-28 02:15:00+00:00,none,none,0.0
AWS-IND-TN-001,2026-08-28 02:20:00+00:00,none,none,0.0
AWS-IND-TN-001,2026-08-28 02:25:00+00:00,none,none,0.0
AWS-IND-TN-001,2026-08-28 02:30:00+00:00,none,none,0.0
AWS-IND-TN-001,2026-08-28 02:35:00+00:00,none,none,0.0
AWS-IND-TN-001,2026-08-28 02:40:00+00:00,none,none,0.0
AWS-IND-TN-001,2026-08-28 02:45:00+00:00,none,none,0.0
AWS-IND-TN-001,2026-08-28 02:50:00+00:00,none,none,0.0
AWS-IND-TN-001,2026-08-28 02:55:00+00:00,none,none,0.0
AWS-IND-TN-001,2026-08-28 03:00:00+00:00,none,none,0.0
AWS-IND-TN-001,2026-08-28 03:05:00+00:00,none,none,0.0
AWS-IND-TN-001,2026-08-28 03:10:00+00:00,none,none,0.0
AWS-IND-TN-001,2026-08-28 03:15:00+00:00,spike,humidity_pct,29.07194624654906
AWS-IND-TN-001,2026-08-28 03:20:00+00:00,none,none,0.0
AWS-IND-TN-001,2026-08-28 03:25:00+00:00,none,none,0.0
AWS-IND-TN-001,2026-08-28 03:30:00+00:00,none,none,0.0
AWS-IND-TN-001,2026-08-28 03:35:00+00:00,none,none,0.0
AWS-IND-TN-001,2026-08-28 03:40:00+00:00,none,none,0.0
AWS-IND-TN-001,2026-08-28 03:45:00+00:00,none,none,0.0
AWS-IND-TN-001,2026-08-28 03:50:00+00:00,none,none,0.0
AWS-IND-TN-001,2026-08-28 03:55:00+00:00,none,none,0.0
AWS-IND-TN-001,2026-08-28 04:00:00+00:00,none,none,0.0
AWS-IND-TN-001,2026-08-28 04:05:00+00:00,none,none,0.0
AWS-IND-TN-001,2026-08-28 04:10:00+00:00,none,none,0.0
AWS-IND-TN-001,2026-08-28 04:15:00+00:00,none,none,0.0
AWS-IND-TN-001,2026-08-28 04:20:00+00:00,none,none,0.0
AWS-IND-TN-001,2026-08-28 04:25:00+00:00,none,none,0.0
AWS-IND-TN-001,2026-08-28 04:30:00+00:00,none,none,0.0
AWS-IND-TN-001,2026-08-28 04:35:00+00:00,none,none,0.0
AWS-IND-TN-001,2026-08-28 04:40:00+00:00,none,none,0.0
AWS-IND-TN-001,2026-08-28 04:45:00+00:00,none,none,0.0
AWS-IND-TN-001,2026-08-28 04:50:00+00:00,none,none,0.0
AWS-IND-TN-001,2026-08-28 04:55:00+00:00,none,none,0.0
AWS-IND-TN-001,2026-08-28 05:00:00+00:00,none,none,0.0
AWS-IND-TN-001,2026-08-28 05:05:00+00:00,none,none,0.0
AWS-IND-TN-001,2026-08-28 05:10:00+00:00,none,none,0.0
AWS-IND-TN-001,2026-08-28 05:15:00+00:00,none,none,0.0
AWS-IND-TN-001,2026-08-28 05:20:00+00:00,none,none,0.0
AWS-IND-TN-001,2026-08-28 05:25:00+00:00,none,none,0.0
AWS-IND-TN-001,2026-08-28 05:30:00+00:00,none,none,0.0
AWS-IND-TN-001,2026-08-28 05:35:00+00:00,none,none,0.0
AWS-IND-TN-001,2026-08-28 05:40:00+00:00,none,none,0.0
AWS-IND-TN-001,2026-08-28 05:45:00+00:00,none,none,0.0
AWS-IND-TN-001,2026-08-28 05:50:00+00:00,none,none,0.0
AWS-IND-TN-001,2026-08-28 05:55:00+00:00,none,none,0.0
AWS-IND-TN-001,2026-08-28 06:00:00+00:00,none,none,0.0
AWS-IND-TN-001,2026-08-28 06:05:00+00:00,none,none,0.0
AWS-IND-TN-001,2026-08-28 06:10:00+00:00,none,none,0.0
AWS-IND-TN-001,2026-08-28 06:15:00+00:00,none,none,0.0
AWS-IND-TN-001,2026-08-28 06:20:00+00:00,none,none,0.0
AWS-IND-TN-001,2026-08-28 06:25:00+00:00,none,none,0.0
AWS-IND-TN-001,2026-08-28 06:30:00+00:00,none,none,0.0
AWS-IND-TN-001,2026-08-28 06:35:00+00:00,none,none,0.0
AWS-IND-TN-001,2026-08-28 06:40:00+00:00,none,none,0.0
AWS-IND-TN-001,2026-08-28 06:45:00+00:00,none,none,0.0
AWS-IND-TN-001,2026-08-28 06:50:00+00:00,none,none,0.0
AWS-IND-TN-001,2026-08-28 06:55:00+00:00,none,none,0.0
AWS-IND-TN-001,2026-08-28 07:00:00+00:00,none,none,0.0
AWS-IND-TN-001,2026-08-28 07:05:00+00:00,none,none,0.0
AWS-IND-TN-001,2026-08-28 07:10:00+00:00,none,none,0.0
AWS-IND-TN-001,2026-08-28 07:15:00+00:00,none,none,0.0
AWS-IND-TN-001,2026-08-28 07:20:00+00:00,spike,pressure_hpa,33.79201052815978
AWS-IND-TN-001,2026-08-28 07:25:00+00:00,none,none,0.0
AWS-IND-TN-001,2026-08-28 07:30:00+00:00,none,none,0.0
AWS-IND-TN-001,2026-08-28 07:35:00+00:00,none,none,0.0
AWS-IND-TN-001,2026-08-28 07:40:00+00:00,none,none,0.0
AWS-IND-TN-001,2026-08-28 07:45:00+00:00,none,none,0.0
AWS-IND-TN-001,2026-08-28 07:50:00+00:00,none,none,0.0
AWS-IND-TN-001,2026-08-28 07:55:00+00:00,none,none,0.0
AWS-IND-TN-001,2026-08-28 08:00:00+00:00,none,none,0.0
AWS-IND-TN-001,2026-08-28 08:05:00+00:00,none,none,0.0
AWS-IND-TN-001,2026-08-28 08:10:00+00:00,none,none,0.0
AWS-IND-TN-001,2026-08-28 08:15:00+00:00,none,none,0.0
AWS-IND-TN-001,2026-08-28 08:20:00+00:00,none,none,0.0
AWS-IND-TN-001,2026-08-28 08:25:00+00:00,none,none,0.0
AWS-IND-TN-001,2026-08-28 08:30:00+00:00,none,none,0.0
AWS-IND-TN-001,2026-08-28 08:35:00+00:00,none,none,0.0
AWS-IND-TN-001,2026-08-28 08:40:00+00:00,none,none,0.0
AWS-IND-TN-001,2026-08-28 08:45:00+00:00,none,none,0.0
AWS-IND-TN-001,2026-08-28 08:50:00+00:00,none,none,0.0
AWS-IND-TN-001,2026-08-28 08:55:00+00:00,none,none,0.0
AWS-IND-TN-001,2026-08-28 09:00:00+00:00,none,none,0.0
AWS-IND-TN-001,2026-08-28 09:05:00+00:00,none,none,0.0
AWS-IND-TN-001,2026-08-28 09:10:00+00:00,none,none,0.0
AWS-IND-TN-001,2026-08-28 09:15:00+00:00,none,none,0.0
AWS-IND-TN-001,2026-08-28 09:20:00+00:00,none,none,0.0
AWS-IND-TN-001,2026-08-28 09:25:00+00:00,none,none,0.0
AWS-IND-TN-001,2026-08-28 09:30:00+00:00,none,none,0.0
AWS-IND-TN-001,2026-08-28 09:35:00+00:00,none,none,0.0
AWS-IND-TN-001,2026-08-28 09:40:00+00:00,none,none,0.0
AWS-IND-TN-001,2026-08-28 09:45:00+00:00,none,none,0.0
AWS-IND-TN-001,2026-08-28 09:50:00+00:00,none,none,0.0
AWS-IND-TN-001,2026-08-28 09:55:00+00:00,none,none,0.0
AWS-IND-TN-001,2026-08-28 10:00:00+00:00,none,none,0.0
AWS-IND-TN-001,2026-08-28 10:05:00+00:00,none,none,0.0
AWS-IND-TN-001,2026-08-28 10:10:00+00:00,none,none,0.0
AWS-IND-TN-001,2026-08-28 10:15:00+00:00,none,none,0.0
AWS-IND-TN-001,2026-08-28 10:20:00+00:00,none,none,0.0
AWS-IND-TN-001,2026-08-28 10:25:00+00:00,none,none,0.0
AWS-IND-TN-001,2026-08-28 10:30:00+00:00,none,none,0.0
AWS-IND-TN-001,2026-08-28 10:35:00+00:00,none,none,0.0
AWS-IND-TN-001,2026-08-28 10:40:00+00:00,none,none,0.0
AWS-IND-TN-001,2026-08-28 10:45:00+00:00,none,none,0.0
AWS-IND-TN-001,2026-08-28 10:50:00+00:00,none,none,0.0
AWS-IND-TN-001,2026-08-28 10:55:00+00:00,none,none,0.0
AWS-IND-TN-001,2026-08-28 11:00:00+00:00,none,none,0.0
AWS-IND-TN-001,2026-08-28 11:05:00+00:00,none,none,0.0
AWS-IND-TN-001,2026-08-28 11:10:00+00:00,none,none,0.0
AWS-IND-TN-001,2026-08-28 11:15:00+00:00,none,none,0.0
AWS-IND-TN-001,2026-08-28 11:20:00+00:00,none,none,0.0
AWS-IND-TN-001,2026-08-28 11:25:00+00:00,none,none,0.0
AWS-IND-TN-001,2026-08-28 11:30:00+00:00,none,none,0.0
AWS-IND-TN-001,2026-08-28 11:35:00+00:00,none,none,0.0
AWS-IND-TN-001,2026-08-28 11:40:00+00:00,none,none,0.0
AWS-IND-TN-001,2026-08-28 11:45:00+00:00,none,none,0.0
AWS-IND-TN-001,2026-08-28 11:50:00+00:00,none,none,0.0
AWS-IND-TN-001,2026-08-28 11:55:00+00:00,none,none,0.0
AWS-IND-TN-001,2026-08-28 12:00:00+00:00,none,none,0.0
AWS-IND-TN-001,2026-08-28 12:05:00+00:00,none,none,0.0
AWS-IND-TN-001,2026-08-28 12:10:00+00:00,none,none,0.0
AWS-IND-TN-001,2026-08-28 12:15:00+00:00,none,none,0.0
AWS-IND-TN-001,2026-08-28 12:20:00+00:00,none,none,0.0
AWS-IND-TN-001,2026-08-28 12:25:00+00:00,none,none,0.0
AWS-IND-TN-001,2026-08-28 12:30:00+00:00,none,none,0.0
AWS-IND-TN-001,2026-08-28 12:35:00+00:00,none,none,0.0
AWS-IND-TN-001,2026-08-28 12:40:00+00:00,none,none,0.0
AWS-IND-TN-001,2026-08-28 12:45:00+00:00,none,none,0.0
AWS-IND-TN-001,2026-08-28 12:50:00+00:00,none,none,0.0
AWS-IND-TN-001,2026-08-28 12:55:00+00:00,none,none,0.0
AWS-IND-TN-001,2026-08-28 13:00:00+00:00,none,none,0.0
AWS-IND-TN-001,2026-08-28 13:05:00+00:00,none,none,0.0
AWS-IND-TN-001,2026-08-28 13:10:00+00:00,none,none,0.0
AWS-IND-TN-001,2026-08-28 13:15:00+00:00,none,none,0.0
AWS-IND-TN-001,2026-08-28 13:20:00+00:00,none,none,0.0
AWS-IND-TN-001,2026-08-28 13:25:00+00:00,none,none,0.0
AWS-IND-TN-001,2026-08-28 13:30:00+00:00,none,none,0.0
AWS-IND-TN-001,2026-08-28 13:35:00+00:00,none,none,0.0
AWS-IND-TN-001,2026-08-28 13:40:00+00:00,none,none,0.0
AWS-IND-TN-001,2026-08-28 13:45:00+00:00,none,none,0.0
AWS-IND-TN-001,2026-08-28 13:50:00+00:00,none,none,0.0
AWS-IND-TN-001,2026-08-28 13:55:00+00:00,none,none,0.0
AWS-IND-TN-001,2026-08-28 14:00:00+00:00,none,none,0.0
AWS-IND-TN-001,2026-08-28 14:05:00+00:00,none,none,0.0
AWS-IND-TN-001,2026-08-28 14:10:00+00:00,none,none,0.0
AWS-IND-TN-001,2026-08-28 14:15:00+00:00,none,none,0.0
AWS-IND-TN-001,2026-08-28 14:20:00+00:00,noise,temperature_c,2.8962238290724884
AWS-IND-TN-001,2026-08-28 14:25:00+00:00,noise,temperature_c,2.8962238290724884
AWS-IND-TN-001,2026-08-28 14:30:00+00:00,noise,temperature_c,2.8962238290724884
AWS-IND-TN-001,2026-08-28 14:35:00+00:00,noise,temperature_c,2.8962238290724884
AWS-IND-TN-001,2026-08-28 14:40:00+00:00,noise,temperature_c,2.8962238290724884
AWS-IND-TN-001,2026-08-28 14:45:00+00:00,noise,temperature_c,2.8962238290724884
AWS-IND-TN-001,2026-08-28 14:50:00+00:00,noise,temperature_c,2.8962238290724884
AWS-IND-TN-001,2026-08-28 14:55:00+00:00,noise,temperature_c,2.8962238290724884
AWS-IND-TN-001,2026-08-28 15:00:00+00:00,noise,temperature_c,2.8962238290724884
AWS-IND-TN-001,2026-08-28 15:05:00+00:00,noise,temperature_c,2.8962238290724884
AWS-IND-TN-001,2026-08-28 15:10:00+00:00,noise,temperature_c,2.8962238290724884
AWS-IND-TN-001,2026-08-28 15:15:00+00:00,noise,temperature_c,2.8962238290724884
AWS-IND-TN-001,2026-08-28 15:20:00+00:00,noise,temperature_c,2.8962238290724884
AWS-IND-TN-001,2026-08-28 15:25:00+00:00,noise,temperature_c,2.8962238290724884
AWS-IND-TN-001,2026-08-28 15:30:00+00:00,noise,temperature_c,2.8962238290724884
AWS-IND-TN-001,2026-08-28 15:35:00+00:00,noise,temperature_c,2.8962238290724884
AWS-IND-TN-001,2026-08-28 15:40:00+00:00,noise,temperature_c,2.8962238290724884
AWS-IND-TN-001,2026-08-28 15:45:00+00:00,noise,temperature_c,2.8962238290724884
AWS-IND-TN-001,2026-08-28 15:50:00+00:00,noise,temperature_c,2.8962238290724884
AWS-IND-TN-001,2026-08-28 15:55:00+00:00,noise,temperature_c,2.8962238290724884
AWS-IND-TN-001,2026-08-28 16:00:00+00:00,noise,temperature_c,2.8962238290724884
AWS-IND-TN-001,2026-08-28 16:05:00+00:00,noise,temperature_c,2.8962238290724884
AWS-IND-TN-001,2026-08-28 16:10:00+00:00,noise,temperature_c,2.8962238290724884
AWS-IND-TN-001,2026-08-28 16:15:00+00:00,noise,temperature_c,2.8962238290724884
AWS-IND-TN-001,2026-08-28 16:20:00+00:00,noise,temperature_c,2.8962238290724884
AWS-IND-TN-001,2026-08-28 16:25:00+00:00,noise,temperature_c,2.8962238290724884
AWS-IND-TN-001,2026-08-28 16:30:00+00:00,noise,temperature_c,2.8962238290724884
AWS-IND-TN-001,2026-08-28 16:35:00+00:00,noise,temperature_c,2.8962238290724884
AWS-IND-TN-001,2026-08-28 16:40:00+00:00,noise,temperature_c,2.8962238290724884
AWS-IND-TN-001,2026-08-28 16:45:00+00:00,noise,temperature_c,2.8962238290724884
AWS-IND-TN-001,2026-08-28 16:50:00+00:00,noise,temperature_c,2.8962238290724884
AWS-IND-TN-001,2026-08-28 16:55:00+00:00,noise,temperature_c,2.8962238290724884
AWS-IND-TN-001,2026-08-28 17:00:00+00:00,noise,temperature_c,2.8962238290724884
AWS-IND-TN-001,2026-08-28 17:05:00+00:00,none,none,0.0
AWS-IND-TN-001,2026-08-28 17:10:00+00:00,none,none,0.0
AWS-IND-TN-001,2026-08-28 17:15:00+00:00,none,none,0.0
AWS-IND-TN-001,2026-08-28 17:20:00+00:00,drift,temperature_c,-6.584956716321635
AWS-IND-TN-001,2026-08-28 17:25:00+00:00,drift,temperature_c,-6.584956716321635
AWS-IND-TN-001,2026-08-28 17:30:00+00:00,drift,temperature_c,-6.584956716321635
AWS-IND-TN-001,2026-08-28 17:35:00+00:00,drift,temperature_c,-6.584956716321635
AWS-IND-TN-001,2026-08-28 17:40:00+00:00,drift,temperature_c,-6.584956716321635
AWS-IND-TN-001,2026-08-28 17:45:00+00:00,drift,temperature_c,-6.584956716321635
AWS-IND-TN-001,2026-08-28 17:50:00+00:00,drift,temperature_c,-6.584956716321635
AWS-IND-TN-001,2026-08-28 17:55:00+00:00,drift,temperature_c,-6.584956716321635
AWS-IND-TN-001,2026-08-28 18:00:00+00:00,drift,temperature_c,-6.584956716321635
AWS-IND-TN-001,2026-08-28 18:05:00+00:00,drift,temperature_c,-6.584956716321635
AWS-IND-TN-001,2026-08-28 18:10:00+00:00,drift,temperature_c,-6.584956716321635
AWS-IND-TN-001,2026-08-28 18:15:00+00:00,drift,temperature_c,-6.584956716321635
AWS-IND-TN-001,2026-08-28 18:20:00+00:00,drift,temperature_c,-6.584956716321635
AWS-IND-TN-001,2026-08-28 18:25:00+00:00,drift,temperature_c,-6.584956716321635
AWS-IND-TN-001,2026-08-28 18:30:00+00:00,drift,temperature_c,-6.584956716321635
AWS-IND-TN-001,2026-08-28 18:35:00+00:00,drift,temperature_c,-6.584956716321635
AWS-IND-TN-001,2026-08-28 18:40:00+00:00,drift,temperature_c,-6.584956716321635
AWS-IND-TN-001,2026-08-28 18:45:00+00:00,drift,temperature_c,-6.584956716321635
AWS-IND-TN-001,2026-08-28 18:50:00+00:00,drift,temperature_c,-6.584956716321635
AWS-IND-TN-001,2026-08-28 18:55:00+00:00,drift,temperature_c,-6.584956716321635
AWS-IND-TN-001,2026-08-28 19:00:00+00:00,drift,temperature_c,-6.584956716321635
AWS-IND-TN-001,2026-08-28 19:05:00+00:00,drift,temperature_c,-6.584956716321635
AWS-IND-TN-001,2026-08-28 19:10:00+00:00,drift,temperature_c,-6.584956716321635
AWS-IND-TN-001,2026-08-28 19:15:00+00:00,drift,temperature_c,-6.584956716321635
AWS-IND-TN-001,2026-08-28 19:20:00+00:00,drift,temperature_c,-6.584956716321635
AWS-IND-TN-001,2026-08-28 19:25:00+00:00,drift,temperature_c,-6.584956716321635
AWS-IND-TN-001,2026-08-28 19:30:00+00:00,drift,temperature_c,-6.584956716321635
AWS-IND-TN-001,2026-08-28 19:35:00+00:00,drift,temperature_c,-6.584956716321635
AWS-IND-TN-001,2026-08-28 19:40:00+00:00,drift,temperature_c,-6.584956716321635
AWS-IND-TN-001,2026-08-28 19:45:00+00:00,drift,temperature_c,-6.584956716321635
AWS-IND-TN-001,2026-08-28 19:50:00+00:00,drift,temperature_c,-6.584956716321635
AWS-IND-TN-001,2026-08-28 19:55:00+00:00,drift,temperature_c,-6.584956716321635
AWS-IND-TN-001,2026-08-28 20:00:00+00:00,drift,temperature_c,-6.584956716321635
AWS-IND-TN-001,2026-08-28 20:05:00+00:00,drift,temperature_c,-6.584956716321635
AWS-IND-TN-001,2026-08-28 20:10:00+00:00,drift,temperature_c,-6.584956716321635
AWS-IND-TN-001,2026-08-28 20:15:00+00:00,drift,temperature_c,-6.584956716321635
AWS-IND-TN-001,2026-08-28 20:20:00+00:00,drift,temperature_c,-6.584956716321635
AWS-IND-TN-001,2026-08-28 20:25:00+00:00,drift,temperature_c,-6.584956716321635
AWS-IND-TN-001,2026-08-28 20:30:00+00:00,drift,temperature_c,-6.584956716321635
AWS-IND-TN-001,2026-08-28 20:35:00+00:00,drift,temperature_c,-6.584956716321635
AWS-IND-TN-001,2026-08-28 20:40:00+00:00,drift,temperature_c,-6.584956716321635
AWS-IND-TN-001,2026-08-28 20:45:00+00:00,drift,temperature_c,-6.584956716321635
AWS-IND-TN-001,2026-08-28 20:50:00+00:00,drift,temperature_c,-6.584956716321635
AWS-IND-TN-001,2026-08-28 20:55:00+00:00,drift,temperature_c,-6.584956716321635
AWS-IND-TN-001,2026-08-28 21:00:00+00:00,drift,temperature_c,-6.584956716321635
AWS-IND-TN-001,2026-08-28 21:05:00+00:00,drift,temperature_c,-6.584956716321635
AWS-IND-TN-001,2026-08-28 21:10:00+00:00,drift,temperature_c,-6.584956716321635
AWS-IND-TN-001,2026-08-28 21:15:00+00:00,drift,temperature_c,-6.584956716321635
AWS-IND-TN-001,2026-08-28 21:20:00+00:00,drift,temperature_c,-6.584956716321635
AWS-IND-TN-001,2026-08-28 21:25:00+00:00,drift,temperature_c,-6.584956716321635
AWS-IND-TN-001,2026-08-28 21:30:00+00:00,drift,temperature_c,-6.584956716321635
AWS-IND-TN-001,2026-08-28 21:35:00+00:00,drift,temperature_c,-6.584956716321635
AWS-IND-TN-001,2026-08-28 21:40:00+00:00,drift,temperature_c,-6.584956716321635
AWS-IND-TN-001,2026-08-28 21:45:00+00:00,drift,temperature_c,-6.584956716321635
AWS-IND-TN-001,2026-08-28 21:50:00+00:00,drift,temperature_c,-6.584956716321635
AWS-IND-TN-001,2026-08-28 21:55:00+00:00,drift,temperature_c,-6.584956716321635
AWS-IND-TN-001,2026-08-28 22:00:00+00:00,none,none,0.0
AWS-IND-TN-001,2026-08-28 22:05:00+00:00,none,none,0.0
AWS-IND-TN-001,2026-08-28 22:10:00+00:00,none,none,0.0
AWS-IND-TN-001,2026-08-28 22:15:00+00:00,none,none,0.0
AWS-IND-TN-001,2026-08-28 22:20:00+00:00,none,none,0.0
AWS-IND-TN-001,2026-08-28 22:25:00+00:00,none,none,0.0
AWS-IND-TN-001,2026-08-28 22:30:00+00:00,none,none,0.0
AWS-IND-TN-001,2026-08-28 22:35:00+00:00,none,none,0.0
AWS-IND-TN-001,2026-08-28 22:40:00+00:00,none,none,0.0
AWS-IND-TN-001,2026-08-28 22:45:00+00:00,none,none,0.0
AWS-IND-TN-001,2026-08-28 22:50:00+00:00,none,none,0.0
AWS-IND-TN-001,2026-08-28 22:55:00+00:00,none,none,0.0
AWS-IND-TN-001,2026-08-28 23:00:00+00:00,none,none,0.0
AWS-IND-TN-001,2026-08-28 23:05:00+00:00,none,none,0.0
AWS-IND-TN-001,2026-08-28 23:10:00+00:00,none,none,0.0
AWS-IND-TN-001,2026-08-28 23:15:00+00:00,none,none,0.0
AWS-IND-TN-001,2026-08-28 23:20:00+00:00,none,none,0.0
AWS-IND-TN-001,2026-08-28 23:25:00+00:00,none,none,0.0
AWS-IND-TN-001,2026-08-28 23:30:00+00:00,none,none,0.0
AWS-IND-TN-001,2026-08-28 23:35:00+00:00,none,none,0.0
AWS-IND-TN-001,2026-08-28 23:40:00+00:00,none,none,0.0
AWS-IND-TN-001,2026-08-28 23:45:00+00:00,none,none,0.0
AWS-IND-TN-001,2026-08-28 23:50:00+00:00,none,none,0.0
AWS-IND-TN-001,2026-08-28 23:55:00+00:00,none,none,0.0
AWS-IND-TN-001,2026-08-29 00:00:00+00:00,none,none,0.0
AWS-IND-TN-001,2026-08-29 00:05:00+00:00,none,none,0.0
AWS-IND-TN-001,2026-08-29 00:10:00+00:00,none,none,0.0
AWS-IND-TN-001,2026-08-29 00:15:00+00:00,none,none,0.0
AWS-IND-TN-001,2026-08-29 00:20:00+00:00,none,none,0.0
AWS-IND-TN-001,2026-08-29 00:25:00+00:00,none,none,0.0
AWS-IND-TN-001,2026-08-29 00:30:00+00:00,none,none,0.0
AWS-IND-TN-001,2026-08-29 00:35:00+00:00,none,none,0.0
AWS-IND-TN-001,2026-08-29 00:40:00+00:00,none,none,0.0
AWS-IND-TN-001,2026-08-29 00:45:00+00:00,none,none,0.0
AWS-IND-TN-001,2026-08-29 00:50:00+00:00,none,none,0.0
AWS-IND-TN-001,2026-08-29 00:55:00+00:00,none,none,0.0
AWS-IND-TN-001,2026-08-29 01:00:00+00:00,none,none,0.0
AWS-IND-TN-001,2026-08-29 01:05:00+00:00,none,none,0.0
AWS-IND-TN-001,2026-08-29 01:10:00+00:00,none,none,0.0
AWS-IND-TN-001,2026-08-29 01:15:00+00:00,none,none,0.0
AWS-IND-TN-001,2026-08-29 01:20:00+00:00,none,none,0.0
AWS-IND-TN-001,2026-08-29 01:25:00+00:00,none,none,0.0
AWS-IND-TN-001,2026-08-29 01:30:00+00:00,none,none,0.0
AWS-IND-TN-001,2026-08-29 01:35:00+00:00,none,none,0.0
AWS-IND-TN-001,2026-08-29 01:40:00+00:00,none,none,0.0
AWS-IND-TN-001,2026-08-29 01:45:00+00:00,none,none,0.0
AWS-IND-TN-001,2026-08-29 01:50:00+00:00,none,none,0.0
AWS-IND-TN-001,2026-08-29 01:55:00+00:00,none,none,0.0
AWS-IND-TN-001,2026-08-29 02:00:00+00:00,none,none,0.0
AWS-IND-TN-001,2026-08-29 02:05:00+00:00,none,none,0.0
AWS-IND-TN-001,2026-08-29 02:10:00+00:00,none,none,0.0
AWS-IND-TN-001,2026-08-29 02:15:00+00:00,none,none,0.0
AWS-IND-TN-001,2026-08-29 02:20:00+00:00,none,none,0.0
AWS-IND-TN-001,2026-08-29 02:25:00+00:00,none,none,0.0
AWS-IND-TN-001,2026-08-29 02:30:00+00:00,none,none,0.0
AWS-IND-TN-001,2026-08-29 02:35:00+00:00,none,none,0.0
AWS-IND-TN-001,2026-08-29 02:40:00+00:00,none,none,0.0
AWS-IND-TN-001,2026-08-29 02:45:00+00:00,none,none,0.0
AWS-IND-TN-001,2026-08-29 02:50:00+00:00,none,none,0.0
AWS-IND-TN-001,2026-08-29 02:55:00+00:00,none,none,0.0
AWS-IND-TN-001,2026-08-29 03:00:00+00:00,none,none,0.0
AWS-IND-TN-001,2026-08-29 03:05:00+00:00,none,none,0.0
AWS-IND-TN-001,2026-08-29 03:10:00+00:00,none,none,0.0
AWS-IND-TN-001,2026-08-29 03:15:00+00:00,none,none,0.0
AWS-IND-TN-001,2026-08-29 03:20:00+00:00,none,none,0.0
AWS-IND-TN-001,2026-08-29 03:25:00+00:00,none,none,0.0
AWS-IND-TN-001,2026-08-29 03:30:00+00:00,none,none,0.0
AWS-IND-TN-001,2026-08-29 03:35:00+00:00,none,none,0.0
AWS-IND-TN-001,2026-08-29 03:40:00+00:00,none,none,0.0
AWS-IND-TN-001,2026-08-29 03:45:00+00:00,none,none,0.0
AWS-IND-TN-001,2026-08-29 03:50:00+00:00,none,none,0.0
AWS-IND-TN-001,2026-08-29 03:55:00+00:00,none,none,0.0
AWS-IND-TN-001,2026-08-29 04:00:00+00:00,none,none,0.0
AWS-IND-TN-001,2026-08-29 04:05:00+00:00,none,none,0.0
AWS-IND-TN-001,2026-08-29 04:10:00+00:00,none,none,0.0
AWS-IND-TN-001,2026-08-29 04:15:00+00:00,none,none,0.0
AWS-IND-TN-001,2026-08-29 04:20:00+00:00,none,none,0.0
AWS-IND-TN-001,2026-08-29 04:25:00+00:00,none,none,0.0
AWS-IND-TN-001,2026-08-29 04:30:00+00:00,none,none,0.0
AWS-IND-TN-001,2026-08-29 04:35:00+00:00,none,none,0.0
AWS-IND-TN-001,2026-08-29 04:40:00+00:00,none,none,0.0
AWS-IND-TN-001,2026-08-29 04:45:00+00:00,none,none,0.0
AWS-IND-TN-001,2026-08-29 04:50:00+00:00,none,none,0.0
AWS-IND-TN-001,2026-08-29 04:55:00+00:00,none,none,0.0
AWS-IND-TN-001,2026-08-29 05:00:00+00:00,none,none,0.0
AWS-IND-TN-001,2026-08-29 05:05:00+00:00,none,none,0.0
AWS-IND-TN-001,2026-08-29 05:10:00+00:00,none,none,0.0
AWS-IND-TN-001,2026-08-29 05:15:00+00:00,none,none,0.0
AWS-IND-TN-001,2026-08-29 05:20:00+00:00,none,none,0.0
AWS-IND-TN-001,2026-08-29 05:25:00+00:00,none,none,0.0
AWS-IND-TN-001,2026-08-29 05:30:00+00:00,none,none,0.0
AWS-IND-TN-001,2026-08-29 05:35:00+00:00,none,none,0.0
AWS-IND-TN-001,2026-08-29 05:40:00+00:00,none,none,0.0
AWS-IND-TN-001,2026-08-29 05:45:00+00:00,none,none,0.0
AWS-IND-TN-001,2026-08-29 05:50:00+00:00,none,none,0.0
AWS-IND-TN-001,2026-08-29 05:55:00+00:00,none,none,0.0
AWS-IND-TN-001,2026-08-29 06:00:00+00:00,none,none,0.0
AWS-IND-TN-001,2026-08-29 06:05:00+00:00,none,none,0.0
AWS-IND-TN-001,2026-08-29 06:10:00+00:00,none,none,0.0
AWS-IND-TN-001,2026-08-29 06:15:00+00:00,none,none,0.0
AWS-IND-TN-001,2026-08-29 06:20:00+00:00,none,none,0.0
AWS-IND-TN-001,2026-08-29 06:25:00+00:00,none,none,0.0
AWS-IND-TN-001,2026-08-29 06:30:00+00:00,none,none,0.0
AWS-IND-TN-001,2026-08-29 06:35:00+00:00,none,none,0.0
AWS-IND-TN-001,2026-08-29 06:40:00+00:00,none,none,0.0
AWS-IND-TN-001,2026-08-29 06:45:00+00:00,none,none,0.0
AWS-IND-TN-001,2026-08-29 06:50:00+00:00,none,none,0.0
AWS-IND-TN-001,2026-08-29 06:55:00+00:00,none,none,0.0
AWS-IND-TN-001,2026-08-29 07:00:00+00:00,none,none,0.0
AWS-IND-TN-001,2026-08-29 07:05:00+00:00,none,none,0.0
AWS-IND-TN-001,2026-08-29 07:10:00+00:00,none,none,0.0
AWS-IND-TN-001,2026-08-29 07:15:00+00:00,none,none,0.0
AWS-IND-TN-001,2026-08-29 07:20:00+00:00,none,none,0.0
AWS-IND-TN-001,2026-08-29 07:25:00+00:00,none,none,0.0
AWS-IND-TN-001,2026-08-29 07:30:00+00:00,none,none,0.0
AWS-IND-TN-001,2026-08-29 07:35:00+00:00,none,none,0.0
AWS-IND-TN-001,2026-08-29 07:40:00+00:00,none,none,0.0
AWS-IND-TN-001,2026-08-29 07:45:00+00:00,none,none,0.0
AWS-IND-TN-001,2026-08-29 07:50:00+00:00,none,none,0.0
AWS-IND-TN-001,2026-08-29 07:55:00+00:00,none,none,0.0
AWS-IND-TN-001,2026-08-29 08:00:00+00:00,none,none,0.0
AWS-IND-TN-001,2026-08-29 08:05:00+00:00,none,none,0.0
AWS-IND-TN-001,2026-08-29 08:10:00+00:00,none,none,0.0
AWS-IND-TN-001,2026-08-29 08:15:00+00:00,none,none,0.0
AWS-IND-TN-001,2026-08-29 08:20:00+00:00,none,none,0.0
AWS-IND-TN-001,2026-08-29 08:25:00+00:00,none,none,0.0
AWS-IND-TN-001,2026-08-29 08:30:00+00:00,none,none,0.0
AWS-IND-TN-001,2026-08-29 08:35:00+00:00,none,none,0.0
AWS-IND-TN-001,2026-08-29 08:40:00+00:00,none,none,0.0
AWS-IND-TN-001,2026-08-29 08:45:00+00:00,none,none,0.0
AWS-IND-TN-001,2026-08-29 08:50:00+00:00,none,none,0.0
AWS-IND-TN-001,2026-08-29 08:55:00+00:00,none,none,0.0
AWS-IND-TN-001,2026-08-29 09:00:00+00:00,none,none,0.0
AWS-IND-TN-001,2026-08-29 09:05:00+00:00,none,none,0.0
AWS-IND-TN-001,2026-08-29 09:10:00+00:00,none,none,0.0
AWS-IND-TN-001,2026-08-29 09:15:00+00:00,none,none,0.0
AWS-IND-TN-001,2026-08-29 09:20:00+00:00,none,none,0.0
AWS-IND-TN-001,2026-08-29 09:25:00+00:00,none,none,0.0
AWS-IND-TN-001,2026-08-29 09:30:00+00:00,none,none,0.0
AWS-IND-TN-001,2026-08-29 09:35:00+00:00,none,none,0.0
AWS-IND-TN-001,2026-08-29 09:40:00+00:00,none,none,0.0
AWS-IND-TN-001,2026-08-29 09:45:00+00:00,none,none,0.0
AWS-IND-TN-001,2026-08-29 09:50:00+00:00,none,none,0.0
AWS-IND-TN-001,2026-08-29 09:55:00+00:00,none,none,0.0
AWS-IND-TN-001,2026-08-29 10:00:00+00:00,none,none,0.0
AWS-IND-TN-001,2026-08-29 10:05:00+00:00,none,none,0.0
AWS-IND-TN-001,2026-08-29 10:10:00+00:00,none,none,0.0
AWS-IND-TN-001,2026-08-29 10:15:00+00:00,spike,pressure_hpa,-42.47311591316186
AWS-IND-TN-001,2026-08-29 10:20:00+00:00,spike,pressure_hpa,-42.47311591316186
AWS-IND-TN-001,2026-08-29 10:25:00+00:00,none,none,0.0
AWS-IND-TN-001,2026-08-29 10:30:00+00:00,none,none,0.0
AWS-IND-TN-001,2026-08-29 10:35:00+00:00,none,none,0.0
AWS-IND-TN-001,2026-08-29 10:40:00+00:00,none,none,0.0
AWS-IND-TN-001,2026-08-29 10:45:00+00:00,none,none,0.0
AWS-IND-TN-001,2026-08-29 10:50:00+00:00,none,none,0.0
AWS-IND-TN-001,2026-08-29 10:55:00+00:00,none,none,0.0
AWS-IND-TN-001,2026-08-29 11:00:00+00:00,none,none,0.0
AWS-IND-TN-001,2026-08-29 11:05:00+00:00,none,none,0.0
AWS-IND-TN-001,2026-08-29 11:10:00+00:00,none,none,0.0
AWS-IND-TN-001,2026-08-29 11:15:00+00:00,none,none,0.0
AWS-IND-TN-001,2026-08-29 11:20:00+00:00,none,none,0.0
AWS-IND-TN-001,2026-08-29 11:25:00+00:00,none,none,0.0
AWS-IND-TN-001,2026-08-29 11:30:00+00:00,none,none,0.0
AWS-IND-TN-001,2026-08-29 11:35:00+00:00,none,none,0.0
AWS-IND-TN-001,2026-08-29 11:40:00+00:00,none,none,0.0
AWS-IND-TN-001,2026-08-29 11:45:00+00:00,none,none,0.0
AWS-IND-TN-001,2026-08-29 11:50:00+00:00,none,none,0.0
AWS-IND-TN-001,2026-08-29 11:55:00+00:00,none,none,0.0
AWS-IND-TN-001,2026-08-29 12:00:00+00:00,none,none,0.0
AWS-IND-TN-001,2026-08-29 12:05:00+00:00,none,none,0.0
AWS-IND-TN-001,2026-08-29 12:10:00+00:00,none,none,0.0
AWS-IND-TN-001,2026-08-29 12:15:00+00:00,none,none,0.0
AWS-IND-TN-001,2026-08-29 12:20:00+00:00,none,none,0.0
AWS-IND-TN-001,2026-08-29 12:25:00+00:00,none,none,0.0
AWS-IND-TN-001,2026-08-29 12:30:00+00:00,none,none,0.0
AWS-IND-TN-001,2026-08-29 12:35:00+00:00,none,none,0.0
AWS-IND-TN-001,2026-08-29 12:40:00+00:00,none,none,0.0
AWS-IND-TN-001,2026-08-29 12:45:00+00:00,none,none,0.0
AWS-IND-TN-001,2026-08-29 12:50:00+00:00,none,none,0.0
AWS-IND-TN-001,2026-08-29 12:55:00+00:00,none,none,0.0
AWS-IND-TN-001,2026-08-29 13:00:00+00:00,none,none,0.0
AWS-IND-TN-001,2026-08-29 13:05:00+00:00,none,none,0.0
AWS-IND-TN-001,2026-08-29 13:10:00+00:00,none,none,0.0
AWS-IND-TN-001,2026-08-29 13:15:00+00:00,none,none,0.0
AWS-IND-TN-001,2026-08-29 13:20:00+00:00,none,none,0.0
AWS-IND-TN-001,2026-08-29 13:25:00+00:00,none,none,0.0
AWS-IND-TN-001,2026-08-29 13:30:00+00:00,none,none,0.0
AWS-IND-TN-001,2026-08-29 13:35:00+00:00,none,none,0.0
AWS-IND-TN-001,2026-08-29 13:40:00+00:00,none,none,0.0
AWS-IND-TN-001,2026-08-29 13:45:00+00:00,none,none,0.0
AWS-IND-TN-001,2026-08-29 13:50:00+00:00,none,none,0.0
AWS-IND-TN-001,2026-08-29 13:55:00+00:00,none,none,0.0
AWS-IND-TN-001,2026-08-29 14:00:00+00:00,none,none,0.0
AWS-IND-TN-001,2026-08-29 14:05:00+00:00,none,none,0.0
AWS-IND-TN-001,2026-08-29 14:10:00+00:00,none,none,0.0
AWS-IND-TN-001,2026-08-29 14:15:00+00:00,none,none,0.0
AWS-IND-TN-001,2026-08-29 14:20:00+00:00,none,none,0.0
AWS-IND-TN-001,2026-08-29 14:25:00+00:00,none,none,0.0
AWS-IND-TN-001,2026-08-29 14:30:00+00:00,none,none,0.0
AWS-IND-TN-001,2026-08-29 14:35:00+00:00,none,none,0.0
AWS-IND-TN-001,2026-08-29 14:40:00+00:00,none,none,0.0
AWS-IND-TN-001,2026-08-29 14:45:00+00:00,none,none,0.0
AWS-IND-TN-001,2026-08-29 14:50:00+00:00,none,none,0.0
AWS-IND-TN-001,2026-08-29 14:55:00+00:00,none,none,0.0
AWS-IND-TN-001,2026-08-29 15:00:00+00:00,none,none,0.0
AWS-IND-TN-001,2026-08-29 15:05:00+00:00,none,none,0.0
AWS-IND-TN-001,2026-08-29 15:10:00+00:00,none,none,0.0
AWS-IND-TN-001,2026-08-29 15:15:00+00:00,none,none,0.0
AWS-IND-TN-001,2026-08-29 15:20:00+00:00,none,none,0.0
AWS-IND-TN-001,2026-08-29 15:25:00+00:00,none,none,0.0
AWS-IND-TN-001,2026-08-29 15:30:00+00:00,none,none,0.0
AWS-IND-TN-001,2026-08-29 15:35:00+00:00,none,none,0.0
AWS-IND-TN-001,2026-08-29 15:40:00+00:00,none,none,0.0
AWS-IND-TN-001,2026-08-29 15:45:00+00:00,none,none,0.0
AWS-IND-TN-001,2026-08-29 15:50:00+00:00,none,none,0.0
AWS-IND-TN-001,2026-08-29 15:55:00+00:00,none,none,0.0
AWS-IND-TN-001,2026-08-29 16:00:00+00:00,none,none,0.0
AWS-IND-TN-001,2026-08-29 16:05:00+00:00,none,none,0.0
AWS-IND-TN-001,2026-08-29 16:10:00+00:00,none,none,0.0
AWS-IND-TN-001,2026-08-29 16:15:00+00:00,none,none,0.0
AWS-IND-TN-001,2026-08-29 16:20:00+00:00,none,none,0.0
AWS-IND-TN-001,2026-08-29 16:25:00+00:00,none,none,0.0
AWS-IND-TN-001,2026-08-29 16:30:00+00:00,none,none,0.0
AWS-IND-TN-001,2026-08-29 16:35:00+00:00,none,none,0.0
AWS-IND-TN-001,2026-08-29 16:40:00+00:00,none,none,0.0
AWS-IND-TN-001,2026-08-29 16:45:00+00:00,none,none,0.0
AWS-IND-TN-001,2026-08-29 16:50:00+00:00,none,none,0.0
AWS-IND-TN-001,2026-08-29 16:55:00+00:00,none,none,0.0
AWS-IND-TN-001,2026-08-29 17:00:00+00:00,none,none,0.0
AWS-IND-TN-001,2026-08-29 17:05:00+00:00,none,none,0.0
AWS-IND-TN-001,2026-08-29 17:10:00+00:00,none,none,0.0
AWS-IND-TN-001,2026-08-29 17:15:00+00:00,none,none,0.0
AWS-IND-TN-001,2026-08-29 17:20:00+00:00,none,none,0.0
AWS-IND-TN-001,2026-08-29 17:25:00+00:00,none,none,0.0
AWS-IND-TN-001,2026-08-29 17:30:00+00:00,none,none,0.0
AWS-IND-TN-001,2026-08-29 17:35:00+00:00,none,none,0.0
AWS-IND-TN-001,2026-08-29 17:40:00+00:00,none,none,0.0
AWS-IND-TN-001,2026-08-29 17:45:00+00:00,none,none,0.0
AWS-IND-TN-001,2026-08-29 17:50:00+00:00,none,none,0.0
AWS-IND-TN-001,2026-08-29 17:55:00+00:00,none,none,0.0
AWS-IND-TN-001,2026-08-29 18:00:00+00:00,none,none,0.0
AWS-IND-TN-001,2026-08-29 18:05:00+00:00,none,none,0.0
AWS-IND-TN-001,2026-08-29 18:10:00+00:00,none,none,0.0
AWS-IND-TN-001,2026-08-29 18:15:00+00:00,none,none,0.0
AWS-IND-TN-001,2026-08-29 18:20:00+00:00,none,none,0.0
AWS-IND-TN-001,2026-08-29 18:25:00+00:00,none,none,0.0
AWS-IND-TN-001,2026-08-29 18:30:00+00:00,none,none,0.0
AWS-IND-TN-001,2026-08-29 18:35:00+00:00,none,none,0.0
AWS-IND-TN-001,2026-08-29 18:40:00+00:00,none,none,0.0
AWS-IND-TN-001,2026-08-29 18:45:00+00:00,none,none,0.0
AWS-IND-TN-001,2026-08-29 18:50:00+00:00,none,none,0.0
AWS-IND-TN-001,2026-08-29 18:55:00+00:00,none,none,0.0
AWS-IND-TN-001,2026-08-29 19:00:00+00:00,none,none,0.0
AWS-IND-TN-001,2026-08-29 19:05:00+00:00,none,none,0.0
AWS-IND-TN-001,2026-08-29 19:10:00+00:00,none,none,0.0
AWS-IND-TN-001,2026-08-29 19:15:00+00:00,none,none,0.0
AWS-IND-TN-001,2026-08-29 19:20:00+00:00,none,none,0.0
AWS-IND-TN-001,2026-08-29 19:25:00+00:00,none,none,0.0
AWS-IND-TN-001,2026-08-29 19:30:00+00:00,none,none,0.0
AWS-IND-TN-001,2026-08-29 19:35:00+00:00,none,none,0.0
AWS-IND-TN-001,2026-08-29 19:40:00+00:00,none,none,0.0
AWS-IND-TN-001,2026-08-29 19:45:00+00:00,none,none,0.0
AWS-IND-TN-001,2026-08-29 19:50:00+00:00,none,none,0.0
AWS-IND-TN-001,2026-08-29 19:55:00+00:00,none,none,0.0
AWS-IND-TN-001,2026-08-29 20:00:00+00:00,none,none,0.0
AWS-IND-TN-001,2026-08-29 20:05:00+00:00,none,none,0.0
AWS-IND-TN-001,2026-08-29 20:10:00+00:00,none,none,0.0
AWS-IND-TN-001,2026-08-29 20:15:00+00:00,none,none,0.0
AWS-IND-TN-001,2026-08-29 20:20:00+00:00,none,none,0.0
AWS-IND-TN-001,2026-08-29 20:25:00+00:00,none,none,0.0
AWS-IND-TN-001,2026-08-29 20:30:00+00:00,none,none,0.0
AWS-IND-TN-001,2026-08-29 20:35:00+00:00,none,none,0.0
AWS-IND-TN-001,2026-08-29 20:40:00+00:00,none,none,0.0
AWS-IND-TN-001,2026-08-29 20:45:00+00:00,none,none,0.0
AWS-IND-TN-001,2026-08-29 20:50:00+00:00,none,none,0.0
AWS-IND-TN-001,2026-08-29 20:55:00+00:00,none,none,0.0
AWS-IND-TN-001,2026-08-29 21:00:00+00:00,none,none,0.0
AWS-IND-TN-001,2026-08-29 21:05:00+00:00,none,none,0.0
AWS-IND-TN-001,2026-08-29 21:10:00+00:00,none,none,0.0
AWS-IND-TN-001,2026-08-29 21:15:00+00:00,none,none,0.0
AWS-IND-TN-001,2026-08-29 21:20:00+00:00,none,none,0.0
AWS-IND-TN-001,2026-08-29 21:25:00+00:00,none,none,0.0
AWS-IND-TN-001,2026-08-29 21:30:00+00:00,none,none,0.0
AWS-IND-TN-001,2026-08-29 21:35:00+00:00,none,none,0.0
AWS-IND-TN-001,2026-08-29 21:40:00+00:00,none,none,0.0
AWS-IND-TN-001,2026-08-29 21:45:00+00:00,none,none,0.0
AWS-IND-TN-001,2026-08-29 21:50:00+00:00,none,none,0.0
AWS-IND-TN-001,2026-08-29 21:55:00+00:00,none,none,0.0
AWS-IND-TN-001,2026-08-29 22:00:00+00:00,none,none,0.0
AWS-IND-TN-001,2026-08-29 22:05:00+00:00,none,none,0.0
AWS-IND-TN-001,2026-08-29 22:10:00+00:00,none,none,0.0
AWS-IND-TN-001,2026-08-29 22:15:00+00:00,none,none,0.0
AWS-IND-TN-001,2026-08-29 22:20:00+00:00,none,none,0.0
AWS-IND-TN-001,2026-08-29 22:25:00+00:00,none,none,0.0
AWS-IND-TN-001,2026-08-29 22:30:00+00:00,none,none,0.0
AWS-IND-TN-001,2026-08-29 22:35:00+00:00,none,none,0.0
AWS-IND-TN-001,2026-08-29 22:40:00+00:00,none,none,0.0
AWS-IND-TN-001,2026-08-29 22:45:00+00:00,none,none,0.0
AWS-IND-TN-001,2026-08-29 22:50:00+00:00,none,none,0.0
AWS-IND-TN-001,2026-08-29 22:55:00+00:00,none,none,0.0
AWS-IND-TN-001,2026-08-29 23:00:00+00:00,spike,humidity_pct,-43.51527645139113
AWS-IND-TN-001,2026-08-29 23:05:00+00:00,spike,humidity_pct,-43.51527645139113
AWS-IND-TN-001,2026-08-29 23:10:00+00:00,none,none,0.0
AWS-IND-TN-001,2026-08-29 23:15:00+00:00,none,none,0.0
AWS-IND-TN-001,2026-08-29 23:20:00+00:00,none,none,0.0
AWS-IND-TN-001,2026-08-29 23:25:00+00:00,none,none,0.0
AWS-IND-TN-001,2026-08-29 23:30:00+00:00,none,none,0.0
AWS-IND-TN-001,2026-08-29 23:35:00+00:00,none,none,0.0
AWS-IND-TN-001,2026-08-29 23:40:00+00:00,none,none,0.0
AWS-IND-TN-001,2026-08-29 23:45:00+00:00,none,none,0.0
AWS-IND-TN-001,2026-08-29 23:50:00+00:00,none,none,0.0
AWS-IND-TN-001,2026-08-29 23:55:00+00:00,none,none,0.0
